econ_ideology,social_ideology,partisan_lean,partisan_strength,turnout_propensity,gender,educ,race,urban_rural
1.0,-0.17782586895436275,1.0,1.0,0.97,1,6,1,2
0.5,-1.0,1.0,1.0,0.97,2,5,1,4
0.0,-1.0,-0.6666666666666666,0.6666666666666666,0.49,1,6,4,2
0.0,0.34132960367870696,0.6666666666666666,0.6666666666666666,0.4099999999999999,1,3,1,4
1.0,1.0,1.0,1.0,0.97,1,1,6,2
0.5,-0.2612983732646129,1.0,1.0,0.37,1,3,1,4
0.0,-1.0,-1.0,1.0,0.97,1,6,1,2
0.5,0.5913615533121189,0.3333333333333333,0.3333333333333333,0.31,2,3,1,2
0.5,0.4057801639338472,0.3333333333333333,0.3333333333333333,0.97,2,3,2,2
-1.0,-0.47405901548390783,-1.0,1.0,0.57,2,5,1,1
-0.5,-0.4795347381102305,-1.0,1.0,0.97,2,5,1,2
0.0,0.07432140741633726,0.0,0.0,0.8,1,4,1,2
-0.5,0.7022897791629097,-0.6666666666666666,0.6666666666666666,0.97,1,2,1,2
0.0,0.891800153559523,-0.3333333333333333,0.3333333333333333,0.97,1,3,1,2
0.5,1.0,0.6666666666666666,0.6666666666666666,0.97,2,3,1,1
-0.5,-0.46008028447093924,-1.0,1.0,0.9400000000000001,2,5,1,3
0.0,1.0,-1.0,1.0,0.97,2,2,3,1
0.5,1.0,0.3333333333333333,0.3333333333333333,0.97,1,3,1,1
0.0,-0.5063585496971066,0.3333333333333333,0.3333333333333333,0.97,2,5,1,2
-0.5,-1.0,-1.0,1.0,0.97,1,6,3,2
0.0,0.4084874623059069,-0.3333333333333333,0.3333333333333333,0.48999999999999994,2,2,1,4
-1.0,0.0718182987188349,-1.0,1.0,0.97,2,3,1,3
0.0,0.4526772708629934,-0.3333333333333333,0.3333333333333333,0.97,2,4,1,4
0.5,0.15780947971214088,0.6666666666666666,0.6666666666666666,0.97,1,6,1,1
-1.0,0.2482426177136173,-1.0,1.0,0.97,1,5,1,1
0.0,0.48788497801828956,-1.0,1.0,0.9400000000000001,1,4,1,1
0.5,0.9853931045889165,1.0,1.0,0.97,2,2,1,2
0.5,-1.0,0.3333333333333333,0.3333333333333333,0.97,2,5,1,2
-1.0,-1.0,-1.0,1.0,0.93,2,6,1,2
0.5,-0.523260607196319,0.3333333333333333,0.3333333333333333,0.92,1,4,1,2
0.0,0.5124027908268457,-0.6666666666666666,0.6666666666666666,0.5299999999999999,2,1,3,4
0.5,-1.0,0.3333333333333333,0.3333333333333333,0.79,1,3,7,3
0.0,0.6135823387765793,-0.6666666666666666,0.6666666666666666,0.5299999999999999,1,2,1,2
-1.0,-0.6773254250219912,-0.6666666666666666,0.6666666666666666,0.97,2,5,2,2
-0.5,-0.6604235392021994,-0.6666666666666666,0.6666666666666666,0.97,2,5,4,2
0.0,-1.0,0.0,0.0,0.93,2,6,1,2
0.5,0.23784276764691875,1.0,1.0,0.97,2,3,1,2
0.5,1.0,1.0,1.0,0.97,1,3,1,2
0.0,-0.6216883941344011,0.3333333333333333,0.3333333333333333,0.97,2,5,1,3
1.0,0.12295253110051106,1.0,1.0,0.97,1,3,1,2
-1.0,-1.0,-1.0,1.0,0.97,2,6,1,3
-1.0,0.884550649498181,-0.6666666666666666,0.6666666666666666,0.97,1,2,1,2
0.0,0.9182456890975939,-0.6666666666666666,0.6666666666666666,0.49,1,2,2,1
0.0,-1.0,-0.6666666666666666,0.6666666666666666,0.97,2,5,1,3
-1.0,-0.4988866039355983,-0.6666666666666666,0.6666666666666666,0.97,1,6,1,2
0.5,0.6789798966365082,1.0,1.0,0.97,1,2,1,2
1.0,0.7466662449609452,1.0,1.0,0.97,1,2,3,1
0.0,-1.0,-0.6666666666666666,0.6666666666666666,0.97,1,6,1,2
-1.0,0.9012482131777835,-1.0,1.0,0.97,1,3,2,1
0.0,-1.0,-0.3333333333333333,0.3333333333333333,0.97,1,5,1,1
0.0,-0.568694814741466,0.0,0.0,0.9,2,5,1,2
0.5,1.0,0.3333333333333333,0.3333333333333333,0.97,2,2,1,1
0.5,0.7142712421857683,1.0,1.0,0.38,1,2,1,3
0.0,0.6837606735293371,0.0,0.0,0.86,1,4,1,3
-0.5,-0.7946481502057272,-1.0,1.0,0.97,2,6,1,3
0.5,1.0,0.6666666666666666,0.6666666666666666,0.88,2,2,1,2
0.5,1.0,1.0,1.0,0.97,1,4,1,2
-1.0,-0.5111305756929407,-1.0,1.0,0.97,2,4,1,4
0.0,-0.8837645827514151,-0.6666666666666666,0.6666666666666666,0.91,2,5,2,3
-0.5,1.0,-1.0,1.0,0.97,1,2,1,2
0.5,0.18365161283501924,0.3333333333333333,0.3333333333333333,0.8800000000000001,1,2,5,3
0.0,0.8958271326958588,-1.0,1.0,0.97,1,3,2,1
0.0,-1.0,0.6666666666666666,0.6666666666666666,0.97,1,6,2,3
0.0,-0.8205456413910795,-0.3333333333333333,0.3333333333333333,0.97,1,6,1,2
0.0,-0.889630897191775,-0.6666666666666666,0.6666666666666666,0.5299999999999999,2,5,4,2
0.0,-0.30550122088606674,-1.0,1.0,0.97,1,2,2,4
0.5,1.0,0.6666666666666666,0.6666666666666666,0.97,2,2,1,2
0.0,-0.13737462264998454,-0.6666666666666666,0.6666666666666666,0.97,2,4,4,2
-0.5,-1.0,-0.3333333333333333,0.3333333333333333,0.97,1,6,1,1
1.0,-1.0,0.3333333333333333,0.3333333333333333,0.97,1,5,1,2
0.5,-0.7276561555949225,0.6666666666666666,0.6666666666666666,0.97,1,5,1,1
-1.0,0.43574911124727583,-1.0,1.0,0.91,2,2,1,2
0.0,1.0,-1.0,1.0,0.97,1,3,1,1
0.0,-1.0,0.3333333333333333,0.3333333333333333,0.48999999999999994,1,6,1,4
1.0,-0.8320917904854285,1.0,1.0,0.97,1,5,1,4
0.5,0.8726341001572572,1.0,1.0,0.97,1,2,1,3
-0.5,0.01558379769575744,-1.0,1.0,0.97,2,5,1,2
0.0,1.0,0.6666666666666666,0.6666666666666666,0.5299999999999999,1,2,1,1
1.0,1.0,1.0,1.0,0.97,2,2,1,2
0.5,0.029997807983383726,1.0,1.0,0.9600000000000001,2,5,1,2
0.0,0.357606279521203,0.6666666666666666,0.6666666666666666,0.9,2,5,1,1
1.0,-1.0,1.0,1.0,0.97,2,6,1,4
1.0,1.0,0.3333333333333333,0.3333333333333333,0.32999999999999996,2,3,1,2
0.0,-1.0,-1.0,1.0,0.97,1,6,1,3
-0.5,-0.27772835976832216,-1.0,1.0,0.97,2,5,1,1
0.0,1.0,0.0,0.0,0.37,1,2,1,1
0.5,1.0,0.6666666666666666,0.6666666666666666,0.87,2,2,1,2
0.0,1.0,-0.6666666666666666,0.6666666666666666,0.97,2,2,4,1
-0.5,-1.0,-0.3333333333333333,0.3333333333333333,0.9500000000000001,2,4,1,3
0.0,-0.2884993569813873,-0.6666666666666666,0.6666666666666666,0.97,2,6,1,2
0.0,0.7063636256009874,-1.0,1.0,0.9,1,2,2,1
0.0,-1.0,-0.6666666666666666,0.6666666666666666,0.97,2,6,1,3
1.0,0.29415079906067243,1.0,1.0,0.97,1,3,1,2
1.0,-0.1118765162950511,1.0,1.0,0.97,1,2,1,4
-0.5,-1.0,0.0,0.0,0.93,1,5,1,2
0.5,0.8787265090402443,1.0,1.0,0.97,2,1,1,4
0.0,0.41199163755885293,-0.6666666666666666,0.6666666666666666,0.97,2,2,1,4
-1.0,-1.0,0.0,0.0,0.93,1,6,1,4
0.0,-0.3528169408998679,-0.6666666666666666,0.6666666666666666,0.97,1,5,1,1
0.5,0.878632830442908,-1.0,1.0,0.97,1,2,1,2
0.0,1.0,1.0,1.0,0.97,2,2,1,1
-0.5,0.27896844211274047,-0.6666666666666666,0.6666666666666666,0.9,2,6,1,1
0.0,-0.64905084512636,-0.3333333333333333,0.3333333333333333,0.36999999999999994,1,3,1,1
1.0,-0.6277134729179573,-0.6666666666666666,0.6666666666666666,0.97,2,5,1,1
0.0,1.0,-0.3333333333333333,0.3333333333333333,0.97,1,1,2,1
0.0,-0.5148374752531135,-1.0,1.0,0.97,2,2,2,4
0.5,-0.6829480955405706,0.0,0.0,0.93,1,5,1,2
0.0,-1.0,-0.6666666666666666,0.6666666666666666,0.97,2,5,2,3
-0.5,0.9761507337187149,-0.6666666666666666,0.6666666666666666,0.97,1,2,2,1
0.5,0.933272821412422,1.0,1.0,0.97,2,2,1,2
0.5,-1.0,0.3333333333333333,0.3333333333333333,0.9400000000000001,2,5,1,4
0.0,-0.6713670618039438,0.0,0.0,0.93,1,5,1,2
0.0,-0.24290223211920106,0.0,0.0,0.25,2,3,1,3
1.0,-1.0,0.3333333333333333,0.3333333333333333,0.97,1,6,1,2
0.5,1.0,-0.6666666666666666,0.6666666666666666,0.33999999999999997,1,1,3,1
-0.5,-1.0,-1.0,1.0,0.97,2,6,1,2
-1.0,0.6595527300244723,-0.3333333333333333,0.3333333333333333,0.78,2,3,1,2
0.5,1.0,0.3333333333333333,0.3333333333333333,0.48999999999999994,1,1,4,2
-0.5,1.0,-1.0,1.0,0.97,2,2,4,2
0.0,-0.17678152898979488,0.0,0.0,0.93,1,4,1,3
-1.0,-0.41510710439967574,-0.3333333333333333,0.3333333333333333,0.97,1,6,1,2
0.5,-0.47568086386542957,-0.6666666666666666,0.6666666666666666,0.42999999999999994,2,2,1,4
0.5,-0.622041550520909,1.0,1.0,0.97,1,3,1,4
1.0,0.24697415916280324,1.0,1.0,0.97,1,2,1,2
0.0,0.046867119895541896,0.3333333333333333,0.3333333333333333,0.97,2,3,1,2
0.0,0.5323110920764437,0.0,0.0,0.93,1,5,1,1
-1.0,-0.6103786463494972,-0.3333333333333333,0.3333333333333333,0.97,1,5,1,4
1.0,-0.24587247175656524,1.0,1.0,0.97,2,4,1,1
-0.5,0.17652729142087617,-0.6666666666666666,0.6666666666666666,0.4099999999999999,1,3,1,2
0.0,0.7992663264247094,-0.6666666666666666,0.6666666666666666,0.95,2,3,1,1
0.5,0.7246952400396796,1.0,1.0,0.97,2,3,1,2
0.0,0.39739913268418436,-1.0,1.0,0.97,1,2,3,1
0.5,-0.9669727006149667,0.3333333333333333,0.3333333333333333,0.97,1,5,3,1
0.0,-0.35032377204386744,0.6666666666666666,0.6666666666666666,0.97,2,6,1,1
0.5,-1.0,0.6666666666666666,0.6666666666666666,0.97,1,4,1,3
-0.5,0.12241568042757622,-0.3333333333333333,0.3333333333333333,0.97,1,4,1,1
-1.0,-0.824138193875952,-0.6666666666666666,0.6666666666666666,0.37,1,4,1,4
-0.5,0.21335718411324522,0.6666666666666666,0.6666666666666666,0.97,2,3,1,3
-1.0,-1.0,-0.3333333333333333,0.3333333333333333,0.8800000000000001,2,5,1,4
0.5,-1.0,1.0,1.0,0.97,2,6,1,4
0.0,0.49872551030748263,-1.0,1.0,0.97,2,2,1,4
0.5,0.08470934337840909,0.3333333333333333,0.3333333333333333,0.48999999999999994,1,4,1,2
0.0,-1.0,-0.6666666666666666,0.6666666666666666,0.97,1,6,1,2
0.0,0.8590876757186834,-0.6666666666666666,0.6666666666666666,0.5299999999999999,2,3,1,1
0.0,-0.22580642887928734,1.0,1.0,0.57,1,3,1,4
1.0,1.0,0.3333333333333333,0.3333333333333333,0.97,2,1,1,4
0.0,-0.19452084680949386,0.0,0.0,0.93,2,6,2,1
1.0,0.6930139548180936,1.0,1.0,0.97,2,2,1,4
0.5,0.5787741918986004,1.0,1.0,0.97,2,2,1,2
1.0,-0.40046014871643343,1.0,1.0,0.9400000000000001,2,5,1,1
0.5,-0.670901564665344,0.6666666666666666,0.6666666666666666,0.97,1,5,4,2
-0.5,-0.6226913441047098,-0.6666666666666666,0.6666666666666666,0.97,1,5,1,2
0.0,-1.0,-1.0,1.0,0.97,1,6,2,1
-1.0,0.11747391655893577,-1.0,1.0,0.9,2,5,3,2
0.0,1.0,0.0,0.0,0.44999999999999996,2,2,1,2
-0.5,0.7388999416367203,0.0,0.0,0.39,1,2,2,2
-1.0,-0.21032041232902893,-0.6666666666666666,0.6666666666666666,0.89,2,5,1,2
-0.5,0.5943696128838026,-0.3333333333333333,0.3333333333333333,0.31,1,2,1,3
0.0,0.9154589212855687,0.3333333333333333,0.3333333333333333,0.48999999999999994,1,1,1,4
-1.0,-0.7108465376113001,-0.6666666666666666,0.6666666666666666,0.86,1,3,1,3
0.5,-0.08140899401415383,0.6666666666666666,0.6666666666666666,0.97,1,3,1,3
-0.5,-0.03539631190754018,-0.3333333333333333,0.3333333333333333,0.48999999999999994,2,3,1,3
0.0,-0.1596684676196321,0.3333333333333333,0.3333333333333333,0.93,1,4,1,3
1.0,-0.39506659844004177,0.0,0.0,0.93,2,4,1,2
-0.5,0.008744279548475436,-1.0,1.0,0.97,1,2,1,1
0.0,-0.6330853139213821,0.0,0.0,0.44999999999999996,2,4,1,2
0.0,-0.03697664976281472,0.0,0.0,0.44999999999999996,1,3,2,3
-0.5,0.39058674868666554,-1.0,1.0,0.97,1,4,3,1
0.5,-0.5073191428237331,0.6666666666666666,0.6666666666666666,0.97,1,5,1,4
0.5,-0.7235227831302993,0.6666666666666666,0.6666666666666666,0.97,1,6,4,2
0.0,0.45999328075633067,0.0,0.0,0.89,2,3,3,2
0.0,1.0,0.0,0.0,0.8300000000000001,2,2,3,1
0.5,-0.027605152675140604,0.6666666666666666,0.6666666666666666,0.97,2,6,1,1
0.5,-0.9173191336444684,1.0,1.0,0.97,1,6,1,1
0.0,-0.19886559285846872,-0.6666666666666666,0.6666666666666666,0.92,2,5,3,1
-1.0,-1.0,0.0,0.0,0.44999999999999996,2,4,1,4
-0.5,0.13766320329865514,-1.0,1.0,0.97,1,6,2,1
-1.0,0.0809112849286907,-1.0,1.0,0.97,2,5,1,1
-1.0,0.949980041636933,-0.3333333333333333,0.3333333333333333,0.78,1,2,3,1
0.5,0.3570767448851924,0.3333333333333333,0.3333333333333333,0.31,1,3,1,2
-1.0,-0.279668198614796,-1.0,1.0,0.97,2,5,1,2
-0.5,-0.13657736371597934,-1.0,1.0,0.97,1,3,1,3
0.5,1.0,-0.6666666666666666,0.6666666666666666,0.97,1,1,1,2
0.0,-0.8908726038106467,0.0,0.0,0.41,2,5,4,2
-1.0,0.11293788299698561,-1.0,1.0,0.97,2,4,1,2
-1.0,0.7715360087872899,0.0,0.0,0.44999999999999996,1,1,1,3
0.0,-1.0,-0.3333333333333333,0.3333333333333333,0.97,1,6,3,2
-0.5,-1.0,-1.0,1.0,0.97,1,5,3,2
1.0,0.9401895682586204,1.0,1.0,0.37,1,2,1,2
0.0,-1.0,-0.6666666666666666,0.6666666666666666,0.95,2,6,5,2
0.5,-0.5959227903798651,1.0,1.0,0.97,1,3,1,4
0.5,-0.44291872403366706,0.6666666666666666,0.6666666666666666,0.97,2,5,1,2
-1.0,-0.03422381915435559,-1.0,1.0,0.97,1,3,1,4
1.0,-0.540847745105599,1.0,1.0,0.97,2,4,1,4
1.0,0.22519180867778835,0.3333333333333333,0.3333333333333333,0.97,1,4,1,2
0.0,-0.6736796195484139,-0.6666666666666666,0.6666666666666666,0.97,1,5,4,2
0.5,-0.24252303999552088,1.0,1.0,0.57,1,2,1,4
-1.0,-0.13100513407257555,-0.3333333333333333,0.3333333333333333,0.79,1,3,3,2
1.0,-1.0,0.3333333333333333,0.3333333333333333,0.97,1,5,1,4
0.5,0.06554000105953672,1.0,1.0,0.97,1,2,1,4
-0.5,-0.055857916780982675,0.0,0.0,0.78,1,4,2,1
1.0,1.0,-1.0,1.0,0.97,1,2,1,1
0.5,-1.0,1.0,1.0,0.97,2,5,1,2
0.0,-0.455046545170022,0.0,0.0,0.76,2,3,1,2
1.0,-1.0,0.0,0.0,0.42,2,6,1,3
0.0,-0.7964243184627581,0.3333333333333333,0.3333333333333333,0.97,2,5,1,2
-1.0,-0.986844208452122,-1.0,1.0,0.9,2,5,4,2
0.0,0.32501351085631197,0.0,0.0,0.44999999999999996,1,2,1,2
1.0,-1.0,0.3333333333333333,0.3333333333333333,0.9600000000000001,1,5,1,4
0.0,1.0,-0.6666666666666666,0.6666666666666666,0.88,2,4,1,1
0.0,0.20551612332969496,-0.6666666666666666,0.6666666666666666,0.97,2,3,1,2
-0.5,-1.0,-1.0,1.0,0.97,2,6,1,4
0.0,0.01544142808312918,0.0,0.0,0.43,1,5,1,2
1.0,-1.0,0.3333333333333333,0.3333333333333333,0.97,2,6,4,2
-0.5,1.0,0.0,0.0,0.37,1,2,6,1
0.0,1.0,0.0,0.0,0.29,2,2,1,2
-1.0,-1.0,-1.0,1.0,0.9500000000000001,1,3,1,2
0.0,-0.056120164838381656,0.6666666666666666,0.6666666666666666,0.5299999999999999,2,3,1,3
1.0,-1.0,1.0,1.0,0.97,1,6,1,4
0.0,1.0,0.0,0.0,0.44999999999999996,2,2,2,1
0.0,-0.16448267997752852,0.0,0.0,0.93,1,2,1,4
0.5,-0.06088375828551633,0.3333333333333333,0.3333333333333333,0.97,2,4,1,3
-1.0,-0.1843123750572018,-1.0,1.0,0.97,2,5,4,1
0.0,0.8431783099318911,0.0,0.0,0.26,2,2,3,1
0.0,-0.03519725373776773,-1.0,1.0,0.97,2,2,2,4
-1.0,0.14512620375672053,-0.6666666666666666,0.6666666666666666,0.88,1,5,1,1
1.0,-1.0,1.0,1.0,0.97,1,5,1,4
-1.0,-1.0,-1.0,1.0,0.9600000000000001,2,5,1,2
-1.0,1.0,-0.3333333333333333,0.3333333333333333,0.77,3,2,1,2
0.5,-0.8245112894535465,0.6666666666666666,0.6666666666666666,0.5299999999999999,1,4,1,3
0.5,0.34505247288157026,1.0,1.0,0.97,2,3,1,2
1.0,-0.7561897601096662,1.0,1.0,0.9500000000000001,2,5,1,2
-1.0,0.2828949855674898,-0.3333333333333333,0.3333333333333333,0.31,2,3,3,3
0.0,1.0,0.0,0.0,0.91,2,1,1,3
1.0,0.7217168429478403,0.0,0.0,0.93,1,3,1,2
0.0,0.10208901117693826,-0.6666666666666666,0.6666666666666666,0.44999999999999996,1,2,5,2
-1.0,-0.249516162475445,-1.0,1.0,0.97,2,2,1,3
-1.0,0.6297725951631361,0.0,0.0,0.36,2,3,3,1
0.0,-1.0,-0.3333333333333333,0.3333333333333333,0.97,1,6,1,5
-1.0,-0.9091564586761528,-0.3333333333333333,0.3333333333333333,0.39999999999999997,2,3,1,3
0.0,1.0,-1.0,1.0,0.97,2,3,1,1
0.5,-0.5152314876844554,0.6666666666666666,0.6666666666666666,0.5299999999999999,1,2,1,4
0.0,-0.12508829747968347,0.0,0.0,0.93,1,4,1,4
0.0,1.0,0.0,0.0,0.44,2,2,1,4
0.5,1.0,1.0,1.0,0.97,1,1,1,1
0.5,1.0,0.3333333333333333,0.3333333333333333,0.97,1,3,4,1
0.5,-0.5917035119095473,1.0,1.0,0.57,1,2,6,4
0.5,-0.2197906639296551,1.0,1.0,0.97,1,5,1,2
1.0,0.6378059672625414,0.3333333333333333,0.3333333333333333,0.97,2,2,1,2
-1.0,0.7505842278412711,-1.0,1.0,0.89,1,2,1,1
0.0,1.0,-1.0,1.0,0.97,2,1,2,2
0.5,-0.3697745943338394,0.6666666666666666,0.6666666666666666,0.5299999999999999,2,5,1,1
0.5,0.7888098904898604,0.6666666666666666,0.6666666666666666,0.97,1,1,1,3
-0.5,1.0,-1.0,1.0,0.97,2,2,1,2
0.5,-0.3571624218553076,0.0,0.0,0.44999999999999996,1,2,1,4
0.0,0.8460427637833264,0.3333333333333333,0.3333333333333333,0.97,1,4,1,2
-1.0,0.6256970267932944,0.6666666666666666,0.6666666666666666,0.97,1,2,1,1
0.0,0.36114308602270423,-0.3333333333333333,0.3333333333333333,0.97,1,4,1,3
1.0,-1.0,1.0,1.0,0.97,1,4,1,4
-0.5,1.0,0.0,0.0,0.36,2,2,3,1
-1.0,0.09962598722718044,-1.0,1.0,0.97,2,4,1,1
0.0,-0.3056993390504236,0.6666666666666666,0.6666666666666666,0.88,1,5,1,1
0.0,-0.12648619308431527,-1.0,1.0,0.97,1,5,1,2
-1.0,-0.6039006042491485,-0.3333333333333333,0.3333333333333333,0.8200000000000001,3,5,1,4
0.5,0.5601137615650457,0.6666666666666666,0.6666666666666666,0.92,2,4,1,2
-0.5,1.0,1.0,1.0,0.91,1,1,4,1
0.5,0.6342169304139784,1.0,1.0,0.57,2,1,1,4
-0.5,-0.4757467589301624,-0.3333333333333333,0.3333333333333333,0.97,2,4,1,2
-0.5,-0.5857457176389526,-0.3333333333333333,0.3333333333333333,0.97,1,4,1,2
1.0,-1.0,1.0,1.0,0.97,1,6,1,2
0.0,-1.0,-1.0,1.0,0.97,2,6,1,2
-0.5,0.9703523378702061,-1.0,1.0,0.97,2,3,3,1
-0.5,-1.0,-0.6666666666666666,0.6666666666666666,0.97,2,3,1,3
1.0,0.875077223842662,1.0,1.0,0.97,2,2,3,2
0.0,1.0,0.0,0.0,0.74,1,3,1,1
-0.5,-0.3802544463169097,-0.3333333333333333,0.3333333333333333,0.97,2,5,1,3
0.0,-0.4324933137711498,0.6666666666666666,0.6666666666666666,0.96,1,5,2,1
0.5,0.5879861676796698,0.0,0.0,0.93,1,2,1,1
0.5,-0.7880689680143914,0.6666666666666666,0.6666666666666666,0.97,1,6,4,2
0.0,0.10458066830123855,0.3333333333333333,0.3333333333333333,0.48999999999999994,1,2,3,1
0.5,-0.3864283020059894,0.6666666666666666,0.6666666666666666,0.97,1,5,1,3
-1.0,0.7271186326346877,-1.0,1.0,0.97,2,3,2,1
0.5,1.0,0.3333333333333333,0.3333333333333333,0.97,1,3,1,1
-0.5,-1.0,-1.0,1.0,0.97,1,5,1,1
-0.5,-0.5473963808014441,-1.0,1.0,0.97,1,6,2,2
0.5,-0.4797971742490404,1.0,1.0,0.97,2,3,1,4
0.0,0.7857163188461688,0.6666666666666666,0.6666666666666666,0.5299999999999999,2,1,1,3
1.0,-1.0,1.0,1.0,0.97,1,5,1,2
-0.5,-0.716695404144059,-1.0,1.0,0.97,2,6,4,2
0.0,1.0,0.0,0.0,0.93,1,2,1,2
0.0,0.3299749543175333,0.3333333333333333,0.3333333333333333,0.97,1,6,1,1
0.5,-0.5001856328044656,0.6666666666666666,0.6666666666666666,0.97,2,6,1,2
-0.5,-0.43706779956627395,1.0,1.0,0.97,2,5,4,1
-0.5,-1.0,-1.0,1.0,0.97,2,5,1,3
1.0,-0.30144760063515696,1.0,1.0,0.97,1,3,1,2
-1.0,1.0,-0.6666666666666666,0.6666666666666666,0.97,2,2,1,1
-1.0,0.008541971567582799,-1.0,1.0,0.97,2,3,1,2
1.0,1.0,1.0,1.0,0.97,1,4,1,1
-0.5,-0.27157011901562667,-0.3333333333333333,0.3333333333333333,0.97,2,5,1,2
-0.5,1.0,-1.0,1.0,0.97,1,3,2,1
0.5,-0.6483016116313385,1.0,1.0,0.97,1,4,1,3
-1.0,0.7641148491653189,-1.0,1.0,0.57,2,3,1,2
0.5,0.4090557269812931,0.6666666666666666,0.6666666666666666,0.5299999999999999,1,3,1,2
-1.0,1.0,-0.3333333333333333,0.3333333333333333,0.48999999999999994,2,2,1,1
1.0,1.0,1.0,1.0,0.92,2,2,1,1
0.0,-0.5026207721018197,-0.6666666666666666,0.6666666666666666,0.97,1,3,3,4
0.5,-1.0,0.3333333333333333,0.3333333333333333,0.97,2,6,1,4
0.0,-0.5942731538686762,0.0,0.0,0.93,2,4,2,4
-0.5,-1.0,-1.0,1.0,0.97,2,6,1,2
0.0,1.0,0.0,0.0,0.86,1,2,1,2
-1.0,0.6009458817169229,0.0,0.0,0.93,2,3,1,1
-0.5,-0.760137588860295,-1.0,1.0,0.97,2,5,2,1
-0.5,1.0,-0.6666666666666666,0.6666666666666666,0.97,2,2,1,3
-1.0,1.0,-1.0,1.0,0.97,2,2,2,2
-0.5,-0.0832014346894683,-1.0,1.0,0.55,1,5,1,2
0.0,-1.0,0.0,0.0,0.93,1,6,1,2
1.0,-0.7050020423044813,1.0,1.0,0.97,2,5,1,2
-0.5,1.0,-0.3333333333333333,0.3333333333333333,0.97,2,1,1,2
1.0,0.35165556528884306,0.6666666666666666,0.6666666666666666,0.85,2,1,3,4
0.5,-0.3370891170254128,0.6666666666666666,0.6666666666666666,0.97,2,3,1,3
1.0,-0.4083403718211107,0.3333333333333333,0.3333333333333333,0.97,1,5,3,4
0.0,-0.632474787338858,-0.6666666666666666,0.6666666666666666,0.9,1,6,1,1
0.5,1.0,0.6666666666666666,0.6666666666666666,0.5299999999999999,2,2,4,2
0.5,-0.2570088825464474,1.0,1.0,0.44999999999999996,1,2,1,3
-0.5,0.6892909962792237,-1.0,1.0,0.97,1,3,2,2
0.5,1.0,0.0,0.0,0.44999999999999996,1,2,1,2
0.0,1.0,0.0,0.0,0.77,1,2,4,1
0.0,-0.2638342767567597,-0.6666666666666666,0.6666666666666666,0.97,1,5,1,1
1.0,-0.0757541681403157,1.0,1.0,0.97,1,1,1,4
-0.5,1.0,-1.0,1.0,0.97,1,3,1,1
0.0,-0.9517105023932512,-1.0,1.0,0.97,1,5,1,2
-0.5,-0.5970841623308706,-1.0,1.0,0.97,1,5,1,2
-1.0,-0.23108670988743563,-0.3333333333333333,0.3333333333333333,0.97,1,3,1,2
1.0,1.0,1.0,1.0,0.97,2,1,1,2
-0.5,-0.8451777508175934,-0.6666666666666666,0.6666666666666666,0.97,2,6,1,3
0.5,0.03863536597962499,0.3333333333333333,0.3333333333333333,0.97,2,2,1,4
0.0,0.2933476047602762,0.0,0.0,0.44999999999999996,1,2,1,2
1.0,0.8016224130389411,0.0,0.0,0.87,2,3,3,3
0.5,-0.7394573846976177,1.0,1.0,0.97,1,5,1,2
-1.0,0.2589091431119015,-0.3333333333333333,0.3333333333333333,0.97,1,3,1,1
-1.0,-1.0,-1.0,1.0,0.97,1,6,4,2
0.5,-1.0,0.6666666666666666,0.6666666666666666,0.97,1,4,1,4
0.0,-0.3466852755126531,0.0,0.0,0.92,1,3,1,2
0.0,0.9944593172478075,0.3333333333333333,0.3333333333333333,0.97,1,2,6,1
1.0,-0.03611086670272849,1.0,1.0,0.97,1,3,1,4
-1.0,0.15990807004066127,-1.0,1.0,0.97,2,4,1,1
0.0,0.6039628453962901,0.6666666666666666,0.6666666666666666,0.97,2,3,1,2
0.5,0.037339562551368215,-0.6666666666666666,0.6666666666666666,0.97,1,3,1,2
1.0,-0.09097741371053862,1.0,1.0,0.97,1,5,3,1
0.0,1.0,0.0,0.0,0.92,2,3,4,1
-0.5,-0.7302962595574998,-0.3333333333333333,0.3333333333333333,0.97,1,5,2,2
-0.5,-0.2852847246626079,-1.0,1.0,0.97,2,4,1,3
0.0,-0.9472948138821462,-0.3333333333333333,0.3333333333333333,0.91,1,5,4,1
-0.5,0.2509459380954872,0.0,0.0,0.81,2,5,1,2
1.0,-0.6776101423827726,1.0,1.0,0.97,2,3,1,4
0.5,0.12464260613404587,0.3333333333333333,0.3333333333333333,0.78,1,3,1,4
0.5,-0.1297439728634321,0.6666666666666666,0.6666666666666666,0.97,2,4,1,2
-1.0,-0.7083819289301659,-1.0,1.0,0.97,2,6,3,2
0.5,0.28730551105388685,0.3333333333333333,0.3333333333333333,0.97,1,4,1,2
0.0,0.2998729508858422,-1.0,1.0,0.97,1,1,1,4
0.5,-0.8181092859819421,0.3333333333333333,0.3333333333333333,0.97,2,5,1,4
0.0,1.0,-0.6666666666666666,0.6666666666666666,0.5299999999999999,1,1,1,1
0.0,1.0,-1.0,1.0,0.97,2,2,3,2
-0.5,-1.0,-1.0,1.0,0.97,2,6,1,2
-1.0,-0.42387691204214034,-1.0,1.0,0.97,2,6,6,1
-1.0,1.0,-1.0,1.0,0.97,1,2,2,1
0.0,-0.9431530538829485,0.3333333333333333,0.3333333333333333,0.97,1,5,1,3
0.0,-0.14716742544311917,0.0,0.0,0.27,1,3,3,2
-1.0,-0.8995387369201736,-1.0,1.0,0.9600000000000001,2,6,1,2
1.0,-0.4038135111626472,1.0,1.0,0.57,1,3,1,4
-1.0,1.0,-0.6666666666666666,0.6666666666666666,0.32999999999999996,2,1,1,2
-1.0,0.4484234684177601,-0.3333333333333333,0.3333333333333333,0.35,2,2,1,3
0.0,1.0,-0.6666666666666666,0.6666666666666666,0.97,2,2,1,1
0.5,-0.8709616783512703,0.0,0.0,0.44999999999999996,1,5,1,2
-1.0,0.7716642957970666,0.0,0.0,0.8500000000000001,1,3,2,1
0.0,0.37137942015669406,0.0,0.0,0.44999999999999996,2,2,1,2
1.0,0.2624035712979671,0.3333333333333333,0.3333333333333333,0.97,1,5,1,3
1.0,1.0,1.0,1.0,0.97,1,2,3,1
-1.0,1.0,-1.0,1.0,0.97,1,2,2,1
-0.5,-0.8361311196066354,-1.0,1.0,0.97,1,6,1,3
-0.5,-1.0,-0.6666666666666666,0.6666666666666666,0.97,2,5,1,1
0.5,-1.0,0.6666666666666666,0.6666666666666666,0.97,2,5,1,2
0.0,1.0,0.0,0.0,0.26,1,1,3,1
-1.0,-0.6686955437981426,-0.3333333333333333,0.3333333333333333,0.35,3,2,1,4
0.0,-1.0,0.0,0.0,0.89,2,6,8,2
0.0,-0.49944291071750135,-1.0,1.0,0.97,1,6,3,1
0.5,1.0,0.3333333333333333,0.3333333333333333,0.9,1,1,1,2
0.0,-1.0,-1.0,1.0,0.97,2,4,6,4
-0.5,1.0,-1.0,1.0,0.97,1,2,2,2
-0.5,-1.0,-1.0,1.0,0.97,2,5,1,4
-0.5,-1.0,-1.0,1.0,0.97,2,5,1,4
-1.0,1.0,-1.0,1.0,0.57,2,2,3,1
-0.5,-0.24307947510649908,-0.3333333333333333,0.3333333333333333,0.97,1,5,1,3
0.5,0.8450638026915662,0.6666666666666666,0.6666666666666666,0.97,2,2,1,2
-0.5,1.0,-0.3333333333333333,0.3333333333333333,0.37999999999999995,1,3,1,2
0.5,0.0021279157482173095,1.0,1.0,0.97,1,3,1,2
0.0,1.0,0.0,0.0,0.93,2,1,3,1
0.5,0.80794514766176,1.0,1.0,0.57,2,3,1,1
0.5,-0.7194032697143697,0.3333333333333333,0.3333333333333333,0.97,2,5,4,2
-1.0,0.20684458097598357,-0.3333333333333333,0.3333333333333333,0.91,1,5,4,1
-0.5,-0.16202200876770254,-0.6666666666666666,0.6666666666666666,0.32999999999999996,2,3,1,3
0.5,-1.0,0.6666666666666666,0.6666666666666666,0.5299999999999999,2,6,1,2
1.0,-1.0,0.0,0.0,0.93,2,5,7,1
0.0,1.0,0.0,0.0,0.44999999999999996,1,3,1,2
-1.0,1.0,-1.0,1.0,0.97,2,2,1,2
0.0,1.0,0.6666666666666666,0.6666666666666666,0.89,1,3,4,2
0.0,-0.07426357043641683,-0.6666666666666666,0.6666666666666666,0.5299999999999999,2,4,1,2
1.0,0.6427240764899106,1.0,1.0,0.42,1,2,1,1
0.0,0.2569865090296114,0.6666666666666666,0.6666666666666666,0.97,2,2,1,3
0.0,0.36303890745315914,0.6666666666666666,0.6666666666666666,0.4099999999999999,1,4,1,1
-0.5,-1.0,-0.6666666666666666,0.6666666666666666,0.97,1,5,1,2
0.5,0.9209270572885797,0.3333333333333333,0.3333333333333333,0.97,1,2,1,4
0.5,0.20661958859657822,1.0,1.0,0.97,2,5,1,3
-1.0,-0.2961413643688071,-1.0,1.0,0.97,2,5,1,2
0.5,0.35133481105377135,-1.0,1.0,0.97,2,4,1,1
0.0,-1.0,-0.6666666666666666,0.6666666666666666,0.97,2,6,2,4
0.5,0.7470101410187587,0.6666666666666666,0.6666666666666666,0.97,1,4,1,2
0.5,-0.8691859360523477,0.6666666666666666,0.6666666666666666,0.91,2,4,1,4
0.0,1.0,0.0,0.0,0.39,1,2,5,1
-1.0,-0.7768608404428914,-1.0,1.0,0.97,2,6,4,2
-1.0,1.0,-1.0,1.0,0.97,2,1,3,1
-1.0,-0.47017028739842576,-1.0,1.0,0.93,1,5,1,2
0.0,-0.2801536816789124,0.6666666666666666,0.6666666666666666,0.32999999999999996,2,2,2,3
1.0,1.0,0.3333333333333333,0.3333333333333333,0.48999999999999994,2,2,1,1
0.5,0.00039254835680580734,0.6666666666666666,0.6666666666666666,0.97,2,2,1,4
-0.5,-0.782981432800974,-1.0,1.0,0.97,2,5,1,4
1.0,0.31155840262972256,1.0,1.0,0.97,2,3,1,2
-0.5,-1.0,-1.0,1.0,0.9500000000000001,1,6,1,3
0.5,-1.0,1.0,1.0,0.97,1,5,1,4
-1.0,-0.6305703434597035,-0.3333333333333333,0.3333333333333333,0.97,2,6,1,2
0.5,-0.8869419804716728,1.0,1.0,0.86,1,3,1,4
-0.5,-0.3806311949022215,-1.0,1.0,0.97,2,5,1,1
0.0,-0.6068882006842519,-1.0,1.0,0.9500000000000001,2,6,1,1
-0.5,-0.3633598925995333,-1.0,1.0,0.97,2,3,1,4
-1.0,-1.0,-1.0,1.0,0.91,2,5,1,1
0.0,0.2358379744799463,-1.0,1.0,0.97,1,4,3,1
-0.5,-0.12970363577897734,-0.6666666666666666,0.6666666666666666,0.5299999999999999,2,5,2,2
0.5,1.0,1.0,1.0,0.9600000000000001,2,2,1,1
0.0,-0.06279071918302848,0.0,0.0,0.44999999999999996,1,2,1,4
1.0,0.5024630715720285,0.3333333333333333,0.3333333333333333,0.41,1,3,1,2
-0.5,0.8332738369712602,-1.0,1.0,0.97,2,2,2,2
-1.0,-0.666347435013842,-1.0,1.0,0.97,1,5,1,1
0.0,0.8803324415002605,-1.0,1.0,0.44,1,2,2,2
-0.5,0.3968122194955511,-0.6666666666666666,0.6666666666666666,0.91,1,5,1,1
0.5,-1.0,0.6666666666666666,0.6666666666666666,0.97,2,6,1,4
1.0,1.0,1.0,1.0,0.97,1,1,1,2
0.0,0.5959898865749695,0.3333333333333333,0.3333333333333333,0.97,1,2,2,1
0.0,1.0,0.0,0.0,0.8,1,3,3,1
0.0,-1.0,0.0,0.0,0.8500000000000001,2,5,1,3
-0.5,-0.5716592845907139,-1.0,1.0,0.97,2,5,2,1
-0.5,1.0,-0.6666666666666666,0.6666666666666666,0.85,2,2,1,1
-1.0,-0.6970981636760853,-1.0,1.0,0.57,2,4,1,2
0.5,0.7788042695143735,1.0,1.0,0.57,2,2,1,1
0.0,-1.0,-1.0,1.0,0.97,1,3,1,4
-1.0,-0.08287118247634138,-0.3333333333333333,0.3333333333333333,0.97,1,2,6,3
-0.5,0.7078513406417769,-1.0,1.0,0.97,2,3,1,3
0.5,-0.8119954625972936,1.0,1.0,0.97,1,3,1,4
0.5,1.0,0.3333333333333333,0.3333333333333333,0.97,1,2,1,1
0.5,-1.0,0.0,0.0,0.93,1,6,1,3
-0.5,-0.6306875653993785,-1.0,1.0,0.97,1,6,4,2
0.0,0.36059859744787864,1.0,1.0,0.97,1,2,1,2
-0.5,-0.9487971089111814,-1.0,1.0,0.97,2,5,1,3
0.0,-1.0,0.3333333333333333,0.3333333333333333,0.97,1,6,1,2
0.0,1.0,0.0,0.0,0.93,1,2,1,2
0.0,-0.698485486647549,0.6666666666666666,0.6666666666666666,0.94,1,6,1,2
0.0,-0.25612672772745443,0.6666666666666666,0.6666666666666666,0.5299999999999999,1,2,1,4
0.5,-0.18756243277278647,1.0,1.0,0.97,2,5,1,2
-0.5,0.5153681550435614,-1.0,1.0,0.97,2,6,1,1
0.0,-1.0,-0.3333333333333333,0.3333333333333333,0.97,2,5,1,4
-0.5,0.87910999463563,-0.6666666666666666,0.6666666666666666,0.97,2,2,1,1
0.0,-0.1293194422783348,0.6666666666666666,0.6666666666666666,0.97,1,3,1,3
-1.0,1.0,-1.0,1.0,0.97,2,2,3,1
-0.5,-0.7821765579021356,-1.0,1.0,0.97,1,6,2,1
0.5,-0.2677035835386656,1.0,1.0,0.97,2,3,1,2
0.0,1.0,-1.0,1.0,0.97,2,2,1,1
1.0,-1.0,0.3333333333333333,0.3333333333333333,0.48999999999999994,2,5,4,2
1.0,-0.6524344405325838,0.3333333333333333,0.3333333333333333,0.48999999999999994,4,5,7,2
0.0,-0.42020611406966313,-1.0,1.0,0.97,2,5,2,3
-1.0,-0.5631487195973256,-1.0,1.0,0.97,2,5,1,2
1.0,-0.9413207600674286,0.6666666666666666,0.6666666666666666,0.97,2,3,1,4
1.0,0.13105682837772425,1.0,1.0,0.37,1,3,1,1
0.0,-1.0,0.3333333333333333,0.3333333333333333,0.97,2,6,1,4
0.0,0.4417442592469079,-0.6666666666666666,0.6666666666666666,0.97,2,3,2,1
1.0,1.0,1.0,1.0,0.97,1,1,1,2
-0.5,-1.0,-0.6666666666666666,0.6666666666666666,0.92,2,6,2,1
0.5,0.9644045303227309,0.6666666666666666,0.6666666666666666,0.5299999999999999,1,1,1,4
0.0,0.8999562879216038,-0.3333333333333333,0.3333333333333333,0.31,2,3,3,1
0.0,0.456727227562337,0.0,0.0,0.93,1,4,2,1
0.5,-0.2727931126537274,0.0,0.0,0.44999999999999996,2,6,3,2
0.0,0.669521828789599,0.0,0.0,0.44999999999999996,1,2,1,2
0.5,-0.38606250638636486,0.6666666666666666,0.6666666666666666,0.5299999999999999,2,3,6,3
0.5,0.12953608592527965,1.0,1.0,0.97,1,3,1,2
-0.5,0.7983183755707781,-0.3333333333333333,0.3333333333333333,0.97,1,2,1,2
-1.0,-0.5950657626517248,-1.0,1.0,0.97,2,5,3,2
0.0,0.04110082745065084,0.0,0.0,0.44999999999999996,1,2,1,3
0.0,-1.0,-0.3333333333333333,0.3333333333333333,0.8200000000000001,2,5,1,4
-1.0,-0.8418550900212861,-1.0,1.0,0.97,2,5,1,2
-1.0,-0.35834491969382026,-1.0,1.0,0.97,2,5,1,2
0.5,1.0,-0.6666666666666666,0.6666666666666666,0.97,4,2,2,1
-0.5,0.5648555058168979,-1.0,1.0,0.97,2,4,2,2
-1.0,1.0,0.0,0.0,0.36,1,2,1,1
-0.5,-0.6307925766619865,-1.0,1.0,0.97,2,6,1,2
1.0,0.17869653090179258,1.0,1.0,0.97,1,5,6,2
0.0,0.33759234351137796,0.6666666666666666,0.6666666666666666,0.97,2,4,1,2
1.0,0.8929898581247616,1.0,1.0,0.39,1,3,2,3
0.0,-0.057609541469190985,-0.6666666666666666,0.6666666666666666,0.97,2,6,2,2
0.0,0.07246185486396144,0.0,0.0,0.44999999999999996,1,3,3,4
-0.5,-0.23650109111654988,-1.0,1.0,0.44999999999999996,1,6,6,1
0.0,-0.5949300573873852,0.3333333333333333,0.3333333333333333,0.97,2,4,1,3
-1.0,0.3353324335815538,-1.0,1.0,0.97,1,4,2,1
0.5,0.36005371561356836,0.0,0.0,0.93,1,1,1,4
0.0,0.2010347534933627,0.6666666666666666,0.6666666666666666,0.41999999999999993,2,5,1,1
-1.0,0.46100660210660044,-1.0,1.0,0.87,1,3,4,1
0.5,-1.0,1.0,1.0,0.97,2,6,1,3
1.0,-0.8195759177980816,0.0,0.0,0.44999999999999996,1,3,2,2
-0.5,1.0,-0.6666666666666666,0.6666666666666666,0.82,2,2,3,2
0.5,0.2412631767989057,0.3333333333333333,0.3333333333333333,0.97,1,4,1,1
0.5,0.7766962526092334,0.0,0.0,0.93,2,1,1,4
-0.5,1.0,-1.0,1.0,0.89,2,3,1,2
0.0,1.0,0.6666666666666666,0.6666666666666666,0.43999999999999995,1,2,1,2
0.5,0.3314416289352598,0.3333333333333333,0.3333333333333333,0.97,1,3,1,4
0.0,-0.7772652925199969,-1.0,1.0,0.97,2,5,1,1
0.5,-0.13257586546565414,0.6666666666666666,0.6666666666666666,0.91,2,5,1,4
1.0,-0.45866938064218593,1.0,1.0,0.97,2,6,7,2
0.0,0.9491356890839312,-1.0,1.0,0.97,1,3,1,1
-0.5,1.0,-1.0,1.0,0.9600000000000001,2,3,1,2
-0.5,-1.0,-0.6666666666666666,0.6666666666666666,0.96,2,5,1,2
0.0,-0.5184359601958971,0.0,0.0,0.44999999999999996,1,2,1,5
0.0,0.7534913251316239,0.0,0.0,0.44999999999999996,1,3,1,3
-0.5,-0.9853565985657906,-0.6666666666666666,0.6666666666666666,0.83,2,3,2,3
1.0,-0.25298822860508036,1.0,1.0,0.97,2,5,1,2
-1.0,0.15425911602448142,-1.0,1.0,0.57,1,5,4,1
0.5,1.0,0.0,0.0,0.81,1,4,7,1
1.0,-1.0,-1.0,1.0,0.44,1,5,2,2
-0.5,1.0,-0.6666666666666666,0.6666666666666666,0.82,1,3,1,1
0.5,0.6056272644450456,0.3333333333333333,0.3333333333333333,0.97,2,2,1,2
-0.5,1.0,-0.6666666666666666,0.6666666666666666,0.51,2,2,3,1
-1.0,-0.5864822927553313,1.0,1.0,0.97,2,2,1,4
-0.5,-1.0,0.0,0.0,0.93,2,5,1,2
0.5,1.0,1.0,1.0,0.97,1,2,1,2
0.0,0.25516654709900477,0.0,0.0,0.93,1,3,1,1
0.0,-0.1585570265442575,-0.6666666666666666,0.6666666666666666,0.93,2,5,4,2
0.5,-0.3530581367220287,0.3333333333333333,0.3333333333333333,0.97,1,3,1,3
0.0,0.26242575916421806,0.0,0.0,0.93,2,2,1,2
-0.5,0.14001465891369302,-1.0,1.0,0.86,2,3,1,2
-1.0,-0.3704849804033681,-1.0,1.0,0.97,2,5,4,2
0.5,-1.0,0.3333333333333333,0.3333333333333333,0.97,1,4,1,4
0.0,-0.9514320799606727,0.0,0.0,0.93,1,5,4,3
1.0,-0.6639417029233937,1.0,1.0,0.97,2,6,1,2
0.5,0.5634863423047666,0.0,0.0,0.44999999999999996,1,3,1,3
-1.0,-1.0,-1.0,1.0,0.97,2,6,1,2
0.0,-0.13116601847846912,-1.0,1.0,0.97,2,3,1,2
-1.0,-0.5674790826665699,-1.0,1.0,0.97,1,6,1,1
0.0,-1.0,0.6666666666666666,0.6666666666666666,0.97,2,5,2,4
0.5,-1.0,0.6666666666666666,0.6666666666666666,0.97,1,3,1,4
0.0,0.4317390608035224,0.0,0.0,0.93,2,2,1,2
0.0,-0.32244087175028824,0.0,0.0,0.27,1,2,1,4
0.5,0.7301461125642765,0.6666666666666666,0.6666666666666666,0.5299999999999999,2,3,1,1
-0.5,-0.9469349327428314,-1.0,1.0,0.97,2,5,1,2
0.0,1.0,-1.0,1.0,0.97,2,2,2,1
0.0,0.05652504280932446,1.0,1.0,0.97,1,2,1,2
0.5,-0.8946069224418028,0.6666666666666666,0.6666666666666666,0.97,1,4,1,2
1.0,0.2418468379686462,1.0,1.0,0.88,2,3,3,2
0.0,-0.03701819545251578,0.0,0.0,0.44999999999999996,1,2,1,4
-1.0,-0.3466882951467088,-1.0,1.0,0.87,2,3,1,2
0.0,1.0,0.0,0.0,0.93,1,1,2,1
0.5,-1.0,-1.0,1.0,0.93,1,4,1,4
0.0,-0.7538280375470436,-0.6666666666666666,0.6666666666666666,0.97,1,5,1,2
-0.5,0.49693637088633186,-0.3333333333333333,0.3333333333333333,0.32999999999999996,2,3,6,2
0.0,-0.8947087372211893,0.0,0.0,0.93,2,5,1,2
0.0,1.0,0.3333333333333333,0.3333333333333333,0.97,1,2,1,1
1.0,0.31158913417240586,1.0,1.0,0.97,2,2,1,4
-0.5,-0.3686132331735748,0.0,0.0,0.44999999999999996,2,2,4,4
1.0,0.4668100249791042,0.0,0.0,0.93,1,3,1,2
0.5,-0.3618942012846946,1.0,1.0,0.97,2,3,1,4
0.0,1.0,-0.6666666666666666,0.6666666666666666,0.97,1,3,2,1
0.5,0.10190470252530785,0.3333333333333333,0.3333333333333333,0.97,1,3,1,2
-0.5,1.0,-0.3333333333333333,0.3333333333333333,0.48999999999999994,1,2,1,1
1.0,-1.0,1.0,1.0,0.97,2,5,1,4
0.5,-0.18613958087427918,1.0,1.0,0.97,1,5,1,3
-1.0,0.13057986450632927,-0.3333333333333333,0.3333333333333333,0.97,1,5,1,2
1.0,-1.0,1.0,1.0,0.97,1,5,1,4
0.5,0.7616878142047737,0.6666666666666666,0.6666666666666666,0.97,1,2,1,2
-0.5,1.0,-1.0,1.0,0.97,2,1,3,2
0.0,0.26228102261325487,0.0,0.0,0.44999999999999996,2,4,6,1
1.0,1.0,1.0,1.0,0.97,2,2,1,2
0.0,0.4583862964141921,0.3333333333333333,0.3333333333333333,0.97,2,3,1,2
0.0,1.0,-0.6666666666666666,0.6666666666666666,0.5299999999999999,2,1,3,1
1.0,0.6580638444399016,0.6666666666666666,0.6666666666666666,0.32999999999999996,1,2,1,2
0.0,1.0,0.0,0.0,0.29,2,1,6,1
-0.5,0.1670631924534927,-0.6666666666666666,0.6666666666666666,0.47,2,5,2,1
1.0,-1.0,1.0,1.0,0.97,2,6,1,2
0.0,1.0,-1.0,1.0,0.89,1,3,1,1
0.0,-1.0,0.3333333333333333,0.3333333333333333,0.48999999999999994,2,5,4,2
1.0,-0.5406205924706057,1.0,1.0,0.97,1,6,1,1
0.0,-0.003428256272654574,0.0,0.0,0.93,2,6,4,1
1.0,-1.0,1.0,1.0,0.97,2,4,1,2
-0.5,-0.33165609048873923,-1.0,1.0,0.97,2,5,2,4
0.0,-0.3485266100048915,-0.3333333333333333,0.3333333333333333,0.8300000000000001,1,5,3,1
0.0,0.4912723327020771,-1.0,1.0,0.97,1,3,2,2
0.0,0.3553028456375402,1.0,1.0,0.97,2,2,1,4
0.0,0.37638873316040194,0.0,0.0,0.93,1,3,1,3
-0.5,1.0,-0.6666666666666666,0.6666666666666666,0.97,2,2,1,1
0.5,-0.9278851277806744,0.0,0.0,0.93,1,6,1,3
1.0,0.3277976431670137,1.0,1.0,0.97,1,2,1,4
-0.5,1.0,-0.6666666666666666,0.6666666666666666,0.37,2,2,1,2
0.5,1.0,0.6666666666666666,0.6666666666666666,0.97,2,3,3,1
1.0,1.0,1.0,1.0,0.97,1,3,1,2
0.5,1.0,1.0,1.0,0.97,1,3,1,1
1.0,-1.0,0.3333333333333333,0.3333333333333333,0.97,1,5,1,1
0.0,0.7637140027594305,-1.0,1.0,0.97,2,6,1,1
0.5,0.5376767369858146,0.6666666666666666,0.6666666666666666,0.93,2,3,6,1
0.0,0.720286654420638,-0.3333333333333333,0.3333333333333333,0.41,1,4,3,2
-0.5,-0.11112936600921615,-0.6666666666666666,0.6666666666666666,0.97,2,5,1,1
-1.0,1.0,0.0,0.0,0.44999999999999996,1,2,1,3
0.5,-0.0044970246420520275,-1.0,1.0,0.97,2,4,2,1
-1.0,0.3236744383300315,-1.0,1.0,0.44,1,3,3,3
-1.0,0.284223416428452,-1.0,1.0,0.97,2,3,1,2
-1.0,0.7039728408534923,-0.3333333333333333,0.3333333333333333,0.8500000000000001,2,5,1,1
-1.0,-0.37708301720884474,-0.3333333333333333,0.3333333333333333,0.9600000000000001,1,6,3,1
0.0,-0.4779108898781532,-1.0,1.0,0.9600000000000001,1,5,1,3
0.0,-0.29712973907276286,0.0,0.0,0.32,1,3,2,1
-1.0,-0.6523743519844878,-0.3333333333333333,0.3333333333333333,0.97,2,6,1,1
1.0,-0.3317075072806087,1.0,1.0,0.97,2,5,1,2
0.5,-0.9121112915267564,0.3333333333333333,0.3333333333333333,0.97,1,6,4,2
1.0,0.9219063006785883,1.0,1.0,0.86,2,3,1,2
0.0,-0.7394429532933465,0.3333333333333333,0.3333333333333333,0.8500000000000001,2,5,1,2
0.5,-0.09957997115089728,1.0,1.0,0.48,1,5,2,1
1.0,0.6153713615436984,1.0,1.0,0.97,2,3,1,3
-0.5,-1.0,-1.0,1.0,0.97,2,5,1,2
0.0,1.0,0.0,0.0,0.93,2,2,1,2
0.0,-0.7226287949120409,-0.3333333333333333,0.3333333333333333,0.97,2,5,1,2
1.0,-0.4238586723451611,1.0,1.0,0.97,1,2,1,4
0.0,-0.792669251735935,-0.6666666666666666,0.6666666666666666,0.97,2,5,2,3
-0.5,1.0,1.0,1.0,0.9500000000000001,1,3,3,1
0.5,-0.0016187976616928374,1.0,1.0,0.97,2,5,1,2
0.0,-0.01572979653365091,0.0,0.0,0.93,1,2,1,4
0.0,1.0,-0.6666666666666666,0.6666666666666666,0.97,1,1,3,1
1.0,-0.9356522245766916,1.0,1.0,0.97,1,5,1,4
0.0,0.7933977539242899,-1.0,1.0,0.97,2,3,3,1
0.0,0.47532540706773346,0.0,0.0,0.37,1,3,3,1
0.5,0.08360329747170611,0.6666666666666666,0.6666666666666666,0.35,1,3,1,2
1.0,0.9172966788589704,1.0,1.0,0.97,1,2,1,3
-0.5,0.33490732868531314,-1.0,1.0,0.97,2,4,3,1
-1.0,0.35004349459385825,-1.0,1.0,0.97,2,2,2,2
0.5,-0.5277219164568312,0.0,0.0,0.93,1,4,1,1
-0.5,0.31161523548013964,-0.6666666666666666,0.6666666666666666,0.97,2,5,1,1
0.0,-0.412325591470998,1.0,1.0,0.97,1,5,4,1
-1.0,-0.37380346656933683,-1.0,1.0,0.9,2,5,3,2
0.5,0.5258003357449911,0.0,0.0,0.93,1,5,1,1
0.5,-1.0,1.0,1.0,0.97,2,6,1,2
-0.5,-0.45072030586893946,-1.0,1.0,0.97,2,3,1,4
-0.5,0.749642930548468,0.6666666666666666,0.6666666666666666,0.5299999999999999,1,3,3,1
0.5,1.0,0.3333333333333333,0.3333333333333333,0.97,1,2,1,1
-0.5,1.0,-0.3333333333333333,0.3333333333333333,0.81,1,3,1,1
-1.0,-0.8233260009872768,-0.3333333333333333,0.3333333333333333,0.9600000000000001,1,5,6,1
0.0,0.7163942445000839,0.3333333333333333,0.3333333333333333,0.8800000000000001,1,3,1,2
0.5,1.0,1.0,1.0,0.97,1,1,1,3
-0.5,-0.705309131135727,-1.0,1.0,0.97,1,6,2,1
1.0,-0.6194746176614455,1.0,1.0,0.9400000000000001,2,5,1,2
0.5,-0.3275602193957502,0.3333333333333333,0.3333333333333333,0.97,1,5,1,2
0.0,1.0,-0.3333333333333333,0.3333333333333333,0.31999999999999995,1,3,2,1
0.5,0.24074813141457113,0.0,0.0,0.93,2,4,7,2
-0.5,1.0,-1.0,1.0,0.97,2,2,2,1
1.0,-1.0,1.0,1.0,0.97,1,6,1,1
0.0,-0.5095243107673348,0.0,0.0,0.93,1,6,1,2
0.0,-0.4168312128614399,-0.3333333333333333,0.3333333333333333,0.97,2,6,1,2
-0.5,-0.449581381008662,-0.6666666666666666,0.6666666666666666,0.97,2,5,1,2
0.0,-0.7293952121008305,0.6666666666666666,0.6666666666666666,0.97,2,2,1,4
0.5,-0.6676938017526759,1.0,1.0,0.97,2,6,1,1
-1.0,0.03702807829348949,-1.0,1.0,0.9,2,4,1,2
0.0,-1.0,0.0,0.0,0.93,2,5,1,2
0.0,-0.7364149942420941,0.3333333333333333,0.3333333333333333,0.97,1,5,1,2
-1.0,-0.7450122795686794,-0.6666666666666666,0.6666666666666666,0.82,1,3,1,3
-0.5,-0.22839434522053254,-1.0,1.0,0.9400000000000001,2,5,1,2
-0.5,-0.46015085124348515,-1.0,1.0,0.97,1,5,1,2
0.0,-1.0,-0.3333333333333333,0.3333333333333333,0.93,1,5,4,2
0.5,-0.36273537705570175,0.6666666666666666,0.6666666666666666,0.43999999999999995,1,5,1,2
0.5,0.8697444633119071,1.0,1.0,0.97,2,2,1,2
-0.5,1.0,-1.0,1.0,0.97,1,2,1,2
-0.5,-0.33080223131515235,-0.6666666666666666,0.6666666666666666,0.97,1,5,1,1
-0.5,0.47854276362549336,-1.0,1.0,0.97,1,2,1,2
0.5,-0.9520867765902952,1.0,1.0,0.97,2,5,7,2
0.0,0.19471398423412511,-0.6666666666666666,0.6666666666666666,0.97,2,2,1,3
0.0,1.0,-1.0,1.0,0.97,2,1,3,1
-0.5,-0.04750273161710908,-0.6666666666666666,0.6666666666666666,0.86,2,5,1,1
0.0,-0.647449476304693,-0.6666666666666666,0.6666666666666666,0.97,2,5,3,2
0.5,1.0,0.0,0.0,0.93,2,2,1,1
0.5,1.0,0.6666666666666666,0.6666666666666666,0.97,1,1,4,2
0.0,0.2873291197542876,-0.3333333333333333,0.3333333333333333,0.97,1,6,1,2
0.0,-0.5299253442145698,-0.3333333333333333,0.3333333333333333,0.97,1,5,1,1
-0.5,-0.41820360979962473,0.6666666666666666,0.6666666666666666,0.48,1,5,7,1
-1.0,0.7001443205351748,-1.0,1.0,0.9600000000000001,2,6,1,2
1.0,0.2763053652294748,0.3333333333333333,0.3333333333333333,0.97,2,2,1,4
0.5,0.17475799312474885,-0.6666666666666666,0.6666666666666666,0.97,2,2,1,2
-1.0,0.4977363578874249,-0.3333333333333333,0.3333333333333333,0.8600000000000001,1,2,2,4
0.0,0.8436342880366408,-1.0,1.0,0.57,2,2,1,1
0.0,1.0,-1.0,1.0,0.97,2,1,1,2
1.0,0.7886373459476841,0.6666666666666666,0.6666666666666666,0.5299999999999999,1,2,3,2
-1.0,-0.3561464985714338,1.0,1.0,0.89,2,5,1,1
0.0,-0.06424566750795241,-1.0,1.0,0.97,1,4,3,4
0.0,1.0,-0.3333333333333333,0.3333333333333333,0.3,2,3,2,1
0.5,1.0,1.0,1.0,0.97,1,2,1,2
-1.0,1.0,-1.0,1.0,0.97,1,2,1,1
1.0,-0.17816711903297133,1.0,1.0,0.97,1,2,1,4
0.0,0.4363981819529738,0.0,0.0,0.35,1,1,2,5
-0.5,1.0,0.6666666666666666,0.6666666666666666,0.97,1,2,1,1
1.0,0.005695080123376723,1.0,1.0,0.97,1,4,1,2
0.0,1.0,-0.3333333333333333,0.3333333333333333,0.97,1,2,1,1
-0.5,0.32141181400021973,-0.6666666666666666,0.6666666666666666,0.97,2,5,1,1
0.5,0.58863703968973,0.6666666666666666,0.6666666666666666,0.97,2,2,1,3
1.0,0.971340043187583,1.0,1.0,0.97,1,3,1,1
0.0,1.0,0.3333333333333333,0.3333333333333333,0.97,1,1,1,2
1.0,-0.6018339706425947,1.0,1.0,0.97,1,2,1,4
0.0,-0.47431664588441824,0.0,0.0,0.93,1,3,1,4
1.0,-0.49128781995750614,-1.0,1.0,0.9400000000000001,1,6,1,1
1.0,0.1986836011725852,1.0,1.0,0.97,2,3,1,2
1.0,-0.24969536190726693,0.3333333333333333,0.3333333333333333,0.97,1,3,1,4
-1.0,-0.9582075567229744,-0.3333333333333333,0.3333333333333333,0.97,3,5,1,3
-1.0,0.8234638020388162,-1.0,1.0,0.97,2,3,1,2
0.5,0.3432971786200443,0.3333333333333333,0.3333333333333333,0.97,1,3,1,3
1.0,0.02271709558426201,0.0,0.0,0.93,1,4,1,2
0.0,-1.0,-0.6666666666666666,0.6666666666666666,0.97,2,6,1,1
0.5,-0.45114422818632427,0.3333333333333333,0.3333333333333333,0.97,2,5,1,4
0.0,0.3426694550540563,0.0,0.0,0.44,1,3,1,2
-0.5,-0.16767464034370325,-0.6666666666666666,0.6666666666666666,0.97,2,5,1,1
0.0,-0.7271637757906091,0.0,0.0,0.93,1,5,1,2
1.0,-1.0,1.0,1.0,0.97,1,6,1,4
-1.0,0.26352366377161024,-1.0,1.0,0.97,2,5,1,2
-1.0,1.0,-0.3333333333333333,0.3333333333333333,0.33999999999999997,1,2,6,2
-0.5,-0.1936560506046336,-0.3333333333333333,0.3333333333333333,0.9600000000000001,1,3,1,4
0.0,1.0,-0.6666666666666666,0.6666666666666666,0.97,1,1,1,1
-1.0,1.0,-1.0,1.0,0.97,3,2,6,2
0.0,-0.5085453834017964,0.0,0.0,0.8300000000000001,2,5,1,2
0.5,-0.6471885110619321,0.0,0.0,0.93,1,5,1,2
1.0,-0.36975047415127604,0.6666666666666666,0.6666666666666666,0.97,2,5,1,2
1.0,-1.0,1.0,1.0,0.9500000000000001,1,4,2,4
0.0,-1.0,-1.0,1.0,0.9600000000000001,2,5,6,4
1.0,0.16246253305169212,0.0,0.0,0.8,1,2,1,4
0.5,0.3718373108050507,0.6666666666666666,0.6666666666666666,0.97,1,2,1,4
0.5,-0.7521411328514489,1.0,1.0,0.97,2,3,1,4
-1.0,1.0,-1.0,1.0,0.97,2,2,1,1
0.0,-1.0,0.0,0.0,0.87,1,5,3,2
-0.5,-1.0,-1.0,1.0,0.97,2,6,1,2
-0.5,-1.0,-1.0,1.0,0.97,2,6,1,3
-1.0,-0.5678787787692785,-1.0,1.0,0.97,1,3,1,3
0.0,1.0,0.0,0.0,0.44999999999999996,2,1,2,1
0.5,-1.0,0.0,0.0,0.93,2,6,6,1
0.0,-1.0,0.6666666666666666,0.6666666666666666,0.97,1,6,4,2
1.0,0.11194650773503212,0.3333333333333333,0.3333333333333333,0.97,1,5,1,2
0.5,-0.7266441386541165,1.0,1.0,0.97,2,3,1,4
-0.5,-0.6460961311506827,-0.3333333333333333,0.3333333333333333,0.97,1,5,4,2
0.0,-1.0,-1.0,1.0,0.97,2,5,1,3
0.0,-0.5921343103852682,-0.3333333333333333,0.3333333333333333,0.97,2,6,1,2
-0.5,-0.5848954598892252,-0.3333333333333333,0.3333333333333333,0.97,1,6,1,2
0.0,1.0,-1.0,1.0,0.97,2,2,2,1
0.0,-0.26502823865429287,0.6666666666666666,0.6666666666666666,0.5299999999999999,2,5,1,2
0.0,1.0,1.0,1.0,0.97,2,1,1,2
-0.5,0.6240559983644234,-0.3333333333333333,0.3333333333333333,0.93,2,2,1,2
-1.0,-0.553159002173676,-0.3333333333333333,0.3333333333333333,0.91,1,5,3,1
0.0,-1.0,0.3333333333333333,0.3333333333333333,0.97,2,6,1,5
0.0,-0.1456810240028718,-0.6666666666666666,0.6666666666666666,0.97,1,5,1,2
0.5,0.5954882891990474,1.0,1.0,0.97,1,1,1,3
1.0,-1.0,0.0,0.0,0.93,2,6,1,4
0.5,-0.7048955050997506,1.0,1.0,0.97,1,5,1,2
0.0,-0.23541064648216203,-0.6666666666666666,0.6666666666666666,0.91,2,4,3,1
0.0,-0.45400897111439265,0.0,0.0,0.88,1,5,1,2
0.5,1.0,1.0,1.0,0.97,2,2,1,1
0.0,0.3992190014974361,-1.0,1.0,0.97,2,2,1,2
-0.5,-1.0,-1.0,1.0,0.97,1,5,3,2
-1.0,0.01808808206290646,-0.3333333333333333,0.3333333333333333,0.9500000000000001,2,3,1,1
0.0,-1.0,-0.3333333333333333,0.3333333333333333,0.97,2,5,1,4
-0.5,-0.6521234954381667,-1.0,1.0,0.97,1,6,4,1
0.0,-0.5247003396286521,0.0,0.0,0.77,1,4,3,2
1.0,1.0,1.0,1.0,0.57,2,2,1,2
0.5,0.02080122112472189,0.6666666666666666,0.6666666666666666,0.97,2,2,1,4
0.0,0.3581574631787694,0.3333333333333333,0.3333333333333333,0.97,1,2,1,4
0.5,0.8033678499532145,1.0,1.0,0.57,2,2,1,2
0.0,0.003845605330955466,0.6666666666666666,0.6666666666666666,0.97,1,3,3,2
-1.0,-0.5475122527938853,-1.0,1.0,0.92,1,6,1,1
1.0,-0.607839142517294,0.3333333333333333,0.3333333333333333,0.97,1,2,1,4
0.0,0.7004517869050263,-1.0,1.0,0.43,1,3,1,2
-0.5,-1.0,-1.0,1.0,0.97,2,5,1,5
1.0,0.5374070031517211,0.3333333333333333,0.3333333333333333,0.48999999999999994,2,2,1,4
1.0,-0.6648889241742285,1.0,1.0,0.42,2,4,2,3
0.5,0.4929025449083975,1.0,1.0,0.9400000000000001,2,4,1,2
0.0,-1.0,-0.3333333333333333,0.3333333333333333,0.97,1,6,1,2
0.0,1.0,0.0,0.0,0.44999999999999996,1,1,1,2
-0.5,-1.0,-1.0,1.0,0.57,2,5,1,4
0.0,-0.2946005999516664,0.6666666666666666,0.6666666666666666,0.97,2,4,1,4
0.5,0.3880182043080763,1.0,1.0,0.97,2,4,1,3
-1.0,0.9211410115048146,-1.0,1.0,0.86,1,2,3,2
0.0,-0.42645138938568816,0.0,0.0,0.93,2,5,6,4
0.0,0.6871687426208717,-1.0,1.0,0.44,1,3,1,1
1.0,-0.8145063137457357,0.3333333333333333,0.3333333333333333,0.97,2,5,1,4
0.5,-1.0,0.3333333333333333,0.3333333333333333,0.39999999999999997,2,5,1,2
-0.5,0.6378370705153317,0.0,0.0,0.27,2,3,2,2
0.0,-0.8124989063791839,0.0,0.0,0.93,2,3,1,2
0.0,-1.0,-1.0,1.0,0.97,1,6,1,2
0.0,1.0,0.0,0.0,0.77,1,2,1,1
-0.5,0.15008563592311439,-0.6666666666666666,0.6666666666666666,0.97,1,3,2,1
1.0,1.0,1.0,1.0,0.97,1,2,1,2
-0.5,-0.5535340823506021,-1.0,1.0,0.9600000000000001,1,6,1,2
-1.0,0.15392463835096937,0.0,0.0,0.93,2,3,3,2
0.5,-1.0,0.6666666666666666,0.6666666666666666,0.97,1,6,1,2
0.0,1.0,-1.0,1.0,0.92,2,2,2,1
0.5,-1.0,0.0,0.0,0.93,1,5,3,3
0.0,0.0020716227758481804,-1.0,1.0,0.97,2,2,2,4
-0.5,0.41064983751246537,0.0,0.0,0.33999999999999997,2,4,2,1
1.0,-1.0,1.0,1.0,0.97,1,4,1,4
-0.5,1.0,0.0,0.0,0.44999999999999996,2,2,3,3
0.0,-0.3826949532080092,-0.3333333333333333,0.3333333333333333,0.97,2,3,1,3
0.0,1.0,-0.6666666666666666,0.6666666666666666,0.87,1,2,1,3
0.5,-1.0,1.0,1.0,0.97,2,4,1,3
1.0,-0.026841837907694812,1.0,1.0,0.97,1,4,3,2
0.0,1.0,0.6666666666666666,0.6666666666666666,0.97,2,2,4,1
0.5,-1.0,1.0,1.0,0.97,1,6,1,4
0.5,0.6185910702763645,0.6666666666666666,0.6666666666666666,0.97,1,3,2,1
0.5,1.0,0.0,0.0,0.44999999999999996,1,2,1,2
0.5,1.0,0.0,0.0,0.44999999999999996,2,2,1,2
-0.5,-0.8909730048743804,-1.0,1.0,0.97,1,6,1,1
0.5,-0.6459466679264219,0.3333333333333333,0.3333333333333333,0.97,2,5,1,3
0.0,-0.4735965617718304,0.0,0.0,0.93,1,6,6,3
-0.5,-0.7216953907977629,-1.0,1.0,0.86,1,5,1,3
0.0,-0.1296103920191876,-0.6666666666666666,0.6666666666666666,0.5299999999999999,2,3,2,4
-1.0,-0.25447354079019485,-1.0,1.0,0.97,2,6,3,1
-1.0,-1.0,-1.0,1.0,0.97,2,6,1,2
-0.5,0.17661584911009826,-0.3333333333333333,0.3333333333333333,0.48999999999999994,2,4,3,2
0.5,-0.9609422242854515,0.3333333333333333,0.3333333333333333,0.97,2,3,1,4
0.5,-1.0,0.0,0.0,0.93,2,6,7,3
0.5,1.0,0.6666666666666666,0.6666666666666666,0.97,1,1,1,4
1.0,-0.1379125943400707,1.0,1.0,0.97,1,3,1,3
-1.0,0.02849676968217379,-1.0,1.0,0.97,1,3,3,2
0.0,1.0,-1.0,1.0,0.97,2,3,2,1
0.0,-1.0,0.3333333333333333,0.3333333333333333,0.97,1,6,4,2
0.0,0.1822293606448139,-1.0,1.0,0.97,2,3,1,2
0.5,-0.37362980164568516,0.6666666666666666,0.6666666666666666,0.97,1,6,1,2
-1.0,-1.0,-1.0,1.0,0.97,2,5,1,4
-0.5,-1.0,-1.0,1.0,0.97,2,4,1,3
1.0,0.2807429811864063,1.0,1.0,0.97,1,3,1,3
0.0,0.6310848234457893,-0.6666666666666666,0.6666666666666666,0.97,2,3,1,1
0.5,1.0,0.3333333333333333,0.3333333333333333,0.97,1,2,1,1
0.5,-0.26310191186032394,0.6666666666666666,0.6666666666666666,0.97,1,2,1,4
0.5,-0.3572327010510822,0.3333333333333333,0.3333333333333333,0.97,1,4,1,4
0.0,1.0,0.6666666666666666,0.6666666666666666,0.39,2,2,1,2
0.0,-0.5119095918375333,0.0,0.0,0.8300000000000001,2,4,1,2
0.5,-1.0,0.3333333333333333,0.3333333333333333,0.97,1,5,1,4
1.0,1.0,0.0,0.0,0.93,1,2,1,2
0.0,-0.5754118815778281,-1.0,1.0,0.97,1,5,2,1
0.0,1.0,0.6666666666666666,0.6666666666666666,0.37,2,2,4,2
0.0,1.0,1.0,1.0,0.9,1,2,1,1
1.0,0.7105876763607866,0.6666666666666666,0.6666666666666666,0.97,1,3,1,1
1.0,0.44287850614137664,1.0,1.0,0.97,2,3,1,2
0.5,0.4546025891776381,0.0,0.0,0.44999999999999996,1,3,1,2
-0.5,-0.46124024458728885,-0.6666666666666666,0.6666666666666666,0.97,1,5,1,2
-1.0,-1.0,-1.0,1.0,0.9400000000000001,2,5,1,4
-0.5,-1.0,-1.0,1.0,0.97,1,6,1,4
-0.5,0.7770053228764014,-0.6666666666666666,0.6666666666666666,0.37,2,3,1,1
0.5,-0.9327597586302078,0.0,0.0,0.93,2,4,1,4
-1.0,-1.0,-1.0,1.0,0.97,2,4,1,4
-0.5,-1.0,-1.0,1.0,0.97,2,6,1,3
-1.0,0.3685428011480727,-1.0,1.0,0.97,2,2,2,1
0.5,-0.5087844424009069,0.6666666666666666,0.6666666666666666,0.97,1,5,1,1
0.0,-0.6942946912800054,-0.6666666666666666,0.6666666666666666,0.95,2,5,5,2
0.0,0.02775351982965163,-0.3333333333333333,0.3333333333333333,0.41,2,2,1,3
0.0,1.0,-0.6666666666666666,0.6666666666666666,0.97,2,3,2,2
0.0,0.84918328988975,-0.3333333333333333,0.3333333333333333,0.48999999999999994,1,3,2,1
0.0,-0.39433180225568976,0.6666666666666666,0.6666666666666666,0.97,2,4,1,3
1.0,-1.0,1.0,1.0,0.97,2,6,1,4
0.5,-0.13348512640607696,0.0,0.0,0.93,2,5,1,1
0.5,-1.0,0.3333333333333333,0.3333333333333333,0.97,1,6,1,3
1.0,-0.6364728970731118,0.6666666666666666,0.6666666666666666,0.97,1,5,3,2
-0.5,-1.0,-0.3333333333333333,0.3333333333333333,0.92,2,6,1,2
0.0,-0.5726888127684678,1.0,1.0,0.97,2,3,1,4
-1.0,-1.0,-0.3333333333333333,0.3333333333333333,0.97,2,6,1,2
0.5,-1.0,0.6666666666666666,0.6666666666666666,0.97,1,5,1,3
-1.0,0.6435433255624244,-1.0,1.0,0.9,2,5,3,1
-0.5,-0.11123632928472947,-0.6666666666666666,0.6666666666666666,0.97,1,5,1,2
0.5,1.0,0.3333333333333333,0.3333333333333333,0.97,1,2,1,3
0.0,0.30170784324701583,-0.6666666666666666,0.6666666666666666,0.97,2,3,1,4
1.0,0.4086229682215681,0.0,0.0,0.44999999999999996,1,2,1,4
0.5,-0.8452502184411731,-0.6666666666666666,0.6666666666666666,0.97,1,6,3,1
0.0,-1.0,0.6666666666666666,0.6666666666666666,0.91,1,5,1,2
-0.5,-0.4273539355021602,-1.0,1.0,0.97,2,6,1,2
0.5,-0.45325158498236784,1.0,1.0,0.97,2,4,1,3
-1.0,1.0,-1.0,1.0,0.9500000000000001,1,5,1,1
0.5,-0.5585990532466432,-0.3333333333333333,0.3333333333333333,0.31999999999999995,1,2,1,5
0.0,1.0,0.0,0.0,0.44999999999999996,2,1,1,4
-0.5,-1.0,-0.6666666666666666,0.6666666666666666,0.97,2,6,1,2
-1.0,0.15429295493635736,-1.0,1.0,0.97,2,5,1,2
0.5,1.0,1.0,1.0,0.97,2,2,2,2
-0.5,0.3622433233266879,-0.6666666666666666,0.6666666666666666,0.39,1,2,3,2
0.5,-0.6817016177070079,-0.6666666666666666,0.6666666666666666,0.97,2,3,1,4
-1.0,-0.6676411947092148,-0.6666666666666666,0.6666666666666666,0.97,2,5,1,1
0.0,-1.0,0.6666666666666666,0.6666666666666666,0.97,1,6,1,2
-1.0,-0.1970052679711688,-0.3333333333333333,0.3333333333333333,0.97,2,5,1,2
0.5,0.3740657292396298,0.3333333333333333,0.3333333333333333,0.97,1,2,1,3
0.5,-0.8817576554022062,0.3333333333333333,0.3333333333333333,0.97,1,4,1,4
0.0,0.7694143586465224,-1.0,1.0,0.97,1,2,1,3
0.0,-1.0,0.3333333333333333,0.3333333333333333,0.97,1,5,1,1
0.5,1.0,0.6666666666666666,0.6666666666666666,0.97,2,2,1,2
0.5,0.7161010090413588,0.3333333333333333,0.3333333333333333,0.97,1,2,1,2
0.0,-0.3278615171364166,0.6666666666666666,0.6666666666666666,0.97,1,6,1,1
1.0,0.3811723406358657,1.0,1.0,0.97,1,2,1,4
0.0,1.0,-1.0,1.0,0.97,2,2,1,2
0.5,-1.0,1.0,1.0,0.97,1,6,1,2
0.5,-1.0,0.0,0.0,0.93,2,6,2,2
0.0,-0.517298865084857,-1.0,1.0,0.97,1,5,1,2
0.0,0.10047704301551183,0.3333333333333333,0.3333333333333333,0.97,2,3,1,3
0.0,-1.0,-1.0,1.0,0.97,1,5,1,4
-1.0,0.1326721186630273,-1.0,1.0,0.38,1,2,1,4
-1.0,-0.31477860483345144,-1.0,1.0,0.93,2,5,1,1
0.0,-1.0,-1.0,1.0,0.97,2,6,2,1
0.0,-0.676924110641349,-0.6666666666666666,0.6666666666666666,0.5299999999999999,1,6,4,2
1.0,-0.36108455200025,1.0,1.0,0.97,2,4,1,2
1.0,-0.2183182897457733,1.0,1.0,0.97,2,3,1,3
0.0,-0.7902090857046895,-0.6666666666666666,0.6666666666666666,0.93,2,5,4,2
1.0,0.6438602891305807,1.0,1.0,0.97,2,3,1,3
1.0,-0.5687839828366296,0.6666666666666666,0.6666666666666666,0.97,1,5,1,2
0.5,-0.08366204343078429,-1.0,1.0,0.97,1,5,1,1
0.0,0.24593143953504248,1.0,1.0,0.97,1,2,1,3
0.5,1.0,0.6666666666666666,0.6666666666666666,0.97,2,3,1,1
0.0,1.0,0.0,0.0,0.33999999999999997,1,1,1,4
1.0,-0.6893296755048166,-1.0,1.0,0.97,1,6,1,2
0.0,0.2956311039268324,0.0,0.0,0.44999999999999996,2,4,1,2
1.0,-0.7111908995902222,0.3333333333333333,0.3333333333333333,0.97,2,6,1,2
-1.0,-1.0,-1.0,1.0,0.97,2,6,4,1
-0.5,0.37920765392955724,-0.3333333333333333,0.3333333333333333,0.47,2,3,1,1
0.0,-0.2328429948799564,-1.0,1.0,0.97,2,5,1,1
0.0,-0.4462275394730303,-1.0,1.0,0.97,2,4,4,2
-0.5,-0.6842129454062832,-1.0,1.0,0.9,2,5,1,1
-0.5,-1.0,-0.3333333333333333,0.3333333333333333,0.97,2,5,3,2
-0.5,-1.0,-0.6666666666666666,0.6666666666666666,0.95,2,6,1,3
0.0,-0.6820056034196106,-0.6666666666666666,0.6666666666666666,0.97,2,5,4,2
0.0,1.0,0.0,0.0,0.93,2,1,1,1
0.0,0.42282708981016687,0.6666666666666666,0.6666666666666666,0.44999999999999996,1,3,3,1
0.0,-0.08375373417142852,0.0,0.0,0.93,2,5,1,1
-1.0,-0.2928754314183412,-1.0,1.0,0.92,1,4,1,2
0.0,0.025388190102651375,-0.6666666666666666,0.6666666666666666,0.94,2,5,1,2
-1.0,0.2721660907898963,-1.0,1.0,0.97,1,4,2,1
0.5,1.0,1.0,1.0,0.97,1,2,5,1
0.5,1.0,0.6666666666666666,0.6666666666666666,0.97,2,2,1,1
0.5,-1.0,1.0,1.0,0.97,1,5,3,3
-1.0,-0.5949046971829254,-1.0,1.0,0.97,2,5,1,2
0.5,-1.0,0.3333333333333333,0.3333333333333333,0.97,2,6,1,3
0.5,-0.06169572395772277,0.6666666666666666,0.6666666666666666,0.43999999999999995,1,3,6,3
0.0,0.9302314379726091,-1.0,1.0,0.97,2,2,2,1
-1.0,1.0,0.0,0.0,0.73,2,2,2,1
0.0,-1.0,0.0,0.0,0.8400000000000001,2,5,1,3
-0.5,0.9071389333596882,-0.6666666666666666,0.6666666666666666,0.5299999999999999,1,2,1,2
-1.0,0.23552996339780236,-1.0,1.0,0.97,2,4,1,2
0.5,-0.5529367810976658,0.3333333333333333,0.3333333333333333,0.97,2,6,1,2
0.0,-1.0,-0.6666666666666666,0.6666666666666666,0.97,2,6,1,2
1.0,0.8485999432650125,-1.0,1.0,0.97,2,3,3,1
-0.5,-0.028499285810325802,-0.6666666666666666,0.6666666666666666,0.9,1,5,2,1
0.0,-0.15696382811961687,-0.6666666666666666,0.6666666666666666,0.4099999999999999,2,5,1,3
0.5,-0.7226603705603478,0.6666666666666666,0.6666666666666666,0.97,2,2,1,4
0.5,-1.0,-0.6666666666666666,0.6666666666666666,0.97,2,5,4,2
0.5,0.9253920088231387,1.0,1.0,0.97,2,5,1,2
0.0,0.33391008430001823,0.0,0.0,0.44999999999999996,1,2,3,3
0.0,-1.0,0.0,0.0,0.8500000000000001,1,4,1,2
0.0,-0.31082983352288346,-1.0,1.0,0.97,1,3,2,3
-0.5,-1.0,-1.0,1.0,0.97,1,6,2,2
0.0,-0.3005043990837879,0.6666666666666666,0.6666666666666666,0.33999999999999997,2,3,1,4
-0.5,1.0,-1.0,1.0,0.97,2,2,1,1
0.5,-1.0,0.0,0.0,0.93,1,6,4,2
-0.5,0.5920901607543515,-1.0,1.0,0.92,2,3,2,1
-1.0,1.0,-1.0,1.0,0.97,1,2,2,1
0.0,-1.0,-0.6666666666666666,0.6666666666666666,0.97,2,6,2,1
0.0,1.0,-1.0,1.0,0.97,1,1,2,1
0.0,0.7796299490479771,0.0,0.0,0.43,1,2,1,2
0.0,-0.3398476440579179,0.0,0.0,0.44999999999999996,2,2,1,4
0.0,0.684961989943321,-0.3333333333333333,0.3333333333333333,0.48999999999999994,1,3,1,1
1.0,-0.6685442442104379,0.3333333333333333,0.3333333333333333,0.97,2,3,1,3
0.5,1.0,0.3333333333333333,0.3333333333333333,0.9600000000000001,1,1,1,1
0.0,0.8210528136739426,0.6666666666666666,0.6666666666666666,0.5299999999999999,2,2,1,2
1.0,0.3436142565509453,1.0,1.0,0.97,1,2,1,4
0.5,1.0,0.3333333333333333,0.3333333333333333,0.48999999999999994,2,2,1,2
-0.5,-0.8608587546337148,-1.0,1.0,0.97,1,5,1,3
0.0,-0.2821704214868452,0.0,0.0,0.44999999999999996,1,2,1,3
0.5,-0.7107250894896392,1.0,1.0,0.97,2,5,1,3
1.0,0.3637143164796108,0.6666666666666666,0.6666666666666666,0.97,1,1,1,4
0.5,-0.9967411898097935,1.0,1.0,0.97,2,4,1,4
1.0,0.9676483431168644,0.3333333333333333,0.3333333333333333,0.97,1,3,6,2
-1.0,0.039387074261379475,-1.0,1.0,0.97,2,3,3,2
-0.5,1.0,0.3333333333333333,0.3333333333333333,0.79,1,2,2,2
0.0,-0.15072812908939828,0.0,0.0,0.93,1,4,7,4
0.5,0.27010576838768224,1.0,1.0,0.97,1,5,1,1
0.0,0.3243311797712595,0.0,0.0,0.44999999999999996,1,3,1,1
1.0,-1.0,0.0,0.0,0.93,1,2,1,4
0.0,1.0,-0.3333333333333333,0.3333333333333333,0.29,2,2,3,3
0.0,0.4756707367528268,-1.0,1.0,0.89,1,3,2,2
0.0,-0.3962398127652137,0.6666666666666666,0.6666666666666666,0.97,1,3,1,3
-0.5,-0.41327130341950447,-1.0,1.0,0.93,1,6,6,2
-1.0,-0.5776242954444255,-1.0,1.0,0.97,2,5,1,1
0.5,1.0,0.3333333333333333,0.3333333333333333,0.97,2,2,1,1
0.0,0.6326720344293796,-0.6666666666666666,0.6666666666666666,0.38,2,4,1,1
0.0,-0.7099785673222849,-0.6666666666666666,0.6666666666666666,0.86,1,5,1,1
0.0,0.359688763447662,0.6666666666666666,0.6666666666666666,0.97,2,3,1,2
0.0,0.14491423979336845,-0.3333333333333333,0.3333333333333333,0.48999999999999994,2,3,1,4
1.0,0.16608054031600986,1.0,1.0,0.97,1,2,1,4
-1.0,0.6501343311732212,-1.0,1.0,0.37,2,3,1,3
1.0,-0.7962137657254104,1.0,1.0,0.97,1,5,1,4
0.0,-0.9051928735122103,0.6666666666666666,0.6666666666666666,0.97,1,4,1,4
0.5,-0.6896183303012267,0.6666666666666666,0.6666666666666666,0.5299999999999999,1,1,1,4
0.0,-0.1634875339193076,-0.6666666666666666,0.6666666666666666,0.84,1,3,2,2
0.5,1.0,0.6666666666666666,0.6666666666666666,0.97,2,1,1,1
0.0,0.567583634021081,0.0,0.0,0.93,1,1,1,2
0.0,-1.0,0.6666666666666666,0.6666666666666666,0.97,2,6,1,4
0.0,1.0,-0.6666666666666666,0.6666666666666666,0.97,2,2,1,2
0.5,1.0,1.0,1.0,0.97,1,2,1,3
-0.5,-0.42715575609671025,-0.3333333333333333,0.3333333333333333,0.8800000000000001,1,5,1,1
0.0,-0.28268942867092073,1.0,1.0,0.9600000000000001,1,2,1,4
1.0,0.027680749751125285,1.0,1.0,0.97,2,2,1,4
0.0,1.0,0.0,0.0,0.44999999999999996,1,2,1,1
-0.5,-0.6282966102417348,-0.6666666666666666,0.6666666666666666,0.97,1,5,1,2
1.0,0.0036978271765097195,1.0,1.0,0.97,2,5,1,2
0.0,-0.8466670235825521,-1.0,1.0,0.97,2,3,2,4
1.0,1.0,0.0,0.0,0.32,1,1,3,1
-0.5,1.0,0.0,0.0,0.44999999999999996,2,3,3,1
0.0,0.20700802681972813,0.0,0.0,0.93,1,3,1,2
-1.0,-0.10634627821922502,-1.0,1.0,0.43,2,5,1,2
0.0,0.9175001577463772,0.0,0.0,0.44999999999999996,1,3,4,1
-0.5,1.0,-1.0,1.0,0.97,2,3,1,1
-1.0,-0.9276081134982276,-0.3333333333333333,0.3333333333333333,0.97,2,6,1,2
0.5,-0.28949877269180724,1.0,1.0,0.97,2,4,1,3
-1.0,-1.0,-1.0,1.0,0.97,3,6,1,3
1.0,0.08594657092764958,1.0,1.0,0.97,1,3,1,2
-0.5,1.0,-0.6666666666666666,0.6666666666666666,0.97,1,2,2,2
1.0,0.388942915046411,0.6666666666666666,0.6666666666666666,0.97,2,2,1,4
-0.5,-1.0,-0.6666666666666666,0.6666666666666666,0.97,1,5,1,2
0.5,0.15019695387668244,1.0,1.0,0.97,2,2,1,4
0.0,0.5572299597664131,-0.6666666666666666,0.6666666666666666,0.85,1,1,2,1
0.0,0.5980290276460374,1.0,1.0,0.97,2,2,1,2
-1.0,0.8616981080161913,-0.3333333333333333,0.3333333333333333,0.48999999999999994,1,4,1,1
-0.5,-0.13077599492530514,-1.0,1.0,0.97,1,4,3,2
-0.5,-0.4853791866615928,0.6666666666666666,0.6666666666666666,0.41999999999999993,2,5,3,2
0.0,-1.0,-0.3333333333333333,0.3333333333333333,0.97,1,5,1,2
-0.5,0.2111980901549708,-1.0,1.0,0.97,2,3,3,2
0.5,0.11257571803737376,1.0,1.0,0.97,2,4,1,2
-1.0,-0.30296315565901555,-1.0,1.0,0.54,2,5,6,2
0.5,1.0,0.3333333333333333,0.3333333333333333,0.97,2,2,1,1
0.5,0.4270487865605018,1.0,1.0,0.97,2,1,1,4
0.5,-0.6342877396789167,0.3333333333333333,0.3333333333333333,0.97,1,5,1,2
-0.5,-0.8247257786767414,-1.0,1.0,0.97,1,5,1,1
-0.5,0.7920195317795576,-1.0,1.0,0.97,1,2,1,2
-1.0,0.2369355910891214,-1.0,1.0,0.97,2,2,1,2
-1.0,-0.13108205470086298,-1.0,1.0,0.44999999999999996,2,3,1,1
0.5,0.7516638568506617,0.6666666666666666,0.6666666666666666,0.97,2,2,1,1
-1.0,1.0,-1.0,1.0,0.97,2,2,1,2
-0.5,-0.68937605392681,-0.3333333333333333,0.3333333333333333,0.97,1,5,1,2
0.0,-0.9140739644496142,-1.0,1.0,0.97,2,6,4,2
0.0,1.0,1.0,1.0,0.97,2,1,3,1
1.0,-1.0,1.0,1.0,0.97,1,6,1,2
0.0,0.9087550541332704,0.6666666666666666,0.6666666666666666,0.97,1,3,1,2
-1.0,-1.0,-1.0,1.0,0.97,2,6,1,1
0.5,0.12584496544338297,0.3333333333333333,0.3333333333333333,0.97,2,3,1,2
-0.5,-0.03359847342776968,-0.3333333333333333,0.3333333333333333,0.9400000000000001,2,3,1,3
0.0,1.0,-0.6666666666666666,0.6666666666666666,0.32999999999999996,1,2,2,1
0.0,0.4577920216213158,-0.3333333333333333,0.3333333333333333,0.8800000000000001,2,3,1,1
1.0,-1.0,1.0,1.0,0.93,2,6,1,1
0.5,-1.0,1.0,1.0,0.97,2,6,1,4
0.0,-1.0,0.6666666666666666,0.6666666666666666,0.97,2,6,1,2
-1.0,-1.0,-1.0,1.0,0.97,2,5,1,3
0.0,0.44434176225347566,-0.6666666666666666,0.6666666666666666,0.94,2,4,1,2
0.5,-0.09983154529653766,0.0,0.0,0.93,1,1,1,4
-0.5,0.9973298596441205,0.0,0.0,0.35,1,3,1,1
-1.0,-0.9464112578468448,-1.0,1.0,0.97,1,6,1,2
0.5,0.37915855970217754,1.0,1.0,0.97,1,5,5,1
-0.5,-0.19510995169973877,-0.6666666666666666,0.6666666666666666,0.97,1,5,1,1
-1.0,1.0,-1.0,1.0,0.85,2,3,1,1
0.5,-0.035215620886621155,0.6666666666666666,0.6666666666666666,0.97,1,2,1,4
1.0,0.6452896375427426,1.0,1.0,0.91,1,3,1,2
-0.5,0.05004838235293824,-0.6666666666666666,0.6666666666666666,0.82,2,3,4,1
0.5,-1.0,1.0,1.0,0.97,1,5,1,2
0.5,-0.7711377960954848,1.0,1.0,0.97,1,5,1,3
0.5,1.0,0.6666666666666666,0.6666666666666666,0.93,1,3,1,1
-1.0,0.6067372048680129,0.0,0.0,0.41,1,4,1,1
0.5,-0.22043327700850976,1.0,1.0,0.97,1,2,1,4
0.5,-0.18710804788056565,0.3333333333333333,0.3333333333333333,0.97,2,5,1,3
0.0,-0.3666920165765516,0.6666666666666666,0.6666666666666666,0.89,2,5,1,1
0.0,-0.32628435204517814,0.6666666666666666,0.6666666666666666,0.97,2,5,1,2
0.5,-0.23504031175793066,-0.3333333333333333,0.3333333333333333,0.9,2,5,4,2
0.5,-0.06684529882176565,1.0,1.0,0.92,1,5,3,3
0.5,0.3709803397399216,0.6666666666666666,0.6666666666666666,0.41999999999999993,2,1,1,4
0.5,-0.3479260281239079,0.6666666666666666,0.6666666666666666,0.97,2,3,1,3
0.0,-1.0,-0.3333333333333333,0.3333333333333333,0.97,1,5,1,2
0.5,0.7501257584289441,0.6666666666666666,0.6666666666666666,0.97,1,4,1,2
0.5,-1.0,0.0,0.0,0.93,1,5,1,4
0.0,1.0,-0.3333333333333333,0.3333333333333333,0.48999999999999994,1,2,4,1
0.5,1.0,0.3333333333333333,0.3333333333333333,0.97,1,3,1,2
1.0,-1.0,1.0,1.0,0.97,2,6,1,4
0.5,-1.0,-0.3333333333333333,0.3333333333333333,0.97,2,4,3,3
0.0,-0.22807286572600666,-1.0,1.0,0.97,1,5,1,1
-0.5,-1.0,-1.0,1.0,0.97,2,6,1,4
1.0,-0.1526586384942556,1.0,1.0,0.9500000000000001,1,2,1,4
0.5,0.2659105885047477,1.0,1.0,0.39,1,2,1,3
0.5,-0.7352780606265253,0.3333333333333333,0.3333333333333333,0.97,1,3,1,4
0.0,-1.0,0.3333333333333333,0.3333333333333333,0.97,1,5,1,2
1.0,1.0,1.0,1.0,0.97,1,2,1,2
0.0,1.0,-1.0,1.0,0.97,1,2,3,1
0.0,-0.6656986602592883,-0.6666666666666666,0.6666666666666666,0.97,2,5,1,2
0.5,1.0,0.6666666666666666,0.6666666666666666,0.97,1,2,1,2
0.0,0.7246885895962664,1.0,1.0,0.44,1,2,1,3
-1.0,-1.0,-1.0,1.0,0.97,2,6,7,3
0.0,-0.6096878500193923,0.0,0.0,0.93,2,5,1,3
-1.0,-0.054866921333669244,-1.0,1.0,0.97,1,5,1,1
0.0,0.40717049308723224,0.3333333333333333,0.3333333333333333,0.97,2,2,1,4
-0.5,1.0,0.6666666666666666,0.6666666666666666,0.83,2,3,1,1
-1.0,-0.03975176306191779,-1.0,1.0,0.97,2,5,5,1
0.0,-0.6630323226342978,-1.0,1.0,0.97,1,5,2,2
1.0,0.25635034348337465,1.0,1.0,0.97,2,5,1,2
0.0,-0.7982553958871335,-0.6666666666666666,0.6666666666666666,0.97,2,5,1,2
0.0,0.2607093454634811,0.3333333333333333,0.3333333333333333,0.97,1,2,1,4
-0.5,0.09215390868348483,-1.0,1.0,0.97,2,5,2,1
1.0,0.5793253324289784,1.0,1.0,0.97,1,2,1,2
-0.5,-1.0,-1.0,1.0,0.97,1,6,1,2
0.5,0.2313636820299776,0.6666666666666666,0.6666666666666666,0.37,1,3,1,2
0.0,-1.0,-1.0,1.0,0.97,2,6,3,2
0.0,-1.0,0.0,0.0,0.33999999999999997,1,3,1,4
0.0,1.0,0.0,0.0,0.93,1,1,1,1
0.0,-0.28721757430090594,0.0,0.0,0.44999999999999996,2,3,1,4
0.5,0.0573389758751536,0.3333333333333333,0.3333333333333333,0.97,2,6,1,1
0.0,-1.0,-0.3333333333333333,0.3333333333333333,0.8500000000000001,2,5,1,4
0.0,-0.5257988936907987,1.0,1.0,0.97,1,3,1,1
1.0,0.27170475970184776,1.0,1.0,0.97,1,4,1,2
-0.5,-0.900536878046237,-1.0,1.0,0.97,2,6,1,1
1.0,1.0,1.0,1.0,0.97,1,2,1,2
0.5,0.047798508110858014,1.0,1.0,0.97,1,2,1,4
0.5,-1.0,1.0,1.0,0.97,2,6,1,2
-1.0,-1.0,-1.0,1.0,0.97,2,6,2,2
1.0,-0.5590734708446324,0.6666666666666666,0.6666666666666666,0.97,2,5,1,2
0.5,0.09854091641438918,-1.0,1.0,0.97,2,6,2,1
0.0,-0.6177621347345998,-0.3333333333333333,0.3333333333333333,0.8700000000000001,2,6,1,1
0.0,0.987220628891527,0.0,0.0,0.93,2,3,2,2
0.5,0.9107467125757124,0.6666666666666666,0.6666666666666666,0.42999999999999994,2,3,1,2
-1.0,-0.679255317537662,-1.0,1.0,0.97,1,6,1,2
1.0,0.021362798555768784,1.0,1.0,0.97,2,1,1,3
-0.5,0.6415916289704189,0.0,0.0,0.44999999999999996,1,2,1,4
0.5,1.0,0.3333333333333333,0.3333333333333333,0.97,1,1,1,2
-1.0,1.0,-0.3333333333333333,0.3333333333333333,0.9500000000000001,3,3,3,1
0.5,-1.0,0.3333333333333333,0.3333333333333333,0.8600000000000001,2,5,1,2
1.0,-0.6272294607877159,1.0,1.0,0.97,2,3,1,3
0.5,1.0,1.0,1.0,0.97,1,1,3,5
-1.0,-1.0,-1.0,1.0,0.97,2,5,1,4
0.0,0.6570691182470196,0.0,0.0,0.27999999999999997,2,2,2,4
1.0,-0.3648322673414567,1.0,1.0,0.97,2,3,3,4
0.5,1.0,1.0,1.0,0.38,1,2,1,1
1.0,0.8758779421646398,1.0,1.0,0.97,2,2,1,2
0.5,0.2161829964941311,1.0,1.0,0.97,1,2,1,2
0.0,-0.9766193783764433,-0.6666666666666666,0.6666666666666666,0.97,2,5,1,3
1.0,-1.0,1.0,1.0,0.97,2,6,1,2
1.0,1.0,-1.0,1.0,0.97,1,1,1,1
0.5,-0.9055985161000586,0.3333333333333333,0.3333333333333333,0.9600000000000001,2,5,1,4
0.5,-0.35367619504000253,0.6666666666666666,0.6666666666666666,0.5299999999999999,2,4,1,3
0.0,-0.36114318102592563,0.3333333333333333,0.3333333333333333,0.97,2,3,1,2
0.5,0.924456625031778,0.0,0.0,0.44999999999999996,2,2,2,3
1.0,0.9558305711596603,0.3333333333333333,0.3333333333333333,0.8400000000000001,1,1,1,3
-1.0,-0.8921524800467813,-0.3333333333333333,0.3333333333333333,0.9600000000000001,2,6,2,1
0.0,-0.5772991442017964,0.3333333333333333,0.3333333333333333,0.97,2,5,1,3
1.0,0.4496558456265645,1.0,1.0,0.86,2,1,1,4
0.5,0.2873021674993526,1.0,1.0,0.97,1,2,1,2
-0.5,-0.05920797773470163,-1.0,1.0,0.97,2,6,1,2
0.0,0.4081017450860576,-0.3333333333333333,0.3333333333333333,0.8400000000000001,3,3,1,2
0.0,0.314302316643674,-1.0,1.0,0.97,1,4,7,1
0.5,0.2645896034178171,0.0,0.0,0.44999999999999996,1,2,1,3
0.0,0.19261047411924145,0.0,0.0,0.27999999999999997,2,3,1,4
-1.0,-1.0,-1.0,1.0,0.9600000000000001,2,6,1,4
-0.5,-1.0,-1.0,1.0,0.89,3,5,1,2
0.5,0.9651275700265269,0.3333333333333333,0.3333333333333333,0.36999999999999994,2,2,1,1
0.5,1.0,1.0,1.0,0.97,1,2,1,2
0.0,1.0,0.0,0.0,0.26,1,2,2,2
0.0,-0.25911402333327554,0.0,0.0,0.43,1,5,1,1
0.5,-0.30840786676088516,1.0,1.0,0.97,1,6,1,2
0.0,0.3878433488432991,0.6666666666666666,0.6666666666666666,0.91,2,3,1,3
0.0,1.0,-0.6666666666666666,0.6666666666666666,0.97,1,1,1,2
0.5,1.0,0.0,0.0,0.93,1,2,3,1
0.0,1.0,-0.6666666666666666,0.6666666666666666,0.97,1,1,3,1
0.5,-0.984141552029411,0.3333333333333333,0.3333333333333333,0.97,1,5,1,2
0.5,-0.12283352308696052,-1.0,1.0,0.9,1,5,4,1
-1.0,-0.3852902294563669,-0.3333333333333333,0.3333333333333333,0.97,1,5,3,2
0.0,-0.8306448173705292,-0.6666666666666666,0.6666666666666666,0.97,1,2,3,4
0.5,-1.0,1.0,1.0,0.97,1,5,1,4
0.0,-1.0,0.0,0.0,0.93,2,6,1,3
-0.5,1.0,-1.0,1.0,0.97,2,2,3,1
0.0,-0.5514094392651959,0.0,0.0,0.44999999999999996,2,3,1,2
0.5,1.0,1.0,1.0,0.97,2,2,1,1
0.0,0.5862976646981792,-0.3333333333333333,0.3333333333333333,0.8900000000000001,1,3,3,1
0.0,1.0,-1.0,1.0,0.97,2,1,2,1
0.5,-0.08792640952585615,0.3333333333333333,0.3333333333333333,0.8300000000000001,2,4,1,2
0.0,0.8179727676030192,1.0,1.0,0.93,1,5,1,1
0.0,-0.6817928026387228,0.0,0.0,0.88,2,6,1,2
0.0,0.3220422828000886,-1.0,1.0,0.44999999999999996,1,1,2,4
-0.5,-0.3613072832928518,-1.0,1.0,0.97,1,4,1,3
1.0,-0.25098902165162995,0.0,0.0,0.44999999999999996,3,4,4,2
-0.5,-0.09600861067385824,-1.0,1.0,0.97,2,5,4,2
-0.5,-1.0,-0.6666666666666666,0.6666666666666666,0.5,2,5,1,2
-0.5,-1.0,-0.6666666666666666,0.6666666666666666,0.97,1,6,1,3
0.5,-0.36814449092659846,0.6666666666666666,0.6666666666666666,0.97,1,6,1,1
-0.5,-0.3858629377786835,-1.0,1.0,0.97,2,6,2,2
0.5,-1.0,1.0,1.0,0.97,1,6,1,2
0.0,1.0,-0.3333333333333333,0.3333333333333333,0.8300000000000001,2,3,1,2
0.5,0.8258303671044593,0.3333333333333333,0.3333333333333333,0.97,1,2,1,2
-1.0,-0.14998905346234406,-1.0,1.0,0.97,1,3,1,1
-1.0,-1.0,-1.0,1.0,0.97,2,3,1,2
0.5,-1.0,1.0,1.0,0.97,1,5,1,2
0.5,0.4669724737121096,0.6666666666666666,0.6666666666666666,0.97,2,2,1,3
1.0,-0.03952352744871134,0.0,0.0,0.93,1,3,1,3
0.5,-0.6368880214579337,0.6666666666666666,0.6666666666666666,0.97,1,5,1,3
0.5,-0.8358467165221789,1.0,1.0,0.97,2,5,1,2
0.5,0.31756021630814146,0.6666666666666666,0.6666666666666666,0.97,2,2,1,2
0.5,0.32053864679971944,1.0,1.0,0.97,2,1,1,4
-1.0,-0.5296483724698812,-1.0,1.0,0.97,2,5,1,2
-0.5,1.0,-1.0,1.0,0.97,1,2,1,2
0.5,-1.0,0.0,0.0,0.93,2,6,1,2
0.0,0.04635350377997164,0.6666666666666666,0.6666666666666666,0.97,1,3,1,4
-0.5,0.5731084343029995,-1.0,1.0,0.57,2,2,1,2
-0.5,-1.0,-0.3333333333333333,0.3333333333333333,0.97,2,5,1,4
-1.0,-0.8321206124790291,-1.0,1.0,0.97,2,5,1,2
-1.0,-0.4049724917237078,-1.0,1.0,0.97,2,5,1,3
0.5,-0.07465347600988748,1.0,1.0,0.97,2,3,1,3
1.0,1.0,-1.0,1.0,0.97,1,1,4,2
0.5,0.05930360760880294,0.6666666666666666,0.6666666666666666,0.8099999999999999,1,3,1,4
-0.5,1.0,-1.0,1.0,0.57,2,5,4,1
-0.5,1.0,0.6666666666666666,0.6666666666666666,0.97,2,2,3,2
0.5,1.0,1.0,1.0,0.97,1,3,1,2
-1.0,-0.0032287646307079063,-1.0,1.0,0.97,1,5,2,2
0.0,0.5813828202252239,0.0,0.0,0.44999999999999996,2,2,1,2
0.0,1.0,0.0,0.0,0.39,1,1,3,1
-0.5,-1.0,-1.0,1.0,0.97,2,6,1,3
1.0,-0.05239878853844785,1.0,1.0,0.97,1,2,1,4
-1.0,-1.0,-0.3333333333333333,0.3333333333333333,0.97,2,5,1,3
-1.0,-1.0,-1.0,1.0,0.97,2,6,1,3
0.0,0.5056309426010698,0.6666666666666666,0.6666666666666666,0.97,1,2,1,2
0.0,-0.5777789548913795,0.0,0.0,0.8300000000000001,1,3,1,4
0.0,1.0,1.0,1.0,0.97,2,2,3,1
1.0,1.0,1.0,1.0,0.97,2,1,1,2
-1.0,-1.0,-0.6666666666666666,0.6666666666666666,0.97,1,6,3,1
0.0,-0.3365843817632787,0.0,0.0,0.44999999999999996,2,2,1,4
0.5,-1.0,0.6666666666666666,0.6666666666666666,0.88,1,3,2,4
1.0,-0.4191361051811013,1.0,1.0,0.97,1,5,1,2
0.0,0.13910467612217337,0.6666666666666666,0.6666666666666666,0.97,2,5,1,1
0.5,1.0,0.6666666666666666,0.6666666666666666,0.32999999999999996,1,2,1,2
0.0,-0.9607827039330267,-1.0,1.0,0.97,2,5,1,2
0.5,0.6670889998489883,0.3333333333333333,0.3333333333333333,0.48999999999999994,1,1,1,4
1.0,0.6525504807736308,1.0,1.0,0.97,2,2,1,2
-0.5,-0.7229084896056958,-1.0,1.0,0.97,2,5,1,1
-1.0,0.264405803057548,-0.3333333333333333,0.3333333333333333,0.8900000000000001,1,5,1,1
0.0,1.0,-1.0,1.0,0.97,1,1,3,1
0.5,0.8553272036489004,0.0,0.0,0.93,2,4,1,1
1.0,-1.0,1.0,1.0,0.97,1,6,3,2
-0.5,0.011873091420306871,-1.0,1.0,0.97,1,6,1,1
0.0,1.0,1.0,1.0,0.44999999999999996,1,2,7,1
0.0,-1.0,-0.3333333333333333,0.3333333333333333,0.97,1,6,1,3
-0.5,-1.0,-1.0,1.0,0.97,2,6,1,3
1.0,-0.664916293593499,1.0,1.0,0.97,2,5,1,2
0.5,-1.0,1.0,1.0,0.97,1,6,1,2
-1.0,-1.0,-1.0,1.0,0.9600000000000001,2,5,1,4
0.0,1.0,-0.3333333333333333,0.3333333333333333,0.8200000000000001,2,2,1,1
0.0,-0.16010553579148049,0.0,0.0,0.93,2,2,1,4
0.0,0.9774373837411342,-1.0,1.0,0.97,2,2,2,4
0.5,-0.19325879122605027,1.0,1.0,0.97,1,3,1,2
0.0,-0.4211491490969743,-1.0,1.0,0.97,1,5,1,1
-0.5,-1.0,-0.6666666666666666,0.6666666666666666,0.97,1,5,1,2
-0.5,0.5432257879521472,0.0,0.0,0.92,1,3,2,1
0.5,0.53670062448387,0.6666666666666666,0.6666666666666666,0.97,2,3,1,3
0.5,0.6509504011646935,0.6666666666666666,0.6666666666666666,0.97,2,5,7,1
-0.5,-1.0,-1.0,1.0,0.97,2,6,2,2
-0.5,0.45961003259973904,0.6666666666666666,0.6666666666666666,0.5299999999999999,1,3,1,1
0.0,-1.0,0.0,0.0,0.93,2,4,1,4
0.5,0.2589439245425866,-0.6666666666666666,0.6666666666666666,0.97,1,3,1,4
0.0,-0.8028292494089243,0.3333333333333333,0.3333333333333333,0.97,1,5,1,4
0.5,1.0,0.6666666666666666,0.6666666666666666,0.85,1,2,1,1
0.0,-0.3760852630094961,0.3333333333333333,0.3333333333333333,0.97,1,4,1,1
0.0,-1.0,0.0,0.0,0.44999999999999996,2,5,4,4
0.0,0.5067813742154429,0.0,0.0,0.44999999999999996,1,3,1,2
0.5,-0.2588275296784391,0.3333333333333333,0.3333333333333333,0.97,1,5,1,2
0.5,-1.0,1.0,1.0,0.97,2,4,3,2
0.5,-0.17364637525025298,0.6666666666666666,0.6666666666666666,0.97,1,3,1,3
0.0,1.0,0.0,0.0,0.4,2,2,2,2
0.0,-1.0,0.3333333333333333,0.3333333333333333,0.97,2,5,1,4
-0.5,0.7171853130755573,0.0,0.0,0.3,2,4,1,2
-0.5,-0.26660854703341563,-1.0,1.0,0.97,2,6,1,1
0.0,0.7521363470926676,0.0,0.0,0.93,1,2,1,1
0.0,-0.7611267585584908,-0.6666666666666666,0.6666666666666666,0.97,2,6,2,1
-1.0,-0.19277964498814817,-1.0,1.0,0.97,2,5,4,1
-1.0,-1.0,-0.3333333333333333,0.3333333333333333,0.91,1,5,4,2
-1.0,-0.09212096881600704,-1.0,1.0,0.88,1,3,4,2
-1.0,1.0,-0.3333333333333333,0.3333333333333333,0.97,1,2,1,3
0.0,0.3861833532804609,-0.3333333333333333,0.3333333333333333,0.97,2,2,1,2
0.5,1.0,-0.6666666666666666,0.6666666666666666,0.32999999999999996,1,3,4,1
-1.0,0.610070106917895,-1.0,1.0,0.97,1,3,2,1
0.0,0.04175744704574072,0.0,0.0,0.37,1,2,1,4
0.5,1.0,0.0,0.0,0.93,1,2,1,2
0.0,0.1630025698260861,-0.6666666666666666,0.6666666666666666,0.97,2,2,2,3
0.0,-1.0,0.0,0.0,0.93,4,5,1,4
1.0,-1.0,0.3333333333333333,0.3333333333333333,0.97,1,6,1,3
0.5,0.28612207429009445,1.0,1.0,0.97,1,2,3,4
0.0,0.08537365067753204,0.3333333333333333,0.3333333333333333,0.36999999999999994,1,1,1,2
0.5,0.2980571820545982,1.0,1.0,0.39,2,3,2,2
0.5,-0.5809534916206331,0.0,0.0,0.93,1,6,1,2
0.0,0.7439618551790832,-0.6666666666666666,0.6666666666666666,0.97,2,3,3,2
-0.5,-0.8070254574799367,-0.3333333333333333,0.3333333333333333,0.9600000000000001,2,5,1,1
1.0,-0.5589973189603185,0.3333333333333333,0.3333333333333333,0.3,1,2,1,4
0.0,-0.8487958279791565,0.3333333333333333,0.3333333333333333,0.97,2,4,1,3
0.5,0.5751063394235972,1.0,1.0,0.97,1,2,1,3
1.0,-0.6498366429468672,1.0,1.0,0.97,1,3,1,2
-0.5,-0.5542419474662983,-0.6666666666666666,0.6666666666666666,0.97,2,5,1,2
0.0,0.21876023849677795,0.0,0.0,0.93,1,2,1,4
-0.5,0.2084100687654103,-1.0,1.0,0.86,1,4,4,1
-1.0,0.7531784939945124,-1.0,1.0,0.97,2,2,1,3
0.5,1.0,0.0,0.0,0.93,2,2,1,1
0.0,0.07260409118236306,-1.0,1.0,0.97,2,4,2,1
0.0,-1.0,-0.3333333333333333,0.3333333333333333,0.97,1,5,1,2
-1.0,-0.4772395517865397,-1.0,1.0,0.97,1,5,1,2
0.0,0.8210348111107816,-0.6666666666666666,0.6666666666666666,0.5299999999999999,1,2,4,1
-0.5,-0.24848019586309072,-1.0,1.0,0.97,1,2,1,4
0.0,1.0,0.0,0.0,0.93,2,2,1,2
-1.0,0.19697752902577437,-1.0,1.0,0.97,3,5,1,2
0.0,0.39719351657574553,-1.0,1.0,0.93,2,3,3,2
-0.5,-0.25634531263572236,-0.6666666666666666,0.6666666666666666,0.97,1,5,1,2
-1.0,-1.0,-0.3333333333333333,0.3333333333333333,0.9400000000000001,2,6,3,1
-0.5,-0.47850783231856575,-1.0,1.0,0.97,1,6,6,1
0.0,-0.15665727248758313,-0.6666666666666666,0.6666666666666666,0.97,2,5,1,1
0.0,0.03805852935674524,0.3333333333333333,0.3333333333333333,0.97,2,6,1,1
0.0,1.0,-0.6666666666666666,0.6666666666666666,0.97,1,2,2,1
-0.5,1.0,-1.0,1.0,0.57,2,2,2,1
0.0,1.0,-1.0,1.0,0.97,2,2,2,1
0.5,-0.6557672358525212,0.6666666666666666,0.6666666666666666,0.97,1,6,4,1
0.5,-0.044818844691388755,0.3333333333333333,0.3333333333333333,0.97,1,1,1,4
-1.0,1.0,-1.0,1.0,0.9400000000000001,2,2,3,4
-0.5,-0.14921491542856524,-1.0,1.0,0.86,2,3,1,2
0.0,-0.5812734846682176,-0.6666666666666666,0.6666666666666666,0.97,2,5,2,2
-0.5,-0.36524373872849375,-1.0,1.0,0.97,2,5,1,2
0.5,0.5577121100869766,-0.3333333333333333,0.3333333333333333,0.97,1,3,1,2
0.0,0.739639554775352,0.0,0.0,0.29,1,3,6,1
0.5,1.0,0.3333333333333333,0.3333333333333333,0.97,2,2,1,1
0.0,1.0,0.0,0.0,0.93,1,2,2,1
0.5,-1.0,0.6666666666666666,0.6666666666666666,0.97,1,3,1,4
0.0,1.0,0.0,0.0,0.8300000000000001,1,4,1,1
-0.5,-1.0,-1.0,1.0,0.97,2,6,1,2
1.0,0.7306424511619656,0.3333333333333333,0.3333333333333333,0.97,2,3,2,2
-1.0,-1.0,-0.3333333333333333,0.3333333333333333,0.8700000000000001,2,6,1,2
1.0,-0.31149408038072623,-1.0,1.0,0.57,1,5,2,1
1.0,-0.18394302840525437,1.0,1.0,0.97,1,2,1,4
0.0,-1.0,0.0,0.0,0.93,1,6,2,2
0.0,-1.0,-0.3333333333333333,0.3333333333333333,0.97,1,6,1,3
0.5,-0.7610273308515817,0.3333333333333333,0.3333333333333333,0.97,2,5,6,2
0.5,-0.7762999423916959,1.0,1.0,0.97,2,5,1,4
-0.5,0.6931016605034642,-1.0,1.0,0.87,2,2,3,1
0.5,-1.0,1.0,1.0,0.97,1,6,1,2
0.5,-1.0,1.0,1.0,0.97,2,6,1,3
0.5,1.0,1.0,1.0,0.97,2,2,1,3
0.0,0.4428716072796894,1.0,1.0,0.97,1,2,3,2
0.5,-0.312161083619738,1.0,1.0,0.97,1,6,1,1
0.5,-0.4599417674515052,0.3333333333333333,0.3333333333333333,0.48999999999999994,1,5,1,3
0.0,0.3404471769889995,0.0,0.0,0.93,1,3,2,2
0.5,-0.7880552662026016,0.3333333333333333,0.3333333333333333,0.97,1,4,1,2
-0.5,-0.3593100066383083,-0.6666666666666666,0.6666666666666666,0.87,2,4,3,1
0.0,-0.9400127650828035,0.0,0.0,0.93,1,5,1,4
0.0,1.0,-0.3333333333333333,0.3333333333333333,0.97,1,1,2,1
0.5,-0.3414354378881705,1.0,1.0,0.97,1,5,1,2
0.0,1.0,0.0,0.0,0.44999999999999996,1,2,1,1
1.0,1.0,1.0,1.0,0.97,1,2,1,1
0.5,1.0,1.0,1.0,0.97,2,2,1,2
0.0,-0.13325310785474326,0.0,0.0,0.93,1,4,2,1
0.5,-1.0,0.6666666666666666,0.6666666666666666,0.5299999999999999,1,5,4,2
0.0,-0.533831218578839,0.0,0.0,0.93,1,4,2,4
-0.5,-0.33540272098241053,-1.0,1.0,0.97,2,3,1,3
0.0,-1.0,-0.6666666666666666,0.6666666666666666,0.97,2,5,1,2
-1.0,0.21547759354056492,0.0,0.0,0.29,1,5,2,1
0.0,-1.0,0.3333333333333333,0.3333333333333333,0.97,1,6,4,1
-1.0,0.1802450870388614,-1.0,1.0,0.9600000000000001,2,4,1,2
0.5,1.0,1.0,1.0,0.5,1,1,1,3
0.5,0.42598215732795636,-1.0,1.0,0.97,1,3,2,2
0.5,0.4578412460337353,1.0,1.0,0.97,1,4,1,2
0.0,-0.948773977030485,-0.3333333333333333,0.3333333333333333,0.97,1,6,1,2
0.5,-0.19593990858758675,0.3333333333333333,0.3333333333333333,0.97,1,6,1,2
-1.0,-1.0,-1.0,1.0,0.97,1,5,1,2
0.5,-0.9135703384871141,1.0,1.0,0.97,1,4,1,4
0.0,1.0,0.0,0.0,0.93,2,2,1,1
0.0,0.3773302206760828,0.0,0.0,0.31,2,2,2,3
-1.0,1.0,-1.0,1.0,0.92,1,3,1,2
0.0,-0.7741721689980346,0.0,0.0,0.89,2,5,2,2
0.5,1.0,0.6666666666666666,0.6666666666666666,0.97,2,3,1,2
0.0,0.5671184398213238,0.6666666666666666,0.6666666666666666,0.97,2,5,1,2
1.0,1.0,1.0,1.0,0.97,1,2,1,2
1.0,0.707363812517437,1.0,1.0,0.97,1,3,1,2
1.0,1.0,1.0,1.0,0.97,1,2,1,2
0.5,-0.20624579210470476,1.0,1.0,0.97,2,3,1,2
1.0,0.15031607999391855,1.0,1.0,0.57,1,3,1,1
0.0,1.0,0.0,0.0,0.93,1,2,1,3
0.5,-0.40342007107559713,1.0,1.0,0.97,1,5,1,2
0.0,-1.0,0.6666666666666666,0.6666666666666666,0.97,1,6,1,3
0.5,-0.9635555157350454,1.0,1.0,0.97,2,5,1,3
0.5,-1.0,1.0,1.0,0.97,2,2,1,4
0.0,0.7392096829620265,0.0,0.0,0.8200000000000001,1,3,1,1
0.0,-0.3402214805827439,1.0,1.0,0.97,2,2,1,4
0.0,-0.12533685738706016,-0.3333333333333333,0.3333333333333333,0.97,1,6,1,1
-1.0,-0.3867421343890514,-0.3333333333333333,0.3333333333333333,0.8400000000000001,3,4,1,4
0.5,-0.12418909023692955,0.6666666666666666,0.6666666666666666,0.97,1,3,1,4
0.0,1.0,0.0,0.0,0.44,1,2,1,1
-0.5,-1.0,-1.0,1.0,0.97,1,6,1,1
0.5,0.24510165573136286,0.6666666666666666,0.6666666666666666,0.97,1,4,1,2
0.5,1.0,1.0,1.0,0.97,2,2,1,2
0.0,1.0,-0.3333333333333333,0.3333333333333333,0.48999999999999994,1,2,1,2
1.0,0.14292571477840638,1.0,1.0,0.97,1,5,1,3
0.5,-0.9538629275035592,0.3333333333333333,0.3333333333333333,0.97,2,4,1,2
0.0,-1.0,-1.0,1.0,0.97,2,5,2,4
-1.0,-0.937079794853598,-1.0,1.0,0.97,1,5,1,2
0.0,0.9900062819756297,-1.0,1.0,0.97,2,2,1,2
0.0,-0.11816160567905172,-0.6666666666666666,0.6666666666666666,0.88,1,5,2,1
-0.5,-1.0,-0.3333333333333333,0.3333333333333333,0.97,2,6,1,4
-1.0,0.9567992779719068,-0.3333333333333333,0.3333333333333333,0.79,1,3,1,2
0.5,0.7431385557568799,0.3333333333333333,0.3333333333333333,0.29,1,2,1,1
-0.5,-0.5516365401328888,-0.6666666666666666,0.6666666666666666,0.9,1,3,3,3
0.5,-1.0,0.6666666666666666,0.6666666666666666,0.96,2,5,1,3
0.5,0.6500619012824894,0.6666666666666666,0.6666666666666666,0.97,1,3,1,1
0.0,-0.5899406681422907,0.0,0.0,0.39,2,2,4,4
0.0,1.0,0.0,0.0,0.93,1,1,1,2
0.0,0.8125158189239503,-0.6666666666666666,0.6666666666666666,0.97,2,2,1,2
-1.0,0.9686397293155369,-1.0,1.0,0.97,1,1,2,2
0.0,-0.5707013589632212,0.3333333333333333,0.3333333333333333,0.97,2,6,1,2
-1.0,-0.6386832452619087,-1.0,1.0,0.97,2,6,2,1
0.5,-0.8334739202980121,1.0,1.0,0.97,2,5,1,4
0.5,0.314754477473495,1.0,1.0,0.97,1,3,1,2
0.0,1.0,0.0,0.0,0.44999999999999996,2,1,1,1
0.0,-0.9029685260821123,-0.6666666666666666,0.6666666666666666,0.5299999999999999,2,6,4,1
-0.5,-0.9129567629213001,-1.0,1.0,0.97,2,4,1,4
1.0,0.007132170588425649,-1.0,1.0,0.93,1,2,1,5
-0.5,-0.7632993198151545,-1.0,1.0,0.97,1,5,4,2
0.0,1.0,-1.0,1.0,0.9400000000000001,1,2,1,2
0.5,-0.8538103495728084,1.0,1.0,0.97,2,3,1,4
0.5,-0.02842209264399052,0.0,0.0,0.93,1,3,1,4
-1.0,-0.9119604424826113,-1.0,1.0,0.97,2,6,1,1
1.0,1.0,1.0,1.0,0.97,2,2,1,2
0.5,-0.4551375313018257,1.0,1.0,0.97,1,4,1,3
0.0,0.2513910387733527,-0.3333333333333333,0.3333333333333333,0.97,2,5,1,2
-0.5,-0.18884861317349497,1.0,1.0,0.41,1,3,3,2
-0.5,0.5463418229137066,0.6666666666666666,0.6666666666666666,0.5299999999999999,2,2,1,1
-1.0,-1.0,0.0,0.0,0.93,1,6,2,4
0.0,-0.8522913735483038,0.6666666666666666,0.6666666666666666,0.97,2,5,1,1
0.5,-0.6708857042331272,0.0,0.0,0.91,1,2,7,4
1.0,1.0,1.0,1.0,0.41,2,3,4,1
0.0,0.053026885055884564,0.6666666666666666,0.6666666666666666,0.5299999999999999,2,2,1,4
0.0,1.0,-0.6666666666666666,0.6666666666666666,0.87,1,2,5,1
-1.0,-0.7505011947626995,-1.0,1.0,0.97,2,5,1,2
0.5,-0.4388229393466746,1.0,1.0,0.97,2,5,1,1
0.0,1.0,-0.6666666666666666,0.6666666666666666,0.97,2,2,2,2
0.5,0.030948255773383067,1.0,1.0,0.9500000000000001,2,3,1,2
0.5,-0.6390626800230373,1.0,1.0,0.97,2,2,1,4
-0.5,-0.5513715180719289,-1.0,1.0,0.97,1,5,1,3
0.5,0.7861202470445001,0.6666666666666666,0.6666666666666666,0.5299999999999999,1,2,2,2
0.0,1.0,-0.6666666666666666,0.6666666666666666,0.97,2,2,3,1
-1.0,1.0,-0.6666666666666666,0.6666666666666666,0.97,2,1,3,2
0.5,0.8614262018493885,0.3333333333333333,0.3333333333333333,0.48999999999999994,2,3,1,2
-0.5,1.0,-1.0,1.0,0.97,1,1,3,1
0.0,-1.0,-0.6666666666666666,0.6666666666666666,0.97,2,6,1,2
0.0,-0.9374232944657096,-0.6666666666666666,0.6666666666666666,0.4099999999999999,1,5,4,2
0.0,1.0,0.3333333333333333,0.3333333333333333,0.97,1,1,1,3
0.5,-0.12512817760626022,0.0,0.0,0.93,1,3,1,4
0.5,-0.2634249446624225,-1.0,1.0,0.57,2,2,1,3
0.5,0.3068502696491643,0.6666666666666666,0.6666666666666666,0.32999999999999996,1,2,1,2
-0.5,-1.0,-1.0,1.0,0.97,1,4,1,2
1.0,-0.2346461386341185,1.0,1.0,0.97,2,5,1,2
0.5,-1.0,0.6666666666666666,0.6666666666666666,0.97,2,6,1,2
0.0,0.3921709202534304,0.6666666666666666,0.6666666666666666,0.33999999999999997,1,2,1,3
0.5,-0.83299624765931,0.6666666666666666,0.6666666666666666,0.97,1,2,1,4
0.0,-1.0,0.0,0.0,0.93,1,5,1,2
-1.0,0.1661922020653142,-0.3333333333333333,0.3333333333333333,0.81,1,3,1,2
0.0,-1.0,-0.3333333333333333,0.3333333333333333,0.97,2,6,1,2
1.0,-0.4252792384182401,1.0,1.0,0.87,1,4,6,3
-1.0,0.30147408675836845,-0.3333333333333333,0.3333333333333333,0.3,2,3,1,3
-1.0,0.6445295958381981,-1.0,1.0,0.97,1,5,4,2
0.0,1.0,0.0,0.0,0.44999999999999996,2,2,1,1
1.0,0.5808055607121881,1.0,1.0,0.9400000000000001,2,3,3,3
0.0,-0.5610376812025152,-0.6666666666666666,0.6666666666666666,0.42999999999999994,2,5,1,1
0.5,-0.46237434606788613,0.3333333333333333,0.3333333333333333,0.97,1,3,1,2
0.5,0.6542765136010011,0.0,0.0,0.44999999999999996,2,3,2,1
1.0,-0.48196204346063465,1.0,1.0,0.56,2,4,1,1
0.0,-0.5395927043518778,0.3333333333333333,0.3333333333333333,0.97,1,5,1,2
0.5,-0.9571329525207775,0.3333333333333333,0.3333333333333333,0.97,1,5,1,2
0.5,-0.5489144136699664,1.0,1.0,0.57,1,2,6,3
0.0,1.0,0.3333333333333333,0.3333333333333333,0.97,2,3,1,2
0.0,0.6171322170950919,1.0,1.0,0.97,2,2,1,2
0.5,0.9438033745519774,0.6666666666666666,0.6666666666666666,0.97,2,1,4,1
0.0,0.8888311572221634,0.0,0.0,0.93,2,3,1,2
0.5,-0.8096303215104383,1.0,1.0,0.97,1,3,1,4
-0.5,0.02517417397240297,0.0,0.0,0.93,1,5,1,2
0.0,-0.4501818749618817,-0.6666666666666666,0.6666666666666666,0.97,2,4,3,2
0.0,0.6153804161636277,-0.3333333333333333,0.3333333333333333,0.48999999999999994,1,2,1,2
0.0,-0.7883172961889837,0.0,0.0,0.77,2,5,2,3
-0.5,0.36673487179852776,-0.3333333333333333,0.3333333333333333,0.35,1,2,1,4
-1.0,-0.6259877120005055,-1.0,1.0,0.97,2,6,2,2
-0.5,-0.4741427999398936,-0.6666666666666666,0.6666666666666666,0.91,2,3,1,4
0.0,1.0,1.0,1.0,0.57,2,2,3,1
0.0,1.0,0.0,0.0,0.44999999999999996,2,3,1,1
1.0,0.04026455352947004,0.6666666666666666,0.6666666666666666,0.97,2,4,4,2
-1.0,0.3422666248874836,-1.0,1.0,0.97,2,3,1,2
0.5,0.1404599103681801,0.6666666666666666,0.6666666666666666,0.97,1,2,1,2
-0.5,0.7318203898958613,-1.0,1.0,0.97,1,3,1,2
0.0,1.0,-1.0,1.0,0.97,1,1,2,2
0.0,1.0,-0.6666666666666666,0.6666666666666666,0.97,2,2,1,1
0.0,1.0,0.0,0.0,0.93,1,2,1,2
0.0,-1.0,0.0,0.0,0.93,2,5,5,3
0.0,0.7381233225784178,-0.6666666666666666,0.6666666666666666,0.97,1,5,1,1
0.0,-0.5589941615917994,1.0,1.0,0.97,1,5,1,2
0.0,0.22195761463174718,0.6666666666666666,0.6666666666666666,0.97,1,2,1,4
-0.5,-0.7547449916276271,-1.0,1.0,0.97,2,5,1,2
1.0,-0.3980996655669105,0.3333333333333333,0.3333333333333333,0.97,1,2,1,3
1.0,-0.9825689343907577,1.0,1.0,0.57,2,4,1,4
0.0,1.0,-1.0,1.0,0.97,2,2,2,1
0.0,-0.19219587149383102,-0.3333333333333333,0.3333333333333333,0.8300000000000001,1,5,1,2
0.5,-1.0,0.6666666666666666,0.6666666666666666,0.97,1,5,1,3
0.0,0.17016254158662752,0.0,0.0,0.32,2,2,1,1
-0.5,-0.814481931968651,-1.0,1.0,0.97,2,3,1,3
-1.0,0.9523650592417285,-1.0,1.0,0.9600000000000001,2,5,4,1
-0.5,0.8079408937362923,-1.0,1.0,0.97,2,1,2,2
-0.5,1.0,-0.3333333333333333,0.3333333333333333,0.8500000000000001,2,4,2,1
0.0,-0.6157103975512731,-0.3333333333333333,0.3333333333333333,0.97,2,5,4,1
-0.5,1.0,0.0,0.0,0.25,2,2,3,1
-0.5,1.0,-1.0,1.0,0.97,2,2,2,1
0.5,-1.0,1.0,1.0,0.97,2,6,1,2
0.0,1.0,0.0,0.0,0.29,2,4,1,1
0.0,0.5772268932938975,0.6666666666666666,0.6666666666666666,0.97,2,1,3,4
-0.5,-1.0,-1.0,1.0,0.97,1,6,1,3
-0.5,-1.0,-1.0,1.0,0.97,1,6,1,2
-1.0,0.2808506159436181,-1.0,1.0,0.47,3,4,1,2
1.0,1.0,1.0,1.0,0.97,1,2,1,2
0.5,-0.01372009884618943,0.6666666666666666,0.6666666666666666,0.97,1,2,1,4
0.0,1.0,0.0,0.0,0.79,1,2,2,1
0.0,-0.3260824029066662,0.0,0.0,0.93,2,3,1,3
0.0,1.0,0.6666666666666666,0.6666666666666666,0.84,1,3,1,1
0.0,1.0,0.0,0.0,0.93,1,3,1,1
-1.0,-0.023677724418019654,0.0,0.0,0.39,1,1,1,4
-0.5,1.0,-0.3333333333333333,0.3333333333333333,0.81,1,2,2,2
-0.5,-0.12133121099208918,-1.0,1.0,0.97,2,5,1,1
0.0,-0.0909918770213758,-1.0,1.0,0.97,2,4,2,1
0.0,0.6051753835505991,-1.0,1.0,0.97,1,3,1,2
0.0,0.5541400813542023,-0.3333333333333333,0.3333333333333333,0.97,1,2,1,3
-1.0,-0.04303603288167128,-0.6666666666666666,0.6666666666666666,0.4,2,3,1,3
0.5,0.8634069956068056,0.3333333333333333,0.3333333333333333,0.44,2,2,1,2
0.0,1.0,-0.6666666666666666,0.6666666666666666,0.88,1,2,5,1
1.0,-0.6201054086762972,1.0,1.0,0.97,2,3,1,4
0.0,-0.83582624852336,1.0,1.0,0.57,1,4,1,4
0.0,-0.2829133956853998,0.0,0.0,0.36,1,2,1,4
0.5,1.0,1.0,1.0,0.54,2,5,1,1
0.0,-0.2627544376106483,-0.3333333333333333,0.3333333333333333,0.42,2,2,3,3
-0.5,-0.7340764126192835,-1.0,1.0,0.89,3,3,1,4
0.0,-0.3907764452519926,0.6666666666666666,0.6666666666666666,0.84,1,5,1,1
0.5,0.6444940186546024,0.0,0.0,0.8200000000000001,1,3,1,4
0.0,0.6282832523977276,0.0,0.0,0.4,1,2,3,1
-0.5,-0.20335566737464864,-1.0,1.0,0.97,1,3,1,4
1.0,-1.0,1.0,1.0,0.97,1,6,1,3
-0.5,-1.0,-1.0,1.0,0.97,1,6,1,3
0.0,1.0,0.6666666666666666,0.6666666666666666,0.5299999999999999,2,2,1,2
0.5,1.0,-0.6666666666666666,0.6666666666666666,0.5299999999999999,2,3,1,1
0.5,-1.0,0.3333333333333333,0.3333333333333333,0.97,1,6,1,2
0.0,-0.8675134503140185,-0.6666666666666666,0.6666666666666666,0.97,2,5,1,3
0.5,-0.5617045110857531,0.6666666666666666,0.6666666666666666,0.97,1,3,1,2
-0.5,1.0,-0.3333333333333333,0.3333333333333333,0.92,1,2,1,1
0.5,0.0002370636195077419,0.0,0.0,0.93,1,3,1,2
-0.5,-0.22307308396593428,-1.0,1.0,0.97,2,5,3,1
0.5,-1.0,1.0,1.0,0.97,2,6,1,4
-0.5,0.08740882509085536,-1.0,1.0,0.97,1,5,1,1
1.0,-1.0,1.0,1.0,0.97,1,6,1,2
0.0,1.0,-1.0,1.0,0.92,2,2,2,1
0.0,-1.0,0.6666666666666666,0.6666666666666666,0.91,1,5,1,2
-1.0,-1.0,0.0,0.0,0.8300000000000001,2,6,1,4
-0.5,0.05907935204258776,-1.0,1.0,0.97,1,5,1,2
-1.0,1.0,-1.0,1.0,0.97,2,2,2,1
-1.0,1.0,-1.0,1.0,0.9,2,3,3,2
0.0,0.39203221194168564,1.0,1.0,0.57,2,3,1,4
0.0,0.07148397964934189,0.0,0.0,0.93,1,2,1,3
1.0,1.0,1.0,1.0,0.85,1,2,1,2
0.5,-0.7744907690839404,-0.6666666666666666,0.6666666666666666,0.97,2,3,3,3
-0.5,-0.15550290617735746,-1.0,1.0,0.97,2,5,1,2
-1.0,-0.6860809590408888,-1.0,1.0,0.97,1,3,1,4
0.5,-1.0,1.0,1.0,0.97,2,5,1,2
-0.5,-0.7068640574478582,-1.0,1.0,0.97,1,6,1,2
-0.5,0.06919892180020133,-1.0,1.0,0.97,2,3,1,4
0.0,0.8376688167423446,0.0,0.0,0.93,2,4,1,1
-1.0,-0.012371203305995674,-1.0,1.0,0.97,2,5,1,1
0.0,0.5466138788145686,-1.0,1.0,0.97,2,2,2,3
1.0,0.2116111020366072,1.0,1.0,0.97,2,4,1,2
0.5,-1.0,0.6666666666666666,0.6666666666666666,0.97,2,6,1,3
-0.5,-0.3231592787457274,-1.0,1.0,0.97,2,6,1,1
0.0,-0.9224118283041185,0.0,0.0,0.93,1,6,1,2
-1.0,0.9800259585102485,-1.0,1.0,0.97,2,1,3,4
-0.5,-1.0,-1.0,1.0,0.97,2,6,1,3
0.0,0.830483831995143,0.0,0.0,0.93,1,2,1,2
0.5,-0.30951090793840513,0.0,0.0,0.44999999999999996,2,3,2,2
0.0,-0.8842339870970386,1.0,1.0,0.97,2,6,7,2
0.0,0.8572976779432772,-0.6666666666666666,0.6666666666666666,0.5299999999999999,1,3,3,3
-0.5,-0.7962511255938826,-1.0,1.0,0.97,2,5,1,2
0.5,1.0,-1.0,1.0,0.97,2,1,3,1
1.0,1.0,1.0,1.0,0.97,2,2,1,1
-0.5,-1.0,-1.0,1.0,0.97,1,5,2,1
1.0,-0.2189513605797088,1.0,1.0,0.97,1,2,1,4
0.0,1.0,0.3333333333333333,0.3333333333333333,0.3,2,2,1,1
-0.5,-0.6218621626853674,-0.3333333333333333,0.3333333333333333,0.97,2,2,1,2
0.5,-0.51786426802234,1.0,1.0,0.97,2,3,1,3
0.5,1.0,0.6666666666666666,0.6666666666666666,0.97,2,1,1,4
0.0,0.5819187915052818,0.6666666666666666,0.6666666666666666,0.97,2,2,1,4
1.0,-0.7728332244842839,1.0,1.0,0.97,2,5,1,3
-1.0,0.9405829205640909,0.0,0.0,0.29,3,2,5,3
1.0,-0.9165804477785601,1.0,1.0,0.97,2,6,2,2
-0.5,0.708830865043143,-1.0,1.0,0.97,2,3,1,2
1.0,1.0,0.0,0.0,0.35,1,1,3,1
0.5,0.41785561648254615,1.0,1.0,0.97,1,4,1,1
0.5,-0.39713179748383837,1.0,1.0,0.97,1,4,3,2
0.0,1.0,0.0,0.0,0.44999999999999996,2,2,1,1
-0.5,0.6738077869351151,-1.0,1.0,0.9500000000000001,2,5,1,1
1.0,0.17732709120747364,1.0,1.0,0.97,1,5,1,2
0.5,-1.0,0.3333333333333333,0.3333333333333333,0.48999999999999994,1,6,1,4
-1.0,-1.0,-1.0,1.0,0.97,2,5,1,2
0.0,1.0,0.6666666666666666,0.6666666666666666,0.92,2,2,3,1
0.0,-0.6236378512922215,-0.3333333333333333,0.3333333333333333,0.97,1,4,1,4
-1.0,-0.8569893450990169,-0.6666666666666666,0.6666666666666666,0.97,1,6,1,2
1.0,-0.7597528689649202,1.0,1.0,0.97,1,3,2,4
0.0,0.5805658126367848,1.0,1.0,0.97,1,4,1,1
1.0,-0.9969229099652943,1.0,1.0,0.44,2,3,1,4
-1.0,-1.0,-1.0,1.0,0.97,2,6,1,4
-0.5,-0.3054506017604229,-1.0,1.0,0.9600000000000001,2,6,1,2
0.0,1.0,0.0,0.0,0.33999999999999997,1,3,1,2
0.0,0.42728409763036257,0.0,0.0,0.44999999999999996,2,2,1,4
-0.5,-1.0,-1.0,1.0,0.97,2,6,1,2
-0.5,-0.5038153589299592,-1.0,1.0,0.97,2,6,1,1
0.0,1.0,0.0,0.0,0.44999999999999996,2,2,1,4
0.0,-0.03894880840544449,0.0,0.0,0.3,2,3,1,2
-1.0,-1.0,-1.0,1.0,0.97,1,6,1,2
-0.5,0.13483714628822915,-0.6666666666666666,0.6666666666666666,0.97,1,6,4,1
0.0,1.0,-1.0,1.0,0.97,2,3,2,1
0.5,0.7550911282075434,0.3333333333333333,0.3333333333333333,0.97,2,5,6,2
-0.5,-0.4499062104729644,-0.6666666666666666,0.6666666666666666,0.95,2,4,1,2
1.0,-1.0,1.0,1.0,0.97,2,5,1,4
0.0,0.9998569975741459,-0.6666666666666666,0.6666666666666666,0.97,2,4,1,1
0.5,-0.5727630356244661,0.6666666666666666,0.6666666666666666,0.97,2,2,3,4
0.5,-1.0,1.0,1.0,0.97,1,6,1,2
-0.5,-1.0,-1.0,1.0,0.97,2,6,1,2
0.0,0.9010623300124265,-1.0,1.0,0.9600000000000001,2,4,2,1
-0.5,1.0,-0.3333333333333333,0.3333333333333333,0.48999999999999994,2,2,1,1
0.5,-0.6692408019589697,0.6666666666666666,0.6666666666666666,0.97,2,4,1,4
-0.5,-0.6383436174195647,-1.0,1.0,0.9600000000000001,2,3,4,4
0.0,1.0,0.0,0.0,0.29,2,2,3,2
1.0,1.0,1.0,1.0,0.97,2,1,1,2
0.5,0.780188460547208,0.6666666666666666,0.6666666666666666,0.32999999999999996,1,3,3,2
0.5,-0.49495768705980386,1.0,1.0,0.97,1,5,1,2
0.5,-1.0,1.0,1.0,0.97,1,4,1,3
-0.5,-0.2795353988451293,-1.0,1.0,0.57,1,2,2,4
1.0,0.36509563642251813,0.3333333333333333,0.3333333333333333,0.97,1,2,1,3
0.5,-1.0,0.3333333333333333,0.3333333333333333,0.97,2,6,1,4
1.0,-0.07350192368414664,1.0,1.0,0.97,2,4,1,2
-0.5,0.3863805879792517,-1.0,1.0,0.97,2,5,1,2
0.5,1.0,0.6666666666666666,0.6666666666666666,0.95,2,1,3,2
-1.0,0.8160118190151192,0.0,0.0,0.27,3,2,1,2
0.0,0.7471609875986837,-0.6666666666666666,0.6666666666666666,0.97,1,1,3,2
-0.5,0.15498561716941917,-0.6666666666666666,0.6666666666666666,0.36,1,5,4,2
-0.5,0.813518920204455,-1.0,1.0,0.97,1,3,2,1
-0.5,-1.0,-1.0,1.0,0.97,2,4,1,3
0.0,0.24891475596416093,-0.6666666666666666,0.6666666666666666,0.97,1,5,1,1
-0.5,1.0,-1.0,1.0,0.97,2,1,1,2
0.0,-1.0,0.0,0.0,0.8400000000000001,1,4,3,2
-1.0,0.46642540566616913,-1.0,1.0,0.97,2,2,1,2
0.5,-0.6654401308176249,0.6666666666666666,0.6666666666666666,0.97,1,6,1,1
0.5,1.0,0.0,0.0,0.93,1,2,1,1
-1.0,-0.8181287288544842,-1.0,1.0,0.97,2,5,1,2
0.0,0.40230098545440257,0.0,0.0,0.44999999999999996,1,3,3,1
0.5,-0.045163729697474994,1.0,1.0,0.97,2,3,1,4
-1.0,-0.37112645456319704,-0.3333333333333333,0.3333333333333333,0.97,1,5,4,1
-0.5,-1.0,-0.3333333333333333,0.3333333333333333,0.93,2,6,1,3
-0.5,0.25559518453335545,-1.0,1.0,0.9,1,3,1,1
0.5,-1.0,0.6666666666666666,0.6666666666666666,0.97,1,5,1,2
0.0,-0.030407799877477645,0.0,0.0,0.93,2,3,1,4
1.0,0.9718826952303925,0.0,0.0,0.93,1,3,1,1
-1.0,1.0,-1.0,1.0,0.97,2,2,1,1
-1.0,-1.0,-1.0,1.0,0.97,2,4,1,4
0.5,-1.0,0.6666666666666666,0.6666666666666666,0.97,2,6,1,2
-0.5,0.589346604231115,-1.0,1.0,0.47,2,5,1,1
1.0,-1.0,1.0,1.0,0.97,2,6,1,2
-0.5,-0.7944637126252928,-0.3333333333333333,0.3333333333333333,0.8900000000000001,2,6,1,3
0.0,1.0,-0.6666666666666666,0.6666666666666666,0.95,1,2,1,3
0.5,1.0,1.0,1.0,0.97,2,2,1,2
-0.5,0.055995709888452795,-0.6666666666666666,0.6666666666666666,0.48,1,3,2,2
-1.0,-0.5539753228729598,-0.6666666666666666,0.6666666666666666,0.97,1,5,1,1
0.5,-1.0,1.0,1.0,0.97,2,5,1,4
0.5,-0.8052553691269827,-1.0,1.0,0.97,1,5,1,1
0.0,-0.5700674572990698,0.0,0.0,0.93,1,4,1,2
0.0,1.0,0.3333333333333333,0.3333333333333333,0.97,1,1,1,2
1.0,1.0,1.0,1.0,0.97,2,2,1,2
1.0,-1.0,1.0,1.0,0.97,2,5,4,2
0.5,1.0,-0.6666666666666666,0.6666666666666666,0.49,1,2,3,1
-0.5,-1.0,-0.3333333333333333,0.3333333333333333,0.97,1,6,1,4
-0.5,0.7278181053603398,-1.0,1.0,0.91,2,4,2,2
0.0,-1.0,0.0,0.0,0.93,2,6,2,4
1.0,0.008588149939032135,1.0,1.0,0.97,1,5,1,2
1.0,0.1253255472999662,1.0,1.0,0.97,1,5,1,1
-1.0,-0.45481254937065074,-1.0,1.0,0.97,1,5,1,3
0.0,-0.19857586315770162,-1.0,1.0,0.97,2,2,2,3
-0.5,-0.6112288427320621,-1.0,1.0,0.55,2,5,1,2
0.5,0.4568491835113324,0.3333333333333333,0.3333333333333333,0.97,2,2,1,3
0.0,-0.7354369962558645,-0.6666666666666666,0.6666666666666666,0.97,2,6,1,1
0.0,-0.796441371483974,-0.6666666666666666,0.6666666666666666,0.97,2,6,3,2
0.0,-0.21417009187399147,0.0,0.0,0.93,1,5,4,2
1.0,-1.0,1.0,1.0,0.97,1,6,1,4
0.0,0.8065012157384115,-0.6666666666666666,0.6666666666666666,0.93,1,2,3,2
0.0,-0.8735071235241788,0.0,0.0,0.93,1,4,1,3
0.0,1.0,0.3333333333333333,0.3333333333333333,0.97,1,1,1,2
1.0,0.7211131500202056,1.0,1.0,0.97,1,1,1,4
0.5,-0.9619159526762253,1.0,1.0,0.97,2,3,7,4
0.0,0.7375685518484932,0.6666666666666666,0.6666666666666666,0.97,1,3,1,1
0.5,-1.0,0.6666666666666666,0.6666666666666666,0.5299999999999999,1,5,4,2
0.5,0.43575374309637976,0.6666666666666666,0.6666666666666666,0.87,1,3,1,2
0.5,1.0,1.0,1.0,0.37,2,1,1,1
0.5,1.0,-1.0,1.0,0.97,2,2,2,1
-1.0,0.7069119997162362,-1.0,1.0,0.9500000000000001,2,5,1,1
0.0,-0.5519027514827,0.3333333333333333,0.3333333333333333,0.97,2,2,1,4
0.5,0.42616500507026944,1.0,1.0,0.97,1,2,1,4
0.0,0.7212748589343512,-1.0,1.0,0.97,2,3,2,4
0.0,0.9828787849897218,-0.3333333333333333,0.3333333333333333,0.9,2,3,1,2
1.0,1.0,1.0,1.0,0.57,2,1,1,2
-0.5,-1.0,-1.0,1.0,0.92,1,6,2,2
0.5,-0.29807144493593435,0.3333333333333333,0.3333333333333333,0.3,1,3,4,2
0.0,-0.6431331753392396,0.6666666666666666,0.6666666666666666,0.97,2,3,1,4
1.0,-0.4859596616605461,1.0,1.0,0.97,2,5,1,1
0.5,-0.5030504320908246,0.6666666666666666,0.6666666666666666,0.97,2,5,4,1
0.0,0.24582483755953735,0.6666666666666666,0.6666666666666666,0.82,1,3,1,2
-0.5,-0.600990313150135,-1.0,1.0,0.97,1,5,1,2
0.5,0.3100176003937134,1.0,1.0,0.97,1,2,1,4
0.5,-1.0,0.3333333333333333,0.3333333333333333,0.97,1,3,1,4
1.0,0.1190575216727401,1.0,1.0,0.57,2,2,1,3
-1.0,-1.0,-1.0,1.0,0.97,2,5,1,3
-0.5,0.8569049014598575,0.0,0.0,0.44999999999999996,1,1,1,3
-0.5,1.0,-0.3333333333333333,0.3333333333333333,0.8800000000000001,1,2,1,2
-1.0,0.05689913796458231,-0.3333333333333333,0.3333333333333333,0.97,2,4,1,2
0.0,-1.0,-0.6666666666666666,0.6666666666666666,0.97,1,3,1,4
0.0,1.0,-0.6666666666666666,0.6666666666666666,0.95,1,1,3,3
0.5,-0.6828556304438747,0.3333333333333333,0.3333333333333333,0.97,1,5,1,3
0.5,0.7735707826120878,1.0,1.0,0.49,1,3,1,1
0.5,0.6843339014878791,1.0,1.0,0.97,1,2,1,1
0.0,0.797997085129179,-1.0,1.0,0.89,2,5,4,1
-0.5,-0.14464169133447793,-1.0,1.0,0.9400000000000001,1,3,6,2
0.0,-0.2604509049249812,-0.6666666666666666,0.6666666666666666,0.97,1,6,2,1
-0.5,-0.4422466435379671,-1.0,1.0,0.97,2,5,1,2
0.0,1.0,-1.0,1.0,0.97,2,2,1,1
0.0,0.9515329521498249,0.6666666666666666,0.6666666666666666,0.47,1,2,5,4
-1.0,-0.31250817604142284,-1.0,1.0,0.93,1,6,1,1
0.5,-0.2381466012367992,1.0,1.0,0.97,2,2,1,4
-0.5,1.0,-1.0,1.0,0.97,2,3,1,1
0.5,0.5680133271974148,0.6666666666666666,0.6666666666666666,0.97,2,2,1,2
0.0,0.1411094698691635,0.6666666666666666,0.6666666666666666,0.97,2,2,1,4
0.0,0.6424883977777666,0.0,0.0,0.8400000000000001,1,2,1,1
0.0,0.7789168057056357,-0.3333333333333333,0.3333333333333333,0.97,1,2,1,1
-0.5,-0.9424122640104473,-1.0,1.0,0.97,2,5,3,3
0.5,0.2485123522433074,0.6666666666666666,0.6666666666666666,0.5299999999999999,2,2,1,4
-1.0,-1.0,-1.0,1.0,0.97,2,5,1,4
-1.0,0.1359381818073663,-1.0,1.0,0.97,2,5,7,1
0.5,0.46911701452144344,1.0,1.0,0.97,1,2,1,2
1.0,0.6069355362335579,1.0,1.0,0.97,1,4,1,2
-0.5,-1.0,-1.0,1.0,0.97,1,6,1,2
0.0,-0.655099842781928,1.0,1.0,0.97,2,4,1,2
-1.0,-0.08539246417294566,0.0,0.0,0.81,2,5,1,1
0.0,0.4182818691191106,0.0,0.0,0.44999999999999996,1,2,1,2
0.0,1.0,1.0,1.0,0.97,2,1,1,4
-1.0,-0.6071596784137793,-1.0,1.0,0.97,2,6,1,1
0.0,1.0,0.6666666666666666,0.6666666666666666,0.97,1,1,1,2
-1.0,1.0,-0.3333333333333333,0.3333333333333333,0.97,2,2,1,2
0.5,-1.0,0.0,0.0,0.93,1,5,1,2
-1.0,-0.25978544673481846,-1.0,1.0,0.97,2,3,1,2
0.0,0.6316149169709374,0.6666666666666666,0.6666666666666666,0.97,1,3,1,2
0.0,-0.7026624779251736,-0.6666666666666666,0.6666666666666666,0.91,1,5,1,1
0.0,-0.7028407289552582,0.3333333333333333,0.3333333333333333,0.9500000000000001,2,5,1,1
-1.0,0.8565802816173075,-0.3333333333333333,0.3333333333333333,0.97,1,3,1,2
1.0,0.33094491848115243,0.0,0.0,0.93,1,2,7,4
0.0,-1.0,0.0,0.0,0.93,1,5,1,2
0.0,-0.33004195937430697,0.0,0.0,0.44999999999999996,2,3,2,3
0.0,0.42484772547719735,-0.6666666666666666,0.6666666666666666,0.97,2,2,1,2
0.0,0.8075882623346492,-0.3333333333333333,0.3333333333333333,0.8300000000000001,1,5,1,1
-1.0,1.0,-1.0,1.0,0.89,3,2,1,2
0.5,-0.7682935692399997,0.0,0.0,0.93,2,5,1,2
-1.0,0.17737429257940066,-0.6666666666666666,0.6666666666666666,0.97,2,5,2,1
-0.5,0.6093517336002019,-1.0,1.0,0.89,1,2,1,1
0.5,-0.2980012199787249,1.0,1.0,0.97,2,2,6,4
0.0,-0.009992875973079221,-0.6666666666666666,0.6666666666666666,0.97,1,4,4,2
-1.0,-0.3098208133867508,-0.3333333333333333,0.3333333333333333,0.93,1,5,1,2
1.0,0.7881003813743291,-1.0,1.0,0.97,2,3,2,1
0.0,1.0,-0.6666666666666666,0.6666666666666666,0.85,1,2,1,1
0.5,-0.5061615954633869,0.6666666666666666,0.6666666666666666,0.97,1,5,1,2
0.5,0.4515617482254986,1.0,1.0,0.97,1,1,1,4
-1.0,-0.7028110258421137,-0.3333333333333333,0.3333333333333333,0.97,1,5,6,2
-1.0,-0.710999584476385,-1.0,1.0,0.97,1,4,1,3
1.0,0.9610743866753597,-1.0,1.0,0.97,1,3,2,1
-1.0,-0.8138077615699837,-1.0,1.0,0.97,2,6,1,2
0.0,-0.4431348178091618,-0.6666666666666666,0.6666666666666666,0.97,1,5,3,2
0.5,-1.0,0.6666666666666666,0.6666666666666666,0.97,2,3,1,4
0.0,-0.5294796689195371,0.6666666666666666,0.6666666666666666,0.97,2,3,1,3
0.0,-0.8200744749283753,-0.3333333333333333,0.3333333333333333,0.9400000000000001,2,6,1,2
1.0,1.0,1.0,1.0,0.97,2,2,1,3
0.0,-0.8893596434312802,0.3333333333333333,0.3333333333333333,0.97,1,5,1,3
0.5,-0.3413761125547033,-0.3333333333333333,0.3333333333333333,0.97,1,5,4,1
1.0,0.6552666394679476,0.0,0.0,0.93,2,1,1,4
0.0,-1.0,0.0,0.0,0.33999999999999997,2,5,2,3
-0.5,1.0,-1.0,1.0,0.97,2,3,1,2
-0.5,0.9974036776091156,-1.0,1.0,0.97,1,2,1,2
0.5,-0.8988458350057885,0.6666666666666666,0.6666666666666666,0.94,1,5,1,2
1.0,-0.6348861988151316,-0.6666666666666666,0.6666666666666666,0.97,1,5,3,2
-0.5,0.14042053458977571,-1.0,1.0,0.97,1,3,3,2
-0.5,-0.7027062248230757,-0.6666666666666666,0.6666666666666666,0.97,1,5,1,4
-1.0,-1.0,-1.0,1.0,0.97,2,5,1,3
0.0,-1.0,-0.6666666666666666,0.6666666666666666,0.97,1,5,1,4
-0.5,-1.0,-0.6666666666666666,0.6666666666666666,0.5299999999999999,2,6,1,3
0.5,-0.031954535530723874,0.3333333333333333,0.3333333333333333,0.39999999999999997,2,4,2,1
0.0,0.5189012393050919,-0.6666666666666666,0.6666666666666666,0.97,1,3,1,2
-0.5,-0.8854241529462705,-1.0,1.0,0.97,2,6,1,2
-0.5,0.5655737748833055,-1.0,1.0,0.97,1,1,1,2
-0.5,1.0,-0.6666666666666666,0.6666666666666666,0.5299999999999999,2,2,1,2
0.0,1.0,0.3333333333333333,0.3333333333333333,0.48999999999999994,1,2,1,1
1.0,0.12346965929909566,0.3333333333333333,0.3333333333333333,0.97,2,2,2,4
-1.0,0.8579884954509939,-1.0,1.0,0.89,2,3,6,1
-0.5,-0.29092133096216555,-0.3333333333333333,0.3333333333333333,0.97,1,3,1,4
-0.5,1.0,-1.0,1.0,0.97,2,3,2,1
-0.5,-1.0,-0.3333333333333333,0.3333333333333333,0.9,2,6,1,1
-0.5,-0.7269702607469665,-0.3333333333333333,0.3333333333333333,0.97,1,5,1,2
0.5,-0.19724063977168219,0.6666666666666666,0.6666666666666666,0.97,1,5,1,2
0.0,1.0,0.6666666666666666,0.6666666666666666,0.5299999999999999,2,2,1,1
-0.5,-0.36619332274588695,-1.0,1.0,0.97,2,6,1,1
0.0,0.8986709398379589,0.3333333333333333,0.3333333333333333,0.97,2,5,3,2
0.0,0.37771843606885186,-0.6666666666666666,0.6666666666666666,0.97,2,2,1,4
1.0,1.0,1.0,1.0,0.97,1,2,1,2
-0.5,0.7381678153501062,-1.0,1.0,0.57,2,2,1,2
0.5,0.8001154505765016,1.0,1.0,0.97,1,2,1,1
1.0,-0.2301146266953885,1.0,1.0,0.97,1,4,1,2
0.5,0.36894831484504453,-0.3333333333333333,0.3333333333333333,0.91,1,3,3,3
0.0,1.0,-1.0,1.0,0.97,2,2,1,2
1.0,0.20683798279643814,1.0,1.0,0.97,1,3,7,3
0.5,0.8470014905670297,0.3333333333333333,0.3333333333333333,0.97,2,1,1,3
-0.5,-0.743590577125562,-1.0,1.0,0.97,1,5,1,2
0.0,-0.701885418795817,0.0,0.0,0.44999999999999996,2,6,4,1
1.0,-0.22699881683464135,1.0,1.0,0.97,2,6,1,1
0.5,0.8586657565912392,1.0,1.0,0.97,1,3,2,2
-1.0,-0.05108145555575842,-1.0,1.0,0.97,1,2,1,3
-1.0,0.27512496556741317,-1.0,1.0,0.97,1,5,1,1
0.0,-0.9491472947486477,-0.6666666666666666,0.6666666666666666,0.5299999999999999,1,6,4,1
0.0,-0.6630145470704807,0.0,0.0,0.93,1,4,1,4
0.5,0.2562338466588149,-0.6666666666666666,0.6666666666666666,0.97,2,4,3,1
0.5,-0.6294026894180178,1.0,1.0,0.97,2,6,1,3
-1.0,0.19763886336319342,0.0,0.0,0.93,1,3,1,2
1.0,0.08887442405192832,1.0,1.0,0.97,2,3,1,3
0.0,1.0,0.3333333333333333,0.3333333333333333,0.97,1,3,4,1
0.0,-0.46385547484950873,0.0,0.0,0.44999999999999996,1,3,1,3
-1.0,-1.0,-1.0,1.0,0.97,1,6,1,2
-0.5,1.0,-1.0,1.0,0.97,2,2,2,1
-0.5,0.1473641143332622,-1.0,1.0,0.97,2,3,2,2
0.0,0.18627078818631937,0.0,0.0,0.93,1,3,5,2
0.0,1.0,0.0,0.0,0.44999999999999996,1,1,2,1
0.5,1.0,0.3333333333333333,0.3333333333333333,0.48999999999999994,2,2,1,1
-1.0,-0.12958334625363402,-1.0,1.0,0.97,2,3,3,4
0.5,0.04000207620027757,0.6666666666666666,0.6666666666666666,0.97,1,5,1,1
-0.5,-1.0,-0.6666666666666666,0.6666666666666666,0.93,1,6,1,1
0.0,1.0,-0.6666666666666666,0.6666666666666666,0.97,1,2,1,2
0.0,-1.0,0.6666666666666666,0.6666666666666666,0.97,2,5,1,2
0.5,-1.0,0.3333333333333333,0.3333333333333333,0.97,1,5,1,4
-1.0,0.15084140012227912,-1.0,1.0,0.97,2,3,2,2
0.0,0.843672329308806,0.6666666666666666,0.6666666666666666,0.97,1,3,1,1
0.0,0.2197614771168461,1.0,1.0,0.97,1,2,1,2
0.0,-0.9652709279800212,-0.3333333333333333,0.3333333333333333,0.97,2,6,1,2
-0.5,-0.060534226941603396,-1.0,1.0,0.97,2,5,2,2
-0.5,-0.9710546684074762,-1.0,1.0,0.97,2,5,1,2
-1.0,-1.0,-0.3333333333333333,0.3333333333333333,0.8900000000000001,1,6,1,2
0.0,0.2939535787397569,-1.0,1.0,0.97,1,2,1,4
1.0,0.30708025542155265,1.0,1.0,0.97,1,2,1,4
1.0,-0.37882677656236197,0.0,0.0,0.93,1,2,1,2
-0.5,1.0,-0.6666666666666666,0.6666666666666666,0.97,1,3,1,1
0.0,1.0,0.0,0.0,0.44999999999999996,1,1,2,1
0.5,0.3009094912030601,0.6666666666666666,0.6666666666666666,0.5,2,4,1,2
0.5,-0.1404355722460963,1.0,1.0,0.97,2,4,1,2
0.0,-1.0,-0.3333333333333333,0.3333333333333333,0.97,1,5,1,2
1.0,-0.07270499548226911,0.0,0.0,0.44999999999999996,1,3,1,4
-1.0,-1.0,-1.0,1.0,0.97,1,6,1,2
-1.0,-0.32180663624548184,-1.0,1.0,0.97,2,6,1,1
-0.5,-0.7223357478564887,-1.0,1.0,0.97,2,6,1,1
1.0,0.059941067845794824,1.0,1.0,0.97,2,4,1,2
0.5,-0.9542669618397562,1.0,1.0,0.92,1,5,1,2
0.0,0.5091324569246887,-1.0,1.0,0.97,1,2,3,4
0.0,-0.206866299624359,0.0,0.0,0.93,1,3,1,2
0.0,0.20980527599747534,0.3333333333333333,0.3333333333333333,0.97,1,5,1,3
1.0,1.0,-0.6666666666666666,0.6666666666666666,0.35,1,2,1,2
-0.5,0.7923103057850155,-1.0,1.0,0.97,1,4,1,2
0.0,1.0,0.0,0.0,0.93,1,2,1,3
0.5,-1.0,1.0,1.0,0.97,2,6,1,4
-1.0,1.0,-1.0,1.0,0.57,1,2,2,1
0.0,0.7887739194362001,-1.0,1.0,0.88,1,3,2,1
0.5,-1.0,1.0,1.0,0.97,1,6,1,3
1.0,1.0,1.0,1.0,0.97,2,3,1,2
0.0,-0.3164838891617251,0.3333333333333333,0.3333333333333333,0.43,1,4,5,4
-1.0,1.0,-1.0,1.0,0.57,2,2,1,1
-1.0,-1.0,-1.0,1.0,0.9400000000000001,1,6,2,1
0.0,-1.0,-1.0,1.0,0.97,2,6,2,2
0.0,-1.0,0.0,0.0,0.8,1,5,1,1
0.0,1.0,-0.3333333333333333,0.3333333333333333,0.97,1,1,1,2
0.0,-1.0,0.6666666666666666,0.6666666666666666,0.93,2,5,1,2
-1.0,1.0,-1.0,1.0,0.37,1,2,3,2
0.5,0.8784739094657624,0.0,0.0,0.27,2,2,2,1
0.5,-1.0,0.0,0.0,0.93,2,5,1,4
0.5,0.9644444129786263,1.0,1.0,0.97,2,3,6,1
0.0,0.24189379779243045,1.0,1.0,0.97,1,3,1,2
0.0,1.0,-1.0,1.0,0.97,1,2,2,1
0.0,0.7160078492381156,-1.0,1.0,0.97,2,1,2,2
0.0,-0.9449818618465778,0.3333333333333333,0.3333333333333333,0.8500000000000001,1,5,1,2
0.0,-1.0,-1.0,1.0,0.97,1,6,1,1
0.5,-1.0,0.6666666666666666,0.6666666666666666,0.5299999999999999,1,6,1,3
0.5,0.5172559996039207,0.3333333333333333,0.3333333333333333,0.8,1,3,1,4
-1.0,0.9689477436874602,-1.0,1.0,0.97,2,5,1,1
0.0,-0.37832485874432353,-0.6666666666666666,0.6666666666666666,0.97,2,3,2,4
0.0,-0.5578113148896829,0.0,0.0,0.29,2,5,1,1
-0.5,-0.764160730580434,-1.0,1.0,0.97,2,6,1,1
0.0,0.39367551596158395,-0.3333333333333333,0.3333333333333333,0.8800000000000001,2,4,1,2
-0.5,-0.8174158392953942,-0.3333333333333333,0.3333333333333333,0.97,1,5,1,2
1.0,-1.0,1.0,1.0,0.57,2,5,1,4
-0.5,0.8325799802257091,-0.6666666666666666,0.6666666666666666,0.86,2,3,2,1
-0.5,-0.8459949921857541,-1.0,1.0,0.97,1,5,1,2
0.5,0.14086346918327974,1.0,1.0,0.97,1,3,1,2
0.5,-0.7552266923360369,1.0,1.0,0.97,2,4,1,4
1.0,-0.4577659209675465,1.0,1.0,0.57,1,2,2,4
-1.0,-1.0,-1.0,1.0,0.97,2,6,1,3
1.0,1.0,1.0,1.0,0.97,2,2,1,1
0.5,0.4840633927599648,1.0,1.0,0.97,2,3,1,2
0.5,0.7819729215452783,1.0,1.0,0.97,2,2,1,4
0.5,0.8110970129287186,0.0,0.0,0.44999999999999996,2,2,2,2
-1.0,-0.5465256651949938,-0.6666666666666666,0.6666666666666666,0.94,2,6,1,2
0.0,-1.0,-0.6666666666666666,0.6666666666666666,0.97,1,6,4,2
-0.5,-0.1917775343669131,-0.6666666666666666,0.6666666666666666,0.5299999999999999,1,2,1,4
1.0,-0.05051911712576913,1.0,1.0,0.9600000000000001,1,4,1,2
-0.5,-0.019550121754666163,-1.0,1.0,0.97,2,6,1,2
0.0,-0.973996175719469,0.3333333333333333,0.3333333333333333,0.97,1,2,1,4
0.5,-0.5978200195966165,-0.6666666666666666,0.6666666666666666,0.97,2,5,1,2
0.5,-0.6265533656338468,0.6666666666666666,0.6666666666666666,0.85,2,5,1,4
0.0,-1.0,-1.0,1.0,0.97,1,6,1,1
0.0,-1.0,0.6666666666666666,0.6666666666666666,0.97,2,6,1,2
0.5,1.0,0.6666666666666666,0.6666666666666666,0.97,2,2,1,1
-1.0,0.09197092817567357,0.0,0.0,0.93,2,3,3,3
0.0,0.7571642386122897,-0.3333333333333333,0.3333333333333333,0.97,1,4,3,2
0.5,-1.0,0.3333333333333333,0.3333333333333333,0.97,1,5,1,4
0.0,0.5720458803961064,-0.6666666666666666,0.6666666666666666,0.97,2,5,1,1
0.0,1.0,-0.6666666666666666,0.6666666666666666,0.97,2,2,2,1
0.5,-0.3336462335356174,0.0,0.0,0.37,1,2,2,4
0.0,-0.545550210161075,0.3333333333333333,0.3333333333333333,0.8300000000000001,1,3,1,4
-0.5,0.7128447519383185,-1.0,1.0,0.97,2,2,2,1
1.0,0.7312234511683082,0.6666666666666666,0.6666666666666666,0.97,1,2,1,3
-1.0,-1.0,-1.0,1.0,0.97,2,5,1,4
0.5,-1.0,0.6666666666666666,0.6666666666666666,0.97,1,6,1,2
0.5,0.3170786573201873,0.6666666666666666,0.6666666666666666,0.97,2,2,1,4
0.5,-0.665651421858486,1.0,1.0,0.97,2,4,1,2
0.0,1.0,-1.0,1.0,0.97,1,2,1,1
0.0,0.648232318243418,0.0,0.0,0.44999999999999996,2,2,1,2
0.0,-0.42086769131592566,-0.3333333333333333,0.3333333333333333,0.97,1,6,1,2
-1.0,-0.7535337745690674,-1.0,1.0,0.97,2,5,1,2
0.5,0.38705206091555533,0.0,0.0,0.44999999999999996,2,2,1,4
-0.5,-0.4530054610685395,-1.0,1.0,0.97,2,5,1,2
0.5,-1.0,1.0,1.0,0.97,2,5,1,4
-1.0,-0.9718010687399563,-1.0,1.0,0.54,2,6,2,2
-1.0,-0.03421104944129324,-1.0,1.0,0.97,2,3,1,1
1.0,-0.07769662746872266,0.3333333333333333,0.3333333333333333,0.97,1,6,1,1
-1.0,0.8533742677188492,-1.0,1.0,0.97,2,2,2,2
-1.0,-0.5548029604796283,-1.0,1.0,0.97,2,5,1,3
-1.0,0.7796446307805945,-0.3333333333333333,0.3333333333333333,0.79,1,3,1,2
0.0,0.0712435917039852,0.0,0.0,0.92,1,2,1,3
-0.5,-1.0,-1.0,1.0,0.97,2,6,4,2
0.0,0.21894330732915782,-0.6666666666666666,0.6666666666666666,0.97,2,5,1,1
-1.0,-0.5862608703345497,-0.3333333333333333,0.3333333333333333,0.8,3,3,1,4
0.5,1.0,1.0,1.0,0.97,2,3,1,1
-1.0,-0.7010156555296466,-1.0,1.0,0.97,2,6,2,1
0.0,0.41221756965789225,-1.0,1.0,0.9600000000000001,1,5,2,1
0.0,0.27750851924758263,-1.0,1.0,0.97,1,2,1,4
-1.0,0.026023276836614175,-1.0,1.0,0.97,2,5,1,1
0.0,-1.0,0.0,0.0,0.37,2,6,4,2
0.0,0.05699419657348827,-0.3333333333333333,0.3333333333333333,0.97,1,4,1,2
-0.5,-0.34300130114671684,-1.0,1.0,0.97,1,5,1,3
0.0,1.0,-1.0,1.0,0.97,2,2,2,1
0.0,-0.3285057718370523,-0.3333333333333333,0.3333333333333333,0.97,2,6,2,1
-1.0,1.0,0.3333333333333333,0.3333333333333333,0.38999999999999996,1,2,2,1
0.0,0.12065381464583394,-0.6666666666666666,0.6666666666666666,0.97,2,2,2,4
-1.0,1.0,-1.0,1.0,0.97,2,3,1,2
0.5,0.08375908185737538,0.3333333333333333,0.3333333333333333,0.97,1,5,1,2
1.0,-1.0,1.0,1.0,0.97,1,5,1,4
0.0,-0.37454282262041,-1.0,1.0,0.97,2,4,1,3
1.0,0.04861090125267451,0.3333333333333333,0.3333333333333333,0.97,2,3,1,2
-0.5,-1.0,-0.3333333333333333,0.3333333333333333,0.97,2,5,1,4
1.0,0.15755323459510345,1.0,1.0,0.97,2,3,1,3
0.5,-1.0,0.6666666666666666,0.6666666666666666,0.97,2,6,1,4
1.0,0.8106135010957125,1.0,1.0,0.97,2,3,1,2
0.5,-0.16531851486879018,0.6666666666666666,0.6666666666666666,0.97,2,3,1,2
-0.5,-0.094401239473715,0.0,0.0,0.88,2,6,1,1
0.0,-0.41349459437708047,-0.6666666666666666,0.6666666666666666,0.97,2,2,1,5
0.0,-1.0,-0.3333333333333333,0.3333333333333333,0.97,1,5,1,4
-0.5,1.0,-1.0,1.0,0.97,2,2,1,1
0.5,-0.6832328930079977,1.0,1.0,0.97,1,6,2,3
0.0,0.1335809112512279,0.3333333333333333,0.3333333333333333,0.31,1,3,3,3
0.0,0.30714530428329107,0.0,0.0,0.93,1,4,1,2
0.5,-0.14429210468092193,0.6666666666666666,0.6666666666666666,0.97,2,5,1,2
-1.0,0.6077539073556782,0.0,0.0,0.44999999999999996,2,5,1,1
1.0,0.31726702496490095,1.0,1.0,0.97,1,4,1,2
1.0,0.1420778001149745,1.0,1.0,0.97,2,3,1,1
0.0,0.9903387696854181,0.3333333333333333,0.3333333333333333,0.35,2,4,1,2
0.5,1.0,0.0,0.0,0.93,1,2,1,1
0.0,-0.3326223466098254,-0.6666666666666666,0.6666666666666666,0.92,2,4,1,2
0.5,-0.9676982029609105,0.3333333333333333,0.3333333333333333,0.97,2,3,1,4
1.0,0.8025496679789014,1.0,1.0,0.97,2,1,3,4
-1.0,0.7532976924269456,-1.0,1.0,0.97,1,2,3,2
0.0,0.22850967617912446,1.0,1.0,0.97,2,2,1,4
1.0,0.807560402230744,0.0,0.0,0.44999999999999996,2,3,2,2
-0.5,0.6019665505187651,-1.0,1.0,0.97,2,2,2,2
1.0,-0.5910137476659959,-0.6666666666666666,0.6666666666666666,0.97,1,3,2,3
0.5,-0.7667941747328612,0.3333333333333333,0.3333333333333333,0.48999999999999994,1,5,1,3
0.0,0.5591838394388254,1.0,1.0,0.44999999999999996,1,3,3,1
-0.5,1.0,-1.0,1.0,0.97,1,2,1,1
0.0,0.6161046935751945,0.0,0.0,0.44999999999999996,1,2,2,1
1.0,0.2847526471583667,1.0,1.0,0.97,2,3,1,2
0.0,-0.6540985574251785,-0.3333333333333333,0.3333333333333333,0.48999999999999994,1,6,1,2
0.0,-0.22910836512826058,-0.3333333333333333,0.3333333333333333,0.9500000000000001,2,5,1,2
0.0,0.12347461488276251,0.6666666666666666,0.6666666666666666,0.97,2,1,1,4
0.0,-0.1963036080278842,0.3333333333333333,0.3333333333333333,0.81,2,3,1,2
1.0,-0.05678118212674645,1.0,1.0,0.97,2,4,1,2
0.0,-0.3128264404996316,-1.0,1.0,0.97,1,6,4,1
0.5,-0.8167696954675835,0.6666666666666666,0.6666666666666666,0.97,2,6,1,2
0.5,-0.3340063833680063,0.6666666666666666,0.6666666666666666,0.97,1,4,1,2
0.0,-0.2706228973326456,0.3333333333333333,0.3333333333333333,0.48999999999999994,1,3,1,4
-0.5,1.0,-1.0,1.0,0.39,2,2,2,3
0.0,0.9470048390947341,-0.3333333333333333,0.3333333333333333,0.8,2,3,2,1
0.0,-0.38028485359822595,0.0,0.0,0.44999999999999996,2,2,1,3
0.5,-1.0,0.6666666666666666,0.6666666666666666,0.97,1,5,1,4
0.5,1.0,0.0,0.0,0.93,1,2,1,2
0.5,-0.19871956671823332,0.3333333333333333,0.3333333333333333,0.97,1,2,1,3
0.0,-0.049449943711441194,-0.3333333333333333,0.3333333333333333,0.48999999999999994,2,4,1,2
0.0,0.41860601382083684,-1.0,1.0,0.97,2,1,2,4
0.0,0.4675302143391759,0.0,0.0,0.93,2,3,2,2
-0.5,-0.9275303714932635,-0.6666666666666666,0.6666666666666666,0.97,2,6,1,2
0.5,-0.3707702293360678,1.0,1.0,0.97,1,5,1,3
-0.5,-0.5629163832488153,-1.0,1.0,0.9500000000000001,2,6,1,1
-0.5,0.12342143206497438,-1.0,1.0,0.57,1,5,1,2
-0.5,1.0,-0.3333333333333333,0.3333333333333333,0.97,2,2,1,1
-1.0,-1.0,-1.0,1.0,0.97,2,6,1,2
0.5,0.06577589554932255,1.0,1.0,0.97,1,3,3,2
-0.5,0.3673217410936498,-1.0,1.0,0.97,2,2,1,1
1.0,1.0,0.3333333333333333,0.3333333333333333,0.97,2,2,1,1
-0.5,0.1693479365634664,-1.0,1.0,0.97,1,4,1,4
0.0,0.29585161433526447,-1.0,1.0,0.97,2,2,1,4
0.5,1.0,-1.0,1.0,0.97,2,3,2,1
-0.5,-0.1616713013807592,0.0,0.0,0.39,2,2,3,4
0.0,-0.253504513866202,1.0,1.0,0.97,2,5,1,1
0.5,-1.0,0.3333333333333333,0.3333333333333333,0.97,2,6,1,4
0.0,0.6879353707950718,0.0,0.0,0.36,1,2,2,5
-1.0,-0.6101384768541898,-1.0,1.0,0.97,1,5,1,4
-0.5,-0.9686422168531124,-0.3333333333333333,0.3333333333333333,0.97,2,5,1,4
-1.0,-1.0,-1.0,1.0,0.97,1,6,1,2
0.5,0.9494068744409461,1.0,1.0,0.5,2,3,3,1
0.0,-1.0,-0.6666666666666666,0.6666666666666666,0.97,1,6,1,2
0.0,-0.34328740894396714,0.0,0.0,0.8200000000000001,2,3,1,2
0.5,-0.7169078518770928,1.0,1.0,0.89,1,5,1,1
1.0,-0.9432454442575889,1.0,1.0,0.97,2,5,1,3
0.0,-1.0,-0.6666666666666666,0.6666666666666666,0.97,2,5,1,3
1.0,-0.29431881888243383,1.0,1.0,0.47,1,2,1,3
0.0,0.879819261460608,0.0,0.0,0.27,1,2,1,2
-0.5,-0.7746534383197557,-0.3333333333333333,0.3333333333333333,0.97,2,6,1,1
-0.5,-1.0,-0.3333333333333333,0.3333333333333333,0.3,1,3,4,4
0.5,0.705028854358576,0.3333333333333333,0.3333333333333333,0.97,1,2,1,2
0.0,0.24863973981743406,-1.0,1.0,0.97,1,3,2,2
-1.0,0.0332287976026352,-1.0,1.0,0.97,2,4,2,1
-1.0,-0.9650189506771676,-1.0,1.0,0.97,2,6,1,3
1.0,-1.0,1.0,1.0,0.97,2,4,1,4
0.0,-0.14337161496799966,-1.0,1.0,0.97,2,2,1,2
0.0,-1.0,-0.6666666666666666,0.6666666666666666,0.9,2,6,1,2
0.0,-0.014580397504175805,0.6666666666666666,0.6666666666666666,0.97,1,4,1,2
0.5,0.6895829418213356,0.6666666666666666,0.6666666666666666,0.97,1,2,1,3
0.0,1.0,-0.6666666666666666,0.6666666666666666,0.97,1,2,1,1
-0.5,-1.0,-0.6666666666666666,0.6666666666666666,0.97,1,6,1,1
-0.5,-1.0,-0.6666666666666666,0.6666666666666666,0.97,2,5,1,4
0.0,1.0,0.0,0.0,0.79,2,2,2,1
-1.0,0.749445407007102,-1.0,1.0,0.97,2,4,1,2
1.0,-1.0,0.3333333333333333,0.3333333333333333,0.97,2,6,1,2
1.0,0.8714898674563527,1.0,1.0,0.97,2,2,1,2
0.0,1.0,-1.0,1.0,0.9600000000000001,1,2,3,1
1.0,0.797145429057087,0.0,0.0,0.93,1,2,1,2
0.5,-0.677345431824564,1.0,1.0,0.97,2,5,1,3
-0.5,-0.08762514199665354,-1.0,1.0,0.97,2,3,1,4
0.0,-0.5251800618316376,0.3333333333333333,0.3333333333333333,0.97,1,4,7,4
0.0,0.2072379156210511,-1.0,1.0,0.97,1,2,2,4
0.0,-0.4455075228655819,0.0,0.0,0.93,2,5,1,2
-1.0,-0.9768488747909985,-1.0,1.0,0.97,2,6,1,2
0.0,0.53681039105385,0.0,0.0,0.44999999999999996,2,3,2,1
0.0,-0.25607993016806624,0.3333333333333333,0.3333333333333333,0.97,2,3,1,4
1.0,1.0,1.0,1.0,0.97,1,2,1,1
-1.0,1.0,-0.3333333333333333,0.3333333333333333,0.8300000000000001,1,3,2,1
0.0,1.0,-0.6666666666666666,0.6666666666666666,0.5299999999999999,2,2,1,2
-1.0,0.44449767692977793,-1.0,1.0,0.87,2,3,1,3
-1.0,-1.0,-1.0,1.0,0.97,1,6,2,2
0.5,-0.08157985803698348,1.0,1.0,0.97,2,2,1,4
-1.0,-0.04955944127007606,-1.0,1.0,0.9600000000000001,2,5,1,2
-1.0,1.0,-0.3333333333333333,0.3333333333333333,0.8,3,1,1,1
1.0,0.916717191172901,1.0,1.0,0.97,1,2,3,1
0.5,-0.1987224516662631,0.6666666666666666,0.6666666666666666,0.97,2,2,1,4
0.0,1.0,-1.0,1.0,0.57,2,2,2,3
-0.5,-1.0,-1.0,1.0,0.97,2,6,1,4
-0.5,0.9525718287289263,-0.6666666666666666,0.6666666666666666,0.33999999999999997,1,3,3,3
0.0,0.5258054885814121,0.3333333333333333,0.3333333333333333,0.97,1,3,6,2
0.5,-1.0,1.0,1.0,0.97,2,5,1,4
-0.5,-0.28561976948094986,-0.3333333333333333,0.3333333333333333,0.8500000000000001,1,5,6,1
0.5,-0.4142983391281256,0.6666666666666666,0.6666666666666666,0.97,2,4,1,4
0.0,-0.31653551801286517,-1.0,1.0,0.97,2,6,2,2
0.5,-0.1864646595613935,0.6666666666666666,0.6666666666666666,0.97,1,4,1,1
1.0,-1.0,1.0,1.0,0.97,1,6,1,4
1.0,1.0,1.0,1.0,0.97,2,2,1,2
0.0,-0.49504666427504385,0.3333333333333333,0.3333333333333333,0.48999999999999994,2,3,1,4
1.0,-0.38428768183733814,-1.0,1.0,0.97,2,5,1,1
0.0,1.0,-1.0,1.0,0.9400000000000001,2,2,2,1
-1.0,0.936489139550137,1.0,1.0,0.97,1,4,2,1
-0.5,0.18106203858749317,-1.0,1.0,0.97,2,3,1,2
1.0,1.0,1.0,1.0,0.97,1,2,1,2
-0.5,-1.0,-1.0,1.0,0.97,2,5,4,2
1.0,-1.0,0.3333333333333333,0.3333333333333333,0.97,1,5,1,3
0.0,0.6026622476444421,1.0,1.0,0.87,1,1,1,4
0.0,-0.5308054823659215,0.3333333333333333,0.3333333333333333,0.97,1,5,1,2
1.0,-1.0,1.0,1.0,0.97,2,4,3,4
0.5,-0.380893833804405,1.0,1.0,0.97,2,3,1,3
0.5,-0.504058855478697,0.3333333333333333,0.3333333333333333,0.8800000000000001,2,2,1,4
0.0,-0.30833518162487095,0.0,0.0,0.44999999999999996,2,5,1,2
1.0,-1.0,1.0,1.0,0.92,2,5,1,1
0.0,-0.9582208515489611,0.3333333333333333,0.3333333333333333,0.48999999999999994,2,3,1,4
-0.5,-0.5009549435222834,-1.0,1.0,0.97,2,2,2,3
0.0,-0.26712008072852217,0.6666666666666666,0.6666666666666666,0.97,2,4,1,3
0.0,-1.0,0.0,0.0,0.93,1,5,1,2
-1.0,-1.0,-0.3333333333333333,0.3333333333333333,0.97,1,6,1,4
0.5,1.0,0.6666666666666666,0.6666666666666666,0.97,2,2,1,3
0.0,0.3314620427584663,0.6666666666666666,0.6666666666666666,0.91,1,5,1,2
-0.5,-1.0,-1.0,1.0,0.97,2,5,1,3
1.0,-1.0,0.3333333333333333,0.3333333333333333,0.8800000000000001,2,5,1,4
0.0,0.8021850040953562,-0.6666666666666666,0.6666666666666666,0.97,2,2,1,1
1.0,-0.5713228350545098,1.0,1.0,0.97,2,2,1,4
0.0,-1.0,-0.6666666666666666,0.6666666666666666,0.5299999999999999,1,6,1,2
0.5,1.0,0.6666666666666666,0.6666666666666666,0.97,1,2,1,2
0.0,-0.11212245991701651,0.3333333333333333,0.3333333333333333,0.8,2,3,3,4
0.5,-1.0,1.0,1.0,0.97,2,6,1,4
0.0,-0.23720798597414589,-1.0,1.0,0.97,2,6,2,1
-0.5,-1.0,-0.3333333333333333,0.3333333333333333,0.32999999999999996,2,5,1,2
1.0,-0.9426876763788807,1.0,1.0,0.97,2,5,1,2
0.0,-1.0,-0.6666666666666666,0.6666666666666666,0.97,2,6,1,1
0.0,-0.56631004537962,-0.6666666666666666,0.6666666666666666,0.5299999999999999,2,6,2,1
0.0,-0.23170902686989883,-0.3333333333333333,0.3333333333333333,0.97,2,5,1,1
0.0,0.8251288200143262,0.3333333333333333,0.3333333333333333,0.97,1,2,2,2
0.0,0.7475291057497758,-0.6666666666666666,0.6666666666666666,0.97,1,3,2,1
-0.5,-0.5355313582806863,-1.0,1.0,0.97,2,5,1,2
0.5,1.0,0.6666666666666666,0.6666666666666666,0.97,4,2,1,1
-1.0,0.9778359280556949,-1.0,1.0,0.97,2,2,1,2
0.0,-0.09409863164840856,0.3333333333333333,0.3333333333333333,0.78,2,2,2,4
1.0,0.2661888437305125,1.0,1.0,0.97,1,2,1,4
1.0,1.0,1.0,1.0,0.57,2,2,2,2
0.5,0.6074362383691281,1.0,1.0,0.57,1,2,1,2
0.5,-0.5784917197572312,0.6666666666666666,0.6666666666666666,0.97,1,5,1,2
1.0,1.0,1.0,1.0,0.97,2,2,1,2
1.0,0.32033280116379353,0.0,0.0,0.44999999999999996,2,2,1,2
0.5,-0.08184475901525164,0.6666666666666666,0.6666666666666666,0.97,2,6,1,2
1.0,-1.0,1.0,1.0,0.97,1,6,1,4
1.0,-1.0,0.3333333333333333,0.3333333333333333,0.97,2,4,1,4
-1.0,-0.5038862627078141,-1.0,1.0,0.86,1,3,1,3
0.5,0.17953586613033484,1.0,1.0,0.97,2,5,1,3
0.5,0.6350975860177395,0.0,0.0,0.44999999999999996,2,2,1,2
0.0,-0.20778233193624884,0.3333333333333333,0.3333333333333333,0.97,2,2,1,4
0.5,-1.0,0.0,0.0,0.93,2,6,1,3
1.0,0.9496219630726979,0.6666666666666666,0.6666666666666666,0.97,1,2,1,2
0.0,0.7269460672008438,-1.0,1.0,0.97,2,2,1,2
1.0,-0.496799615059888,0.0,0.0,0.93,2,3,1,4
0.5,-1.0,1.0,1.0,0.97,2,2,1,4
-1.0,0.9294346443978259,0.0,0.0,0.31,3,2,5,2
-0.5,0.8486291660249446,-1.0,1.0,0.97,1,3,3,1
0.0,1.0,0.6666666666666666,0.6666666666666666,0.97,1,1,1,1
-0.5,1.0,-0.6666666666666666,0.6666666666666666,0.48,1,2,1,2
-0.5,-1.0,-0.3333333333333333,0.3333333333333333,0.8700000000000001,1,4,1,5
-1.0,0.3034220597630091,-0.3333333333333333,0.3333333333333333,0.97,1,5,1,1
0.5,-0.22142033801006913,1.0,1.0,0.97,1,4,1,1
-0.5,0.2777504706493854,-1.0,1.0,0.97,1,5,2,1
-1.0,0.5386578306481099,-1.0,1.0,0.97,2,3,1,1
0.5,-1.0,0.6666666666666666,0.6666666666666666,0.97,2,4,3,4
-1.0,0.31972276439295483,-1.0,1.0,0.97,1,3,1,2
0.0,0.7906426526617062,0.6666666666666666,0.6666666666666666,0.97,2,2,1,4
0.0,0.5122301038885182,-0.3333333333333333,0.3333333333333333,0.78,1,3,1,2
0.0,-0.24369528493628945,-0.6666666666666666,0.6666666666666666,0.95,2,6,1,2
-0.5,0.9283399964263702,-0.6666666666666666,0.6666666666666666,0.97,2,2,1,1
-0.5,1.0,-1.0,1.0,0.97,1,2,1,3
-1.0,-1.0,0.0,0.0,0.44999999999999996,1,6,1,2
1.0,-1.0,1.0,1.0,0.97,2,5,1,4
-0.5,-1.0,-1.0,1.0,0.97,1,6,1,5
0.5,0.8246850011541466,1.0,1.0,0.97,2,2,1,3
0.5,-0.4156280714757952,0.6666666666666666,0.6666666666666666,0.97,2,5,1,2
-0.5,-0.3329421090137324,-0.6666666666666666,0.6666666666666666,0.97,2,2,1,4
0.5,1.0,1.0,1.0,0.91,2,2,1,2
0.0,1.0,0.3333333333333333,0.3333333333333333,0.48999999999999994,1,2,1,2
-0.5,0.11061073315431656,-0.6666666666666666,0.6666666666666666,0.97,2,3,2,2
0.5,-1.0,0.3333333333333333,0.3333333333333333,0.9500000000000001,1,5,1,2
-1.0,-0.34523352434903076,-1.0,1.0,0.97,2,6,1,1
0.0,0.2432690923799122,0.3333333333333333,0.3333333333333333,0.31,2,3,1,2
-0.5,-1.0,-1.0,1.0,0.97,2,6,1,4
1.0,0.3472834337134235,1.0,1.0,0.97,1,2,1,4
-0.5,-0.36486175755557226,-0.3333333333333333,0.3333333333333333,0.8200000000000001,2,5,6,1
0.5,-1.0,1.0,1.0,0.93,2,6,1,2
0.0,-1.0,0.0,0.0,0.93,2,6,2,2
0.0,0.34478514803119625,0.3333333333333333,0.3333333333333333,0.97,1,3,1,4
1.0,0.43297005657001,1.0,1.0,0.97,1,3,1,2
0.5,-0.6538004811400528,0.6666666666666666,0.6666666666666666,0.97,1,3,1,3
0.0,0.2714344281041141,0.0,0.0,0.93,2,2,1,2
-0.5,-0.4741849907374498,-1.0,1.0,0.97,1,5,1,2
1.0,-1.0,0.3333333333333333,0.3333333333333333,0.9500000000000001,2,3,1,4
0.0,0.5011146375912563,0.3333333333333333,0.3333333333333333,0.97,1,2,3,1
0.0,1.0,0.0,0.0,0.37,2,1,5,1
0.0,1.0,0.0,0.0,0.44999999999999996,1,2,1,2
0.0,-0.3185164879674125,-0.6666666666666666,0.6666666666666666,0.97,2,5,1,1
-0.5,-0.39309045664562714,-0.3333333333333333,0.3333333333333333,0.48999999999999994,2,5,1,2
0.5,-0.5086509542909983,0.3333333333333333,0.3333333333333333,0.97,1,6,4,1
0.0,1.0,-0.6666666666666666,0.6666666666666666,0.97,1,3,6,1
0.5,1.0,0.6666666666666666,0.6666666666666666,0.97,1,1,1,3
1.0,-1.0,0.6666666666666666,0.6666666666666666,0.97,1,6,1,2
0.5,-0.673589655262085,0.6666666666666666,0.6666666666666666,0.97,2,5,1,2
-0.5,-0.2753341289041221,-0.3333333333333333,0.3333333333333333,0.8500000000000001,1,5,4,2
0.5,-0.7628384495352021,0.6666666666666666,0.6666666666666666,0.95,2,5,4,2
-0.5,-0.4080067273043288,-0.3333333333333333,0.3333333333333333,0.48,2,3,1,4
0.0,0.38929151044461263,-0.6666666666666666,0.6666666666666666,0.97,1,3,1,3
0.0,-0.3845218297416825,0.0,0.0,0.92,1,3,1,4
-1.0,1.0,-1.0,1.0,0.97,2,3,1,2
-0.5,0.04450934630116749,-0.6666666666666666,0.6666666666666666,0.97,1,5,1,2
-0.5,0.8371577992523078,-1.0,1.0,0.97,1,2,1,2
0.5,0.7352797320774145,0.6666666666666666,0.6666666666666666,0.97,1,3,1,1
-0.5,-0.6574944797566407,-0.6666666666666666,0.6666666666666666,0.88,1,3,1,1
-0.5,-1.0,-1.0,1.0,0.97,2,6,1,2
0.0,-0.29345388247849113,-0.6666666666666666,0.6666666666666666,0.97,2,3,2,2
0.0,0.5934928551931447,0.0,0.0,0.44999999999999996,1,2,1,3
0.0,-0.8891205810613035,-0.6666666666666666,0.6666666666666666,0.97,1,5,1,3
-0.5,-0.1818875291216066,-0.6666666666666666,0.6666666666666666,0.97,1,5,1,2
1.0,0.125986773209609,1.0,1.0,0.97,2,6,1,1
-0.5,-0.13899394229250336,-1.0,1.0,0.97,1,5,1,1
1.0,1.0,1.0,1.0,0.97,2,2,1,3
0.0,-0.8473308452374672,1.0,1.0,0.97,1,5,1,3
0.5,-0.27084599151266747,0.6666666666666666,0.6666666666666666,0.5299999999999999,2,3,1,2
0.0,-0.23993603826692886,-0.6666666666666666,0.6666666666666666,0.97,1,2,2,4
0.0,0.7036804994465188,0.0,0.0,0.44999999999999996,2,2,1,2
0.0,0.30602114643733613,-1.0,1.0,0.97,1,3,2,3
0.0,-0.02010348516069644,-0.6666666666666666,0.6666666666666666,0.5299999999999999,1,2,1,3
0.0,-0.583491815664302,0.0,0.0,0.88,2,3,2,4
0.5,-0.6318640141634031,1.0,1.0,0.97,2,5,1,2
0.0,1.0,-0.6666666666666666,0.6666666666666666,0.32999999999999996,1,1,1,2
0.5,-0.5433031150356954,0.3333333333333333,0.3333333333333333,0.97,2,5,1,3
-0.5,-0.2105248222992604,0.0,0.0,0.42,2,5,1,2
1.0,-0.35680448416933974,1.0,1.0,0.97,2,5,1,3
-0.5,0.24335059838600878,0.0,0.0,0.8,2,3,1,2
0.0,-0.760019499171877,0.0,0.0,0.93,2,5,1,4
0.5,-0.6610460354495794,1.0,1.0,0.97,1,2,1,4
0.0,0.17034504451120958,0.3333333333333333,0.3333333333333333,0.97,1,2,4,2
0.5,-0.2202163358960117,0.3333333333333333,0.3333333333333333,0.97,1,3,6,2
0.5,0.36187690161939623,0.3333333333333333,0.3333333333333333,0.97,2,4,1,1
0.0,-0.27785911659714735,0.6666666666666666,0.6666666666666666,0.97,2,4,1,4
-1.0,-0.9236372278602135,-0.6666666666666666,0.6666666666666666,0.88,1,6,3,1
1.0,-1.0,1.0,1.0,0.97,2,4,1,4
-0.5,-1.0,-1.0,1.0,0.97,2,6,1,2
0.0,1.0,0.0,0.0,0.93,2,2,3,2
-0.5,0.5884660814293892,-1.0,1.0,0.9,2,3,3,1
-1.0,-0.2248886598641115,0.0,0.0,0.44999999999999996,1,2,1,4
-0.5,-1.0,-1.0,1.0,0.97,1,6,1,2
1.0,-0.24500308157461698,1.0,1.0,0.97,1,2,1,4
-1.0,1.0,-1.0,1.0,0.97,2,3,1,2
-0.5,0.5250673712567057,-0.6666666666666666,0.6666666666666666,0.97,2,2,1,3
0.0,0.933002152234415,-1.0,1.0,0.97,1,2,2,1
0.5,1.0,1.0,1.0,0.57,2,2,4,2
-0.5,0.17001043637096058,-1.0,1.0,0.97,2,2,4,3
0.0,1.0,0.6666666666666666,0.6666666666666666,0.97,1,3,1,1
-0.5,0.6118681603133875,-1.0,1.0,0.9600000000000001,2,5,1,1
1.0,0.9288316922193612,1.0,1.0,0.97,2,2,1,2
0.0,-1.0,-0.6666666666666666,0.6666666666666666,0.97,1,5,1,4
-1.0,1.0,-1.0,1.0,0.87,2,3,1,2
0.5,0.7408279979004053,0.6666666666666666,0.6666666666666666,0.88,1,1,2,4
0.5,-0.2952800184927314,0.3333333333333333,0.3333333333333333,0.36999999999999994,1,5,1,1
0.0,1.0,0.0,0.0,0.93,2,2,3,1
0.5,-0.11836187019058673,1.0,1.0,0.97,2,4,1,3
0.0,-1.0,-1.0,1.0,0.97,2,6,2,4
0.5,-0.7748321678259275,0.0,0.0,0.93,1,3,2,4
-1.0,-0.8622988342127309,-1.0,1.0,0.97,2,6,1,2
0.5,-0.5675073878312913,1.0,1.0,0.97,2,2,1,4
0.0,0.22470879583832973,-0.3333333333333333,0.3333333333333333,0.97,2,5,1,1
0.0,-0.016968060016246025,0.0,0.0,0.31,2,3,1,3
0.5,0.5647444345928156,1.0,1.0,0.97,2,3,1,2
0.0,0.8225669352766897,0.0,0.0,0.44999999999999996,2,2,7,2
0.0,0.7676184573643129,-0.3333333333333333,0.3333333333333333,0.29,1,2,3,2
-0.5,0.44348982019204036,-0.3333333333333333,0.3333333333333333,0.9,1,2,3,2
-1.0,-0.011943892693240567,-0.3333333333333333,0.3333333333333333,0.8300000000000001,2,3,1,4
0.0,1.0,0.0,0.0,0.76,2,3,2,2
0.5,-0.23709852342023507,1.0,1.0,0.97,1,2,1,4
0.0,0.16547804167225874,0.6666666666666666,0.6666666666666666,0.91,1,5,1,1
0.0,-0.20006769585015552,1.0,1.0,0.97,2,3,1,4
1.0,0.9036710086080849,0.6666666666666666,0.6666666666666666,0.97,2,2,1,2
1.0,0.1579071044975197,0.0,0.0,0.26,1,1,2,3
0.0,-0.2663199272882704,-0.3333333333333333,0.3333333333333333,0.32999999999999996,2,3,3,2
-1.0,0.9114051550476762,-1.0,1.0,0.97,2,2,2,1
-1.0,-1.0,-0.3333333333333333,0.3333333333333333,0.97,2,6,1,3
-1.0,0.13195231479829797,-1.0,1.0,0.97,2,6,2,1
0.5,-0.35420822409845804,-0.3333333333333333,0.3333333333333333,0.97,2,5,4,2
1.0,1.0,0.6666666666666666,0.6666666666666666,0.5299999999999999,2,1,1,2
-0.5,0.17137243829280166,-1.0,1.0,0.97,2,2,2,1
-0.5,-1.0,-0.6666666666666666,0.6666666666666666,0.97,1,5,1,1
0.0,0.4159502738129467,-1.0,1.0,0.97,2,3,1,2
1.0,1.0,0.3333333333333333,0.3333333333333333,0.97,1,2,1,4
-1.0,1.0,-1.0,1.0,0.37,3,1,3,1
0.0,0.9309208396737355,-0.3333333333333333,0.3333333333333333,0.97,1,2,1,3
1.0,-1.0,1.0,1.0,0.9400000000000001,2,5,1,3
0.0,-0.5182904847598572,-0.6666666666666666,0.6666666666666666,0.97,1,5,2,2
0.0,0.15070160929265367,-0.6666666666666666,0.6666666666666666,0.5299999999999999,2,4,1,3
0.5,-0.12644615852999486,0.6666666666666666,0.6666666666666666,0.97,1,2,1,4
-1.0,-0.005350874429138851,-0.3333333333333333,0.3333333333333333,0.97,1,4,6,1
1.0,0.6796034977699269,1.0,1.0,0.97,1,4,1,2
1.0,0.9233421504960383,0.6666666666666666,0.6666666666666666,0.5299999999999999,2,2,1,2
1.0,0.025719807455934447,1.0,1.0,0.97,1,5,1,2
0.5,0.5395781668812336,-1.0,1.0,0.97,2,2,3,2
0.0,1.0,0.6666666666666666,0.6666666666666666,0.97,1,2,1,2
0.0,-0.8257084381454585,0.3333333333333333,0.3333333333333333,0.97,2,5,1,3
0.0,0.16325825086798754,-0.3333333333333333,0.3333333333333333,0.97,1,4,1,2
-0.5,0.5464416435187824,-1.0,1.0,0.97,2,2,1,3
-1.0,0.21188302935636755,-0.3333333333333333,0.3333333333333333,0.77,1,2,1,3
-0.5,-1.0,-0.6666666666666666,0.6666666666666666,0.91,2,6,2,2
0.0,0.6670039970024747,-0.6666666666666666,0.6666666666666666,0.8099999999999999,1,2,1,2
0.5,-0.043417478832305574,1.0,1.0,0.97,1,5,1,2
0.5,-1.0,1.0,1.0,0.9600000000000001,2,4,1,4
1.0,0.053426954942445634,1.0,1.0,0.97,1,3,1,1
0.5,-1.0,-1.0,1.0,0.97,1,5,1,1
-0.5,-1.0,-0.6666666666666666,0.6666666666666666,0.97,1,6,1,4
-0.5,0.1993118993886267,-0.6666666666666666,0.6666666666666666,0.97,1,5,4,1
-1.0,-0.7298815356017009,-1.0,1.0,0.9,1,5,2,1
-0.5,0.15266327581609965,-1.0,1.0,0.92,1,3,6,3
-1.0,0.4888983191619685,-1.0,1.0,0.57,1,3,1,2
-0.5,-0.5812779552361256,-1.0,1.0,0.97,2,5,3,2
0.0,1.0,0.0,0.0,0.93,1,2,1,2
0.0,0.6205890833512072,1.0,1.0,0.57,1,1,1,4
1.0,0.38081268891051495,-0.3333333333333333,0.3333333333333333,0.48999999999999994,2,1,1,1
0.5,0.2472364829809233,0.3333333333333333,0.3333333333333333,0.97,1,3,1,2
0.5,1.0,0.3333333333333333,0.3333333333333333,0.8500000000000001,2,1,7,2
0.5,1.0,0.6666666666666666,0.6666666666666666,0.97,1,3,1,2
-1.0,-0.14393779953622307,-1.0,1.0,0.92,2,6,1,2
0.0,-1.0,-1.0,1.0,0.97,2,3,5,4
-1.0,1.0,-1.0,1.0,0.37,2,2,1,1
0.5,0.016874356382177602,-1.0,1.0,0.91,2,3,2,1
1.0,1.0,0.6666666666666666,0.6666666666666666,0.37,1,2,6,1
0.0,1.0,0.0,0.0,0.93,2,2,2,1
0.5,0.11904296555135314,0.6666666666666666,0.6666666666666666,0.95,2,4,1,2
0.0,0.9264988468718143,-0.3333333333333333,0.3333333333333333,0.8900000000000001,1,3,1,1
1.0,1.0,0.0,0.0,0.93,1,3,1,1
1.0,1.0,0.0,0.0,0.93,1,2,1,1
0.5,0.6633380761698032,1.0,1.0,0.97,2,2,1,4
0.0,0.11461421363711696,-0.6666666666666666,0.6666666666666666,0.92,2,5,2,1
-0.5,1.0,0.0,0.0,0.93,2,2,1,1
0.5,0.4580567595759229,1.0,1.0,0.57,1,2,1,4
0.5,1.0,1.0,1.0,0.97,2,2,1,2
0.5,-0.16516733890535726,0.3333333333333333,0.3333333333333333,0.48999999999999994,2,4,1,2
-0.5,1.0,0.3333333333333333,0.3333333333333333,0.43,1,1,7,1
0.5,-0.4344070493621283,1.0,1.0,0.97,2,6,1,2
-0.5,0.32656900633861513,-0.3333333333333333,0.3333333333333333,0.8400000000000001,2,5,3,2
1.0,-0.3984444452267021,1.0,1.0,0.97,2,3,1,3
0.0,-0.7457434581012894,-0.3333333333333333,0.3333333333333333,0.48999999999999994,2,6,2,1
0.0,-0.8452534929567971,-0.3333333333333333,0.3333333333333333,0.97,1,6,1,2
-0.5,0.6727044969670293,-1.0,1.0,0.88,2,3,1,2
-0.5,0.6251116587390041,-1.0,1.0,0.9,2,2,1,2
-0.5,0.5620638771351488,-1.0,1.0,0.97,2,3,1,4
-1.0,-0.8078845353017508,-1.0,1.0,0.97,1,6,1,2
0.5,0.334263332382889,-1.0,1.0,0.97,2,2,2,4
1.0,1.0,1.0,1.0,0.97,1,2,1,1
-0.5,1.0,-1.0,1.0,0.97,2,2,4,1
0.0,1.0,0.0,0.0,0.29,1,1,1,1
0.5,-1.0,-0.6666666666666666,0.6666666666666666,0.97,1,6,2,1
-1.0,-0.09542423210498403,-1.0,1.0,0.87,2,3,6,3
0.5,-1.0,0.3333333333333333,0.3333333333333333,0.97,1,6,1,4
0.5,0.4479347478193076,-0.6666666666666666,0.6666666666666666,0.97,1,2,1,4
1.0,-1.0,0.3333333333333333,0.3333333333333333,0.97,1,6,1,4
1.0,-1.0,1.0,1.0,0.97,2,6,1,4
-1.0,0.7865436087115698,-0.6666666666666666,0.6666666666666666,0.41999999999999993,1,3,1,1
1.0,-0.1474338118415594,1.0,1.0,0.97,1,5,4,2
0.0,-0.5412122644439518,0.3333333333333333,0.3333333333333333,0.97,1,2,1,4
-0.5,1.0,-0.6666666666666666,0.6666666666666666,0.97,2,2,4,1
-0.5,0.3624103321872428,-0.6666666666666666,0.6666666666666666,0.82,2,3,3,3
0.0,-1.0,-0.3333333333333333,0.3333333333333333,0.9500000000000001,2,6,7,3
0.5,1.0,1.0,1.0,0.97,1,2,1,1
0.0,-1.0,0.0,0.0,0.93,1,5,1,4
0.5,-0.609049593091467,0.3333333333333333,0.3333333333333333,0.97,2,5,1,2
0.0,-0.5557030641595868,-0.6666666666666666,0.6666666666666666,0.97,2,2,2,4
1.0,1.0,0.0,0.0,0.79,1,3,1,1
0.5,-1.0,-0.3333333333333333,0.3333333333333333,0.97,2,4,1,4
-0.5,-1.0,-0.6666666666666666,0.6666666666666666,0.97,2,5,1,2
-0.5,-0.05517285958279451,-0.3333333333333333,0.3333333333333333,0.97,1,5,1,1
-1.0,-0.7645432055853394,-1.0,1.0,0.97,2,5,1,2
1.0,-1.0,1.0,1.0,0.89,2,5,1,4
-0.5,-0.2711798689245468,-1.0,1.0,0.97,1,5,4,2
0.5,-1.0,1.0,1.0,0.97,2,6,1,2
0.5,-0.4889335066032775,1.0,1.0,0.57,2,2,1,4
1.0,-0.8493587252417849,1.0,1.0,0.97,1,5,1,2
0.5,-1.0,0.6666666666666666,0.6666666666666666,0.97,2,6,1,3
0.5,0.5550820043117458,0.6666666666666666,0.6666666666666666,0.97,2,5,1,1
1.0,0.6343184499431961,1.0,1.0,0.97,2,2,1,4
0.5,1.0,-0.6666666666666666,0.6666666666666666,0.86,2,2,3,1
0.0,-1.0,-0.3333333333333333,0.3333333333333333,0.97,1,4,1,3
0.5,0.2604674843688472,0.6666666666666666,0.6666666666666666,0.97,2,2,1,4
0.0,1.0,-0.3333333333333333,0.3333333333333333,0.97,1,3,1,2
-0.5,-0.80374280805472,-0.3333333333333333,0.3333333333333333,0.97,1,6,1,3
0.0,-0.3041923998776333,-1.0,1.0,0.97,2,5,1,2
0.5,-1.0,0.6666666666666666,0.6666666666666666,0.97,1,5,4,2
0.5,-1.0,1.0,1.0,0.97,2,5,1,4
-1.0,0.5884743308569114,-1.0,1.0,0.97,2,3,2,4
0.0,-0.8090174374825587,-0.3333333333333333,0.3333333333333333,0.8600000000000001,1,4,1,2
1.0,-1.0,-0.3333333333333333,0.3333333333333333,0.44999999999999996,2,5,4,2
-1.0,-0.11248187057419681,-0.6666666666666666,0.6666666666666666,0.93,2,6,1,1
-0.5,-1.0,-1.0,1.0,0.97,1,6,2,2
0.5,-1.0,0.6666666666666666,0.6666666666666666,0.97,2,6,1,2
-1.0,1.0,0.0,0.0,0.44999999999999996,1,2,3,1
1.0,0.2973327264050802,0.3333333333333333,0.3333333333333333,0.97,2,2,1,4
0.5,-0.8079309732505162,0.0,0.0,0.44999999999999996,1,6,7,1
-1.0,0.7198437368670599,-1.0,1.0,0.97,2,2,2,1
0.5,1.0,1.0,1.0,0.97,2,2,1,4
0.5,-0.07789930192267117,0.0,0.0,0.93,1,4,1,2
-0.5,1.0,-1.0,1.0,0.55,1,3,1,1
0.0,0.404209153500928,-0.6666666666666666,0.6666666666666666,0.93,1,4,3,2
1.0,0.5657406891266152,1.0,1.0,0.97,2,3,1,1
0.0,-0.8767956796902919,0.0,0.0,0.91,1,6,1,1
-0.5,0.6342951046735429,-1.0,1.0,0.9600000000000001,3,5,1,1
0.5,-0.20139399806247923,0.6666666666666666,0.6666666666666666,0.97,1,5,1,3
0.0,-1.0,-0.6666666666666666,0.6666666666666666,0.94,2,6,2,2
0.0,1.0,0.6666666666666666,0.6666666666666666,0.97,1,1,1,2
-0.5,-0.12871184678344902,-1.0,1.0,0.97,2,4,2,2
0.0,0.29665592143851316,1.0,1.0,0.97,2,3,3,1
0.5,0.01224985827708346,0.0,0.0,0.93,1,5,2,1
-0.5,-1.0,-1.0,1.0,0.97,1,5,2,2
0.0,-0.67196439259425,-0.3333333333333333,0.3333333333333333,0.97,2,3,1,4
0.0,-0.966595477306532,-0.6666666666666666,0.6666666666666666,0.97,1,5,2,2
-0.5,1.0,-1.0,1.0,0.97,1,2,2,1
-1.0,-0.5848329900521398,-0.3333333333333333,0.3333333333333333,0.97,1,5,1,2
1.0,-0.17625858052317936,1.0,1.0,0.97,2,4,1,1
-0.5,-0.5653816031720307,-1.0,1.0,0.97,2,5,1,4
1.0,0.13383551551127154,-1.0,1.0,0.97,1,5,1,1
-0.5,0.39506978572064544,-1.0,1.0,0.97,1,5,1,2
-0.5,-0.20926103841157262,-0.3333333333333333,0.3333333333333333,0.36999999999999994,1,5,3,1
0.5,0.24927747286686056,-0.6666666666666666,0.6666666666666666,0.97,1,1,2,4
0.0,0.9184669516766706,-0.6666666666666666,0.6666666666666666,0.97,2,3,3,3
0.0,-0.8508508484188804,0.3333333333333333,0.3333333333333333,0.97,2,5,1,2
0.5,-0.640923313692523,0.6666666666666666,0.6666666666666666,0.97,2,5,1,2
-0.5,0.2529147771269742,-0.3333333333333333,0.3333333333333333,0.8,2,5,2,1
0.0,-1.0,0.3333333333333333,0.3333333333333333,0.97,1,5,1,2
0.5,-0.1737801805042807,1.0,1.0,0.97,1,5,1,2
0.5,1.0,-0.6666666666666666,0.6666666666666666,0.97,2,2,1,2
-1.0,0.541353667639999,-1.0,1.0,0.97,1,5,1,1
0.0,1.0,-0.6666666666666666,0.6666666666666666,0.97,2,2,2,1
0.5,0.5574503051319758,1.0,1.0,0.9500000000000001,2,5,1,1
-1.0,-0.6654232686733487,-1.0,1.0,0.57,2,6,4,1
1.0,-0.3977874289213908,1.0,1.0,0.97,1,2,1,4
-0.5,0.9828042741056504,-0.6666666666666666,0.6666666666666666,0.95,2,5,7,1
0.0,-1.0,-0.3333333333333333,0.3333333333333333,0.97,2,5,1,2
-0.5,-0.3319161463042174,-0.3333333333333333,0.3333333333333333,0.93,2,3,1,2
0.0,1.0,0.6666666666666666,0.6666666666666666,0.97,1,2,1,2
0.0,-0.17621798183641574,0.6666666666666666,0.6666666666666666,0.97,2,6,4,2
0.0,0.9388161421727877,-0.6666666666666666,0.6666666666666666,0.97,2,3,3,1
0.0,1.0,-0.6666666666666666,0.6666666666666666,0.5299999999999999,1,2,2,1
1.0,-0.9928222014866592,1.0,1.0,0.97,2,2,1,4
1.0,0.15485685411917777,0.3333333333333333,0.3333333333333333,0.48999999999999994,2,3,2,2
1.0,-1.0,1.0,1.0,0.97,2,4,1,4
-0.5,-0.6197244446951434,-1.0,1.0,0.97,2,6,1,2
0.5,-1.0,1.0,1.0,0.97,1,5,4,2
0.0,-1.0,0.3333333333333333,0.3333333333333333,0.97,2,5,1,2
1.0,0.1447276180039918,1.0,1.0,0.97,1,5,1,1
1.0,-0.8339061034769814,0.3333333333333333,0.3333333333333333,0.97,2,5,1,4
0.5,-0.028256664884936524,0.6666666666666666,0.6666666666666666,0.97,2,2,1,4
0.0,1.0,1.0,1.0,0.97,1,2,1,2
0.0,1.0,-0.6666666666666666,0.6666666666666666,0.97,1,1,1,1
0.0,-1.0,0.6666666666666666,0.6666666666666666,0.97,1,6,1,2
1.0,-1.0,1.0,1.0,0.97,1,4,1,3
-0.5,-0.2506600230536175,-1.0,1.0,0.97,1,5,1,2
-0.5,-0.28548697698648035,-0.3333333333333333,0.3333333333333333,0.93,1,6,1,1
-1.0,1.0,-1.0,1.0,0.9600000000000001,1,2,1,1
-0.5,-1.0,0.0,0.0,0.31,2,6,6,3
0.0,-1.0,-0.3333333333333333,0.3333333333333333,0.9500000000000001,2,6,1,1
0.0,-0.6068825922649259,-0.3333333333333333,0.3333333333333333,0.97,1,5,1,3
-0.5,-0.06578430852830466,-0.3333333333333333,0.3333333333333333,0.97,1,4,3,2
0.0,-0.8609350140111329,0.0,0.0,0.93,1,6,2,1
0.0,-0.7020182175926734,-0.3333333333333333,0.3333333333333333,0.8500000000000001,2,5,1,2
-1.0,-0.9097683913234893,-0.3333333333333333,0.3333333333333333,0.8400000000000001,2,5,1,2
0.5,0.5219742729112854,0.6666666666666666,0.6666666666666666,0.97,1,2,1,4
1.0,0.6369717502844733,1.0,1.0,0.97,1,1,1,2
-1.0,-1.0,-1.0,1.0,0.9400000000000001,2,5,1,2
0.0,0.18439316315167723,-1.0,1.0,0.97,2,4,2,1
1.0,-0.5440763760669797,1.0,1.0,0.97,1,5,1,4
0.0,0.06647002234219708,0.6666666666666666,0.6666666666666666,0.97,2,4,1,3
-1.0,0.037774132019989734,-1.0,1.0,0.97,1,2,1,2
0.0,0.22246672625413919,-0.6666666666666666,0.6666666666666666,0.52,2,4,2,3
0.0,1.0,0.6666666666666666,0.6666666666666666,0.97,1,2,1,2
1.0,0.22277879695460312,1.0,1.0,0.97,1,3,1,1
0.5,-1.0,-0.3333333333333333,0.3333333333333333,0.97,2,6,1,1
-0.5,1.0,-0.6666666666666666,0.6666666666666666,0.35,1,2,2,1
0.0,0.04211381407575474,1.0,1.0,0.97,2,5,1,2
1.0,0.8908307677587859,0.0,0.0,0.93,2,2,1,4
-1.0,-1.0,-0.3333333333333333,0.3333333333333333,0.91,1,6,1,1
0.5,0.9150869873113233,0.3333333333333333,0.3333333333333333,0.78,1,3,1,3
-1.0,-1.0,-1.0,1.0,0.97,2,5,1,1
-0.5,0.22390766323904554,-0.6666666666666666,0.6666666666666666,0.83,2,3,2,2
-1.0,-0.34428648335738543,-1.0,1.0,0.97,1,5,1,1
0.0,0.4799203330648416,-1.0,1.0,0.97,2,5,2,1
1.0,1.0,1.0,1.0,0.97,2,4,2,1
0.0,0.37588629181307487,1.0,1.0,0.97,1,5,1,1
-1.0,-0.29202615286135075,-1.0,1.0,0.97,2,3,1,2
0.5,-0.09431616755453565,1.0,1.0,0.97,1,5,1,2
0.0,0.20225097174297557,1.0,1.0,0.97,2,4,1,2
0.0,0.44391243260013424,-0.3333333333333333,0.3333333333333333,0.48999999999999994,1,2,3,1
0.5,-0.24615962730673138,0.0,0.0,0.93,2,3,6,1
0.0,-0.06236524448994219,-0.6666666666666666,0.6666666666666666,0.43999999999999995,1,6,4,1
1.0,0.32260536690544295,1.0,1.0,0.97,1,3,1,2
0.0,-1.0,0.0,0.0,0.93,2,6,3,1
0.0,-0.6566139632244468,0.3333333333333333,0.3333333333333333,0.97,2,5,1,2
0.5,1.0,1.0,1.0,0.97,2,1,1,2
0.5,0.8559115585835,0.6666666666666666,0.6666666666666666,0.97,2,2,1,2
0.5,0.08443382167075886,0.6666666666666666,0.6666666666666666,0.97,2,2,1,2
-1.0,-0.039386029565983666,-1.0,1.0,0.97,2,6,1,2
-1.0,0.4622796643258867,-0.3333333333333333,0.3333333333333333,0.97,2,4,4,2
0.5,-1.0,1.0,1.0,0.97,1,4,1,4
0.5,-1.0,1.0,1.0,0.97,2,6,1,4
-1.0,1.0,-1.0,1.0,0.9400000000000001,2,3,6,1
-1.0,-0.7183902962495345,-1.0,1.0,0.97,2,5,1,1
-0.5,-0.3778528636059652,-1.0,1.0,0.97,1,5,1,2
-0.5,-0.8239984861555129,-0.6666666666666666,0.6666666666666666,0.95,2,5,2,1
-0.5,-0.10209826495623764,-0.3333333333333333,0.3333333333333333,0.36,2,4,2,2
0.0,0.2857739733083964,0.0,0.0,0.78,2,2,2,2
0.5,0.7343848625381451,0.6666666666666666,0.6666666666666666,0.97,1,2,1,1
0.5,0.3169101446562266,-0.6666666666666666,0.6666666666666666,0.97,1,5,1,2
-0.5,0.38814054819336197,-1.0,1.0,0.97,2,4,1,1
1.0,-0.8604825491816618,1.0,1.0,0.97,1,5,1,3
0.0,-0.15680473828624902,-0.6666666666666666,0.6666666666666666,0.5299999999999999,1,2,1,2
-0.5,-0.25827855064269595,-1.0,1.0,0.97,2,2,2,4
-1.0,-0.7873433455493457,-1.0,1.0,0.97,1,6,1,2
1.0,-0.44535236373549647,0.6666666666666666,0.6666666666666666,0.97,2,5,1,2
-0.5,-1.0,-1.0,1.0,0.97,2,6,3,4
0.0,0.5259528379888914,0.3333333333333333,0.3333333333333333,0.97,2,3,1,2
0.0,0.06728950402340107,1.0,1.0,0.97,2,5,1,1
0.0,1.0,-0.6666666666666666,0.6666666666666666,0.97,1,3,2,2
-1.0,-1.0,-1.0,1.0,0.97,3,6,1,4
0.0,-1.0,-0.3333333333333333,0.3333333333333333,0.97,1,5,1,2
0.5,1.0,1.0,1.0,0.97,1,1,1,1
1.0,-1.0,1.0,1.0,0.97,1,3,1,4
0.5,0.26166410978964794,1.0,1.0,0.97,1,5,4,1
0.5,-0.10510563522262543,1.0,1.0,0.97,2,2,1,1
0.5,0.1817371537862722,1.0,1.0,0.97,1,3,1,2
1.0,-1.0,0.3333333333333333,0.3333333333333333,0.97,1,6,1,4
0.5,1.0,-1.0,1.0,0.97,2,2,2,1
0.5,1.0,0.6666666666666666,0.6666666666666666,0.97,2,1,1,4
-0.5,0.459370003321795,-1.0,1.0,0.97,2,2,2,1
0.0,0.5404147311496279,-0.6666666666666666,0.6666666666666666,0.97,2,1,1,2
1.0,0.3277125967202496,1.0,1.0,0.97,2,3,3,4
0.0,-1.0,-0.3333333333333333,0.3333333333333333,0.97,1,6,1,4
-0.5,0.8935103090132671,-1.0,1.0,0.88,1,3,1,1
-0.5,-0.7123678786745319,-1.0,1.0,0.97,2,5,3,1
0.5,0.9523415376687654,0.6666666666666666,0.6666666666666666,0.42999999999999994,1,2,1,2
0.0,-0.18457927392600423,-0.6666666666666666,0.6666666666666666,0.5299999999999999,1,3,2,2
0.5,1.0,-0.3333333333333333,0.3333333333333333,0.97,2,2,3,2
1.0,1.0,1.0,1.0,0.97,2,3,1,1
-0.5,-0.29316897844518996,-1.0,1.0,0.97,2,5,1,2
0.5,0.5659932099335592,1.0,1.0,0.97,2,2,1,2
-0.5,-0.9133044447052875,-0.3333333333333333,0.3333333333333333,0.8,2,3,1,2
0.0,-1.0,-0.6666666666666666,0.6666666666666666,0.97,1,6,1,2
0.5,1.0,1.0,1.0,0.44,1,3,2,1
1.0,-1.0,0.3333333333333333,0.3333333333333333,0.97,1,6,3,1
0.0,1.0,0.0,0.0,0.44,2,2,1,1
-1.0,1.0,-1.0,1.0,0.57,2,3,2,1
0.0,0.773466720163476,0.0,0.0,0.26,1,3,8,3
0.0,-1.0,0.0,0.0,0.93,2,5,2,4
0.5,-0.3376994359351842,-1.0,1.0,0.9500000000000001,1,5,1,1
-0.5,-0.5096880281998637,-0.6666666666666666,0.6666666666666666,0.97,2,5,1,2
1.0,0.5096909435604022,1.0,1.0,0.97,2,3,1,1
0.0,-0.8486240418245847,0.6666666666666666,0.6666666666666666,0.97,1,5,1,2
0.0,0.6334678362281764,0.0,0.0,0.41,1,3,1,2
-0.5,-0.0278982580552036,-1.0,1.0,0.97,2,5,1,1
0.5,1.0,1.0,1.0,0.97,2,2,1,4
0.0,0.28567121783287913,0.0,0.0,0.41,1,2,1,4
1.0,0.057195967015617195,1.0,1.0,0.97,2,5,1,2
-0.5,-0.6877565604683354,-1.0,1.0,0.97,1,5,1,1
1.0,0.33099384953920663,1.0,1.0,0.97,1,2,1,4
0.0,-0.9269526301979677,-1.0,1.0,0.97,1,5,1,2
-1.0,1.0,-1.0,1.0,0.51,2,2,2,2
0.0,1.0,0.3333333333333333,0.3333333333333333,0.8300000000000001,1,2,4,2
1.0,-0.9432093107636659,1.0,1.0,0.57,1,5,1,3
0.0,1.0,1.0,1.0,0.97,1,2,1,2
0.5,1.0,1.0,1.0,0.97,1,3,3,1
0.0,1.0,0.3333333333333333,0.3333333333333333,0.97,1,3,1,2
0.0,1.0,-1.0,1.0,0.92,1,2,2,1
-0.5,0.9812039651402803,-1.0,1.0,0.97,1,2,2,4
-0.5,0.5669306007921189,-1.0,1.0,0.97,2,2,1,1
1.0,1.0,-0.3333333333333333,0.3333333333333333,0.97,1,1,1,1
0.5,-1.0,1.0,1.0,0.97,1,5,1,2
1.0,-0.8436458241707447,1.0,1.0,0.97,1,5,1,2
0.0,0.2898816209037666,-0.3333333333333333,0.3333333333333333,0.48999999999999994,1,3,1,3
-0.5,1.0,-1.0,1.0,0.41,2,3,2,1
0.0,1.0,-0.6666666666666666,0.6666666666666666,0.89,2,1,2,1
-0.5,-0.8164474364036115,-1.0,1.0,0.97,2,5,1,2
1.0,-0.37580118355840386,0.3333333333333333,0.3333333333333333,0.97,2,3,1,4
0.0,-0.6451631540027546,0.0,0.0,0.93,1,5,1,2
1.0,-0.5810642528723338,1.0,1.0,0.97,1,6,1,2
1.0,1.0,1.0,1.0,0.97,1,2,1,3
0.0,-0.32710265828323565,0.0,0.0,0.93,2,5,3,2
0.0,-0.9333670652390933,0.0,0.0,0.93,1,5,1,2
0.0,-0.2035073919749565,0.6666666666666666,0.6666666666666666,0.5299999999999999,2,2,1,3
0.0,-0.2358576346869544,-0.6666666666666666,0.6666666666666666,0.42999999999999994,2,4,2,2
0.5,-0.9809053370217855,0.6666666666666666,0.6666666666666666,0.97,1,4,1,3
0.5,-0.18149608042188295,0.6666666666666666,0.6666666666666666,0.85,1,3,1,4
0.0,1.0,-1.0,1.0,0.57,2,2,3,1
0.0,0.11381898491430031,0.0,0.0,0.93,1,4,7,1
0.5,0.9772880074660713,0.3333333333333333,0.3333333333333333,0.31999999999999995,1,4,3,2
-0.5,0.03097891691228931,-0.6666666666666666,0.6666666666666666,0.97,2,3,5,2
0.5,0.8367025616099316,0.3333333333333333,0.3333333333333333,0.97,2,2,4,2
1.0,-0.21165841885587736,1.0,1.0,0.91,2,5,1,2
0.5,1.0,-1.0,1.0,0.97,2,3,2,1
-1.0,1.0,-1.0,1.0,0.97,1,3,2,1
1.0,-0.26214407336843687,0.0,0.0,0.93,2,4,1,3
1.0,-0.899776240657561,0.6666666666666666,0.6666666666666666,0.97,2,6,1,3
0.5,0.06791567570583695,1.0,1.0,0.97,2,3,1,2
1.0,-0.42714978850222896,1.0,1.0,0.93,2,4,1,4
0.5,0.0480771962342792,1.0,1.0,0.97,1,3,1,4
-1.0,1.0,-1.0,1.0,0.86,1,3,1,1
1.0,-1.0,1.0,1.0,0.97,1,5,1,4
0.0,-0.059203633457504116,0.0,0.0,0.39,1,3,1,2
-0.5,1.0,-1.0,1.0,0.97,2,2,2,1
0.0,-1.0,-0.6666666666666666,0.6666666666666666,0.97,1,2,1,4
0.5,-0.2889337920883333,0.0,0.0,0.44999999999999996,1,5,1,2
0.5,0.4313292644785284,0.3333333333333333,0.3333333333333333,0.97,1,5,1,1
0.5,1.0,-1.0,1.0,0.57,1,2,1,1
0.5,-0.17068172969007336,0.3333333333333333,0.3333333333333333,0.97,1,2,1,4
1.0,-1.0,0.3333333333333333,0.3333333333333333,0.97,2,6,1,2
-1.0,-1.0,-1.0,1.0,0.9600000000000001,2,6,1,4
1.0,-0.8059573664974928,1.0,1.0,0.97,2,5,1,2
0.0,0.9629411580598369,0.0,0.0,0.32,1,2,1,1
0.0,-0.9346702857279152,0.0,0.0,0.93,1,5,1,2
0.5,0.7571075985513289,0.3333333333333333,0.3333333333333333,0.33999999999999997,1,2,1,2
0.0,-0.6959627414255668,0.0,0.0,0.93,1,5,1,2
-0.5,0.436853292200166,-0.3333333333333333,0.3333333333333333,0.8500000000000001,1,5,4,2
0.0,0.6924226633433017,-0.6666666666666666,0.6666666666666666,0.48,2,2,3,2
0.5,1.0,1.0,1.0,0.38,2,3,1,1
0.5,0.11424482904561653,1.0,1.0,0.97,1,3,1,2
0.5,0.04742886089843899,0.3333333333333333,0.3333333333333333,0.97,1,4,3,1
1.0,0.004413157769986382,0.3333333333333333,0.3333333333333333,0.48999999999999994,2,2,1,2
0.0,-0.7699405133539475,1.0,1.0,0.93,1,2,1,4
0.0,-0.276783875049308,-0.6666666666666666,0.6666666666666666,0.97,2,4,2,1
0.0,0.5737835381319694,0.0,0.0,0.93,2,2,1,3
-1.0,1.0,-1.0,1.0,0.97,2,2,1,1
-0.5,0.44343749007961486,-0.6666666666666666,0.6666666666666666,0.38,1,1,1,2
0.0,-0.8356312182148565,1.0,1.0,0.97,1,5,1,2
0.0,-0.7227057155422948,-0.6666666666666666,0.6666666666666666,0.48,2,3,1,3
0.5,1.0,0.0,0.0,0.26,1,2,2,1
-0.5,0.01761420849215267,0.0,0.0,0.93,2,5,1,2
0.0,-1.0,-1.0,1.0,0.97,2,6,2,2
0.0,-0.15015153211851356,0.3333333333333333,0.3333333333333333,0.97,1,5,1,1
0.5,1.0,0.0,0.0,0.44999999999999996,2,2,1,2
0.0,0.657634459448425,0.3333333333333333,0.3333333333333333,0.31999999999999995,1,3,3,2
-1.0,-1.0,-0.3333333333333333,0.3333333333333333,0.97,2,4,6,4
1.0,-0.946086600796317,1.0,1.0,0.97,2,6,1,2
-0.5,0.9470918540452499,0.6666666666666666,0.6666666666666666,0.93,2,1,2,2
-0.5,1.0,-1.0,1.0,0.97,2,2,2,2
1.0,-0.2766805641829468,1.0,1.0,0.9500000000000001,2,5,1,2
0.5,-1.0,0.6666666666666666,0.6666666666666666,0.97,1,5,1,2
-0.5,0.6294352556719427,0.0,0.0,0.29,2,1,2,4
0.5,-1.0,0.3333333333333333,0.3333333333333333,0.97,1,6,1,2
-1.0,0.7032028455488922,-0.3333333333333333,0.3333333333333333,0.78,1,3,4,2
-1.0,-0.17087799792953764,-1.0,1.0,0.97,2,6,2,1
-1.0,-0.2965777929590155,-1.0,1.0,0.97,1,5,1,2
0.0,-0.7065119728308932,0.0,0.0,0.93,2,5,1,2
-0.5,0.8471534103570088,-0.6666666666666666,0.6666666666666666,0.89,1,4,2,1
-1.0,-0.5836652644867981,0.3333333333333333,0.3333333333333333,0.33999999999999997,1,5,6,1
-0.5,-0.8186367394844081,-1.0,1.0,0.97,1,5,1,1
-1.0,-1.0,-0.3333333333333333,0.3333333333333333,0.48999999999999994,2,5,1,5
-0.5,-1.0,-0.6666666666666666,0.6666666666666666,0.97,2,6,1,2
0.5,-1.0,0.3333333333333333,0.3333333333333333,0.45999999999999996,2,5,1,4
0.0,0.0836710934676219,-0.6666666666666666,0.6666666666666666,0.91,2,5,2,1
1.0,-1.0,0.3333333333333333,0.3333333333333333,0.97,1,3,1,3
0.5,-1.0,1.0,1.0,0.97,1,6,1,2
0.0,-0.782586886126698,-0.6666666666666666,0.6666666666666666,0.5,1,6,2,2
-0.5,-1.0,-0.6666666666666666,0.6666666666666666,0.94,2,5,1,2
0.0,0.6320902428267393,-0.6666666666666666,0.6666666666666666,0.5299999999999999,1,3,3,2
-0.5,0.5467726755647413,-0.6666666666666666,0.6666666666666666,0.97,2,3,2,1
-1.0,-1.0,-1.0,1.0,0.97,2,6,2,2
0.5,1.0,1.0,1.0,0.97,1,2,1,2
1.0,0.37513713325900117,1.0,1.0,0.97,1,5,1,1
0.0,0.04365106375109996,-0.3333333333333333,0.3333333333333333,0.97,1,3,1,3
0.5,0.4719624931430566,1.0,1.0,0.97,2,2,1,2
0.0,-0.7878250316736256,0.0,0.0,0.9,1,5,1,2
1.0,-0.09253718674103331,1.0,1.0,0.97,2,3,1,4
0.5,0.30299394461298723,1.0,1.0,0.38,1,3,3,1
0.0,0.8059116511749463,1.0,1.0,0.57,2,2,1,2
0.0,0.6366415696827292,0.0,0.0,0.4,1,3,3,1
0.0,-0.17947697036939186,-1.0,1.0,0.97,1,5,1,1
0.0,-1.0,0.0,0.0,0.93,1,5,4,2
0.5,-0.555320224252122,1.0,1.0,0.88,2,3,1,2
0.0,-0.27384360298115884,0.0,0.0,0.44999999999999996,2,5,1,2
1.0,1.0,1.0,1.0,0.57,1,1,1,4
-0.5,-1.0,-0.3333333333333333,0.3333333333333333,0.97,1,6,1,4
-1.0,1.0,-1.0,1.0,0.97,2,2,2,1
1.0,0.1417875115192724,1.0,1.0,0.57,2,3,1,4
0.5,-1.0,0.0,0.0,0.93,1,5,1,4
-1.0,-1.0,-1.0,1.0,0.97,2,6,1,2
0.0,-1.0,0.0,0.0,0.92,1,5,1,2
0.0,-0.9268731115365515,0.3333333333333333,0.3333333333333333,0.97,1,5,7,3
0.0,-1.0,0.0,0.0,0.88,2,6,1,4
0.5,-0.9792259939186453,0.3333333333333333,0.3333333333333333,0.97,1,6,1,2
0.0,-0.6418909110360927,0.0,0.0,0.93,1,5,1,2
0.0,-1.0,0.0,0.0,0.93,2,6,3,2
1.0,-0.32533426048624337,0.3333333333333333,0.3333333333333333,0.97,1,5,1,2
-0.5,-1.0,-0.3333333333333333,0.3333333333333333,0.97,1,5,3,4
0.0,-0.9240803228072033,-0.3333333333333333,0.3333333333333333,0.97,1,6,1,2
0.0,0.9577040576527744,-0.6666666666666666,0.6666666666666666,0.97,1,2,2,2
1.0,0.27437573384334873,1.0,1.0,0.97,2,6,1,1
0.5,-1.0,0.6666666666666666,0.6666666666666666,0.97,2,5,1,4
0.5,1.0,0.3333333333333333,0.3333333333333333,0.48999999999999994,1,2,1,3
1.0,0.03172608929068037,1.0,1.0,0.97,2,3,1,2
0.5,0.9995161079887862,0.6666666666666666,0.6666666666666666,0.9,1,3,1,2
1.0,-1.0,1.0,1.0,0.97,1,6,1,4
0.0,-0.09866688651815089,-0.3333333333333333,0.3333333333333333,0.97,1,2,1,4
1.0,1.0,1.0,1.0,0.97,1,3,1,1
0.5,1.0,1.0,1.0,0.97,2,2,1,2
0.5,-1.0,0.6666666666666666,0.6666666666666666,0.97,1,6,1,4
-0.5,-1.0,-1.0,1.0,0.97,2,6,1,2
0.0,0.9518800456324757,0.0,0.0,0.87,2,4,2,1
-0.5,0.35952398437257105,-1.0,1.0,0.9,2,5,1,1
1.0,-1.0,1.0,1.0,0.97,1,5,1,4
-0.5,-0.6204252593720267,-1.0,1.0,0.97,2,5,1,2
0.0,-0.44042317552211663,-0.3333333333333333,0.3333333333333333,0.97,2,5,3,2
-0.5,-1.0,-1.0,1.0,0.97,2,5,1,4
1.0,0.3288802438689549,1.0,1.0,0.97,2,4,1,4
-1.0,0.9619808736047114,-0.6666666666666666,0.6666666666666666,0.97,1,3,1,1
-0.5,-0.09751812173322921,-0.3333333333333333,0.3333333333333333,0.92,2,4,1,2
-0.5,-0.4041925956781384,-0.6666666666666666,0.6666666666666666,0.97,2,6,2,2
-1.0,-1.0,-1.0,1.0,0.97,2,5,1,3
0.5,0.5842454627714917,1.0,1.0,0.97,1,2,1,4
1.0,-1.0,1.0,1.0,0.97,1,5,1,2
-0.5,1.0,0.0,0.0,0.36,2,1,3,2
-1.0,0.4858327520453354,-1.0,1.0,0.97,2,4,1,2
0.0,-0.20498863546276516,0.3333333333333333,0.3333333333333333,0.97,1,6,1,2
0.5,0.011103825349848622,0.6666666666666666,0.6666666666666666,0.33999999999999997,2,3,6,2
1.0,-1.0,1.0,1.0,0.97,1,5,1,4
0.0,-0.24931831946538552,0.0,0.0,0.44999999999999996,2,5,1,2
-1.0,-1.0,-1.0,1.0,0.97,2,6,1,4
-0.5,-0.2662358912316498,-1.0,1.0,0.97,1,5,1,1
-1.0,-0.08707681484594008,-0.3333333333333333,0.3333333333333333,0.81,2,5,4,2
0.0,-0.2906398945633076,0.0,0.0,0.93,1,3,1,3
-1.0,-1.0,-0.3333333333333333,0.3333333333333333,0.92,1,5,1,1
0.5,0.6382869729587616,0.6666666666666666,0.6666666666666666,0.5299999999999999,1,2,3,1
0.0,-0.11997132531643855,-0.3333333333333333,0.3333333333333333,0.97,2,5,1,1
0.5,-0.5613480131226186,1.0,1.0,0.97,2,3,1,2
-1.0,0.26113379113391727,-0.3333333333333333,0.3333333333333333,0.97,1,3,1,2
1.0,-1.0,1.0,1.0,0.97,2,5,4,2
-0.5,1.0,-1.0,1.0,0.97,1,2,3,1
0.5,1.0,0.6666666666666666,0.6666666666666666,0.97,2,3,7,2
1.0,-0.5004631924338742,-0.6666666666666666,0.6666666666666666,0.97,1,2,1,4
0.0,0.4918697111188606,0.0,0.0,0.93,1,4,4,1
0.0,-0.9313484311253286,0.6666666666666666,0.6666666666666666,0.97,1,3,1,4
0.0,-1.0,0.3333333333333333,0.3333333333333333,0.81,2,5,1,4
0.5,-0.02235199782398643,1.0,1.0,0.97,2,5,1,3
0.5,-0.24998815459240303,-1.0,1.0,0.97,2,3,1,3
0.5,1.0,-1.0,1.0,0.97,2,1,2,1
-0.5,0.4044741247136904,1.0,1.0,0.97,1,2,1,2
0.5,1.0,0.3333333333333333,0.3333333333333333,0.97,2,2,1,2
-0.5,-1.0,-0.3333333333333333,0.3333333333333333,0.48999999999999994,1,6,1,1
1.0,-0.1773021339566945,1.0,1.0,0.97,2,2,1,4
1.0,-0.93335233608127,1.0,1.0,0.97,2,4,1,4
-1.0,-1.0,-1.0,1.0,0.97,2,6,1,2
0.5,1.0,-1.0,1.0,0.97,1,2,5,1
-0.5,1.0,-1.0,1.0,0.97,1,3,2,1
1.0,-0.3243157326341064,1.0,1.0,0.97,2,3,1,2
1.0,0.5520416895085325,1.0,1.0,0.97,2,5,3,2
-0.5,-0.3903474295247953,-1.0,1.0,0.97,1,4,1,1
0.0,0.551491373148002,0.0,0.0,0.3,1,5,2,1
-1.0,-0.046521152862134145,-1.0,1.0,0.97,2,5,6,1
-0.5,-0.3897046637000475,-0.6666666666666666,0.6666666666666666,0.88,1,5,1,1
1.0,-0.6419859031383559,1.0,1.0,0.97,2,3,1,4
0.5,-0.5648962966206041,-0.6666666666666666,0.6666666666666666,0.97,2,5,3,2
-0.5,-0.4378527581182026,-1.0,1.0,0.97,2,5,1,2
0.5,-1.0,-0.6666666666666666,0.6666666666666666,0.97,1,6,1,1
0.0,0.7765712206827572,-1.0,1.0,0.41,2,2,1,2
-0.5,0.9168187234185481,-1.0,1.0,0.41,1,2,4,1
0.0,-0.7031104697538372,0.3333333333333333,0.3333333333333333,0.97,1,4,1,2
0.0,0.892327538752617,-1.0,1.0,0.97,1,2,2,1
0.0,-1.0,0.0,0.0,0.93,2,5,4,2
1.0,-1.0,1.0,1.0,0.97,2,6,1,4
0.0,1.0,0.3333333333333333,0.3333333333333333,0.8300000000000001,1,2,1,2
0.0,-0.36362971669430344,-0.6666666666666666,0.6666666666666666,0.5299999999999999,2,3,1,4
0.5,1.0,0.6666666666666666,0.6666666666666666,0.5299999999999999,1,3,4,2
0.0,-1.0,0.6666666666666666,0.6666666666666666,0.97,1,6,1,4
0.5,1.0,0.3333333333333333,0.3333333333333333,0.97,1,2,1,2
1.0,-0.4236461741253733,1.0,1.0,0.97,2,3,1,4
-1.0,0.3031286524692893,-0.3333333333333333,0.3333333333333333,0.97,2,5,1,1
0.5,1.0,-1.0,1.0,0.97,1,3,1,1
0.5,-1.0,0.3333333333333333,0.3333333333333333,0.97,1,6,4,4
1.0,-0.9388735010824499,1.0,1.0,0.97,1,6,1,2
0.0,-0.9380263702490118,-0.3333333333333333,0.3333333333333333,0.97,2,5,1,2
0.5,-0.22503998350766377,1.0,1.0,0.57,1,5,1,2
1.0,-1.0,1.0,1.0,0.97,1,6,1,3
1.0,1.0,1.0,1.0,0.97,2,2,1,1
-0.5,0.04305234223523675,-1.0,1.0,0.97,2,2,1,4
0.0,1.0,0.0,0.0,0.93,1,1,2,1
0.5,-0.06688744358543014,0.0,0.0,0.44999999999999996,1,2,1,4
0.5,-1.0,0.6666666666666666,0.6666666666666666,0.97,2,5,1,4
-1.0,1.0,-0.3333333333333333,0.3333333333333333,0.3,2,2,3,1
0.0,1.0,-1.0,1.0,0.97,2,1,4,2
-0.5,1.0,-0.6666666666666666,0.6666666666666666,0.33999999999999997,2,2,2,2
0.0,-1.0,0.3333333333333333,0.3333333333333333,0.97,2,6,1,4
1.0,0.7478932039217306,1.0,1.0,0.38,2,3,1,2
0.0,1.0,0.0,0.0,0.44999999999999996,2,2,1,1
0.5,-1.0,0.3333333333333333,0.3333333333333333,0.97,1,4,1,5
-0.5,-1.0,-1.0,1.0,0.97,2,6,4,2
-0.5,0.3839494718961338,-0.6666666666666666,0.6666666666666666,0.97,2,3,1,2
0.0,-0.12315146471091266,-0.3333333333333333,0.3333333333333333,0.97,1,5,1,2
0.0,-1.0,0.3333333333333333,0.3333333333333333,0.97,2,5,4,2
1.0,-1.0,1.0,1.0,0.97,2,4,2,5
0.0,0.7178928218850316,-1.0,1.0,0.97,2,3,1,2
-0.5,-0.10328917863876681,-1.0,1.0,0.97,2,5,2,1
1.0,0.6185197155943081,1.0,1.0,0.97,1,5,1,1
0.5,-1.0,1.0,1.0,0.97,2,4,1,4
-0.5,1.0,-0.3333333333333333,0.3333333333333333,0.45999999999999996,2,2,6,1
-0.5,-0.7524151351520018,-1.0,1.0,0.39,3,2,2,4
0.5,0.7381940912478995,1.0,1.0,0.57,2,1,1,1
0.5,0.868482153911859,1.0,1.0,0.97,1,2,1,2
-0.5,-0.7209305995998118,-1.0,1.0,0.9600000000000001,2,5,1,1
0.0,-0.1455507608715253,0.0,0.0,0.93,2,5,1,1
-1.0,0.016505531555858603,-1.0,1.0,0.57,1,2,1,4
0.0,-0.469683118476117,-0.6666666666666666,0.6666666666666666,0.91,2,2,2,5
1.0,-0.44728896548186076,1.0,1.0,0.97,2,3,1,3
0.0,1.0,1.0,1.0,0.97,2,2,1,2
0.5,0.7327773903968496,1.0,1.0,0.97,1,2,1,2
1.0,-0.4499761285822367,1.0,1.0,0.97,1,6,3,2
0.5,-0.03949649002491784,0.6666666666666666,0.6666666666666666,0.97,1,2,1,4
-0.5,0.03090083165928246,1.0,1.0,0.97,1,1,1,4
0.5,0.01316171251774804,0.3333333333333333,0.3333333333333333,0.97,1,2,1,2
0.5,0.38694120703898877,-0.3333333333333333,0.3333333333333333,0.31,1,2,1,3
1.0,-0.1891695387236298,0.3333333333333333,0.3333333333333333,0.48999999999999994,2,2,1,3
0.0,0.19052158506933176,-1.0,1.0,0.38,1,2,2,2
1.0,0.15178113531345952,1.0,1.0,0.97,1,5,1,1
0.0,0.870259391148144,-0.6666666666666666,0.6666666666666666,0.8099999999999999,2,1,2,1
0.5,-0.7100591659959291,1.0,1.0,0.97,1,6,1,3
0.0,-0.04132836877435363,-0.6666666666666666,0.6666666666666666,0.87,1,5,1,1
0.5,-0.5703207414290561,0.6666666666666666,0.6666666666666666,0.97,2,5,3,2
0.0,-0.06606023897479853,-0.3333333333333333,0.3333333333333333,0.39999999999999997,1,2,2,3
0.0,0.8787100308741626,0.0,0.0,0.79,1,2,3,3
-1.0,-0.5488233830535165,-0.6666666666666666,0.6666666666666666,0.97,2,5,1,2
-0.5,-1.0,-1.0,1.0,0.97,2,6,1,5
0.0,-0.9246040963932086,0.0,0.0,0.93,1,6,1,2
-0.5,-1.0,-1.0,1.0,0.9600000000000001,2,5,1,1
-0.5,-1.0,-1.0,1.0,0.97,1,6,1,2
1.0,0.31118230504701194,-1.0,1.0,0.97,2,2,2,2
-0.5,-0.3637528537245301,-1.0,1.0,0.41,2,5,1,2
-0.5,-0.549008955605132,-1.0,1.0,0.97,1,5,4,2
-1.0,1.0,-1.0,1.0,0.97,2,3,1,1
0.5,-0.06592875536012238,0.6666666666666666,0.6666666666666666,0.97,2,3,1,2
0.5,0.7189515404724541,0.3333333333333333,0.3333333333333333,0.93,2,3,2,2
0.0,-0.6672342377845383,-1.0,1.0,0.97,2,6,1,1
0.0,0.34406302925625937,0.0,0.0,0.39,2,3,1,1
0.0,-0.22468337392985005,0.0,0.0,0.93,1,3,7,4
1.0,-0.0395832972663705,1.0,1.0,0.57,2,3,1,3
1.0,0.5089130370062733,0.6666666666666666,0.6666666666666666,0.97,2,3,1,1
0.0,0.4392345117801632,0.0,0.0,0.44999999999999996,1,3,1,2
0.0,1.0,-1.0,1.0,0.97,2,1,6,2
0.0,1.0,-1.0,1.0,0.97,2,2,3,1
0.5,0.26065748801897226,0.6666666666666666,0.6666666666666666,0.5299999999999999,1,2,3,3
0.5,-0.8104587482184088,0.3333333333333333,0.3333333333333333,0.97,1,5,1,1
0.0,0.3963007205047756,0.3333333333333333,0.3333333333333333,0.97,2,4,1,1
0.0,-0.3663031365187439,-1.0,1.0,0.97,2,2,1,4
0.5,-0.9628165448117514,0.6666666666666666,0.6666666666666666,0.9,1,3,2,4
-1.0,-0.7338353147301194,-1.0,1.0,0.97,2,6,1,1
0.0,1.0,-1.0,1.0,0.97,1,2,2,1
0.0,0.15269133543105196,0.6666666666666666,0.6666666666666666,0.89,1,2,1,4
0.5,0.6205032516873751,0.6666666666666666,0.6666666666666666,0.5299999999999999,1,2,1,2
0.5,0.1171523914179004,1.0,1.0,0.97,2,3,1,2
0.0,0.38910193180479924,-1.0,1.0,0.91,2,2,2,4
1.0,-0.35916428913620724,0.0,0.0,0.26,1,2,3,2
1.0,0.9561754480774314,1.0,1.0,0.97,2,1,1,4
0.5,-0.9288689767386279,1.0,1.0,0.97,2,2,1,4
-0.5,0.5782529989404569,-0.6666666666666666,0.6666666666666666,0.83,2,2,7,1
-0.5,0.20726674536905998,-0.6666666666666666,0.6666666666666666,0.33999999999999997,2,2,3,3
0.0,0.11004699454165483,-1.0,1.0,0.97,2,6,1,2
-1.0,0.755653553138262,-1.0,1.0,0.97,2,5,1,1
1.0,1.0,1.0,1.0,0.97,1,2,1,1
-0.5,0.6645488431315846,0.0,0.0,0.93,1,2,2,3
-0.5,-1.0,-0.6666666666666666,0.6666666666666666,0.97,2,5,1,1
0.0,1.0,0.0,0.0,0.44,1,2,2,1
0.0,-0.8958473823156675,-0.3333333333333333,0.3333333333333333,0.97,1,6,1,1
-0.5,-0.9761504199869803,-0.6666666666666666,0.6666666666666666,0.97,2,5,3,2
0.0,1.0,0.0,0.0,0.93,1,2,1,1
0.0,-0.3124501389315052,-1.0,1.0,0.9400000000000001,1,4,2,2
1.0,-0.9350054571750502,1.0,1.0,0.97,2,5,1,4
-0.5,-0.1773373978267463,-0.3333333333333333,0.3333333333333333,0.97,2,3,1,1
-0.5,-0.025668788891415183,-0.6666666666666666,0.6666666666666666,0.97,2,4,1,2
1.0,0.9200226621019215,1.0,1.0,0.97,1,1,3,2
0.5,-1.0,0.6666666666666666,0.6666666666666666,0.97,2,4,1,4
-0.5,-1.0,-0.6666666666666666,0.6666666666666666,0.97,1,5,1,4
0.0,-0.711924167199684,-0.6666666666666666,0.6666666666666666,0.97,1,5,1,1
0.0,0.14146347046855193,0.0,0.0,0.32999999999999996,1,2,1,4
-0.5,-0.5986616044326183,-1.0,1.0,0.97,2,4,2,3
-0.5,0.07028992144534857,0.0,0.0,0.27,1,3,1,2
1.0,-0.7944067354790797,0.3333333333333333,0.3333333333333333,0.97,2,5,1,2
1.0,-1.0,1.0,1.0,0.9400000000000001,1,6,1,2
0.0,-0.4682682815689338,0.0,0.0,0.93,1,4,4,2
1.0,1.0,1.0,1.0,0.97,1,1,1,1
0.0,-1.0,0.6666666666666666,0.6666666666666666,0.97,2,6,1,2
0.0,0.5784196594275222,0.6666666666666666,0.6666666666666666,0.97,2,2,1,2
-0.5,1.0,-1.0,1.0,0.97,2,2,1,1
-0.5,0.6352321497409531,-0.6666666666666666,0.6666666666666666,0.97,1,3,4,2
0.0,-0.32617053396518264,0.6666666666666666,0.6666666666666666,0.91,2,5,1,1
0.0,0.13181604948130568,0.0,0.0,0.44999999999999996,1,2,1,4
0.0,-1.0,-1.0,1.0,0.97,1,5,4,2
0.0,-1.0,0.0,0.0,0.44999999999999996,2,5,1,4
0.0,-0.2932795204493165,0.3333333333333333,0.3333333333333333,0.93,2,5,1,1
0.5,-1.0,1.0,1.0,0.97,1,5,1,4
0.0,1.0,-1.0,1.0,0.44,2,1,1,1
0.0,0.15167053933387353,0.6666666666666666,0.6666666666666666,0.44999999999999996,1,3,2,2
0.5,-0.7339619330534425,0.3333333333333333,0.3333333333333333,0.48999999999999994,1,5,1,2
0.5,0.6007703337123991,0.6666666666666666,0.6666666666666666,0.97,1,2,1,2
0.5,1.0,-0.6666666666666666,0.6666666666666666,0.97,1,2,7,1
-0.5,-0.47315421177463557,-1.0,1.0,0.97,2,5,1,1
-0.5,-1.0,-1.0,1.0,0.97,2,6,1,1
0.5,-1.0,0.3333333333333333,0.3333333333333333,0.97,1,3,4,4
-1.0,0.2735286225007641,-1.0,1.0,0.97,2,5,1,1
-1.0,1.0,0.0,0.0,0.44999999999999996,2,1,3,3
1.0,0.17943221410412843,1.0,1.0,0.97,2,1,1,4
0.0,1.0,-0.6666666666666666,0.6666666666666666,0.97,1,2,2,2
1.0,1.0,-1.0,1.0,0.85,1,2,1,2
0.0,1.0,-1.0,1.0,0.97,1,2,2,1
0.0,-0.08154526790828832,0.3333333333333333,0.3333333333333333,0.97,1,2,2,4
-0.5,1.0,-1.0,1.0,0.57,1,1,2,1
0.0,-0.5687638790211194,0.6666666666666666,0.6666666666666666,0.97,2,6,1,2
0.0,-0.33866910969524555,0.6666666666666666,0.6666666666666666,0.96,2,5,1,2
0.0,-0.9628462360767553,-1.0,1.0,0.97,1,6,1,1
0.0,0.3256995295678651,0.0,0.0,0.93,2,3,1,2
1.0,0.553250788787764,0.0,0.0,0.4,2,4,1,3
1.0,0.5490981309915812,1.0,1.0,0.86,1,3,1,2
-0.5,-0.0907944800249132,-0.3333333333333333,0.3333333333333333,0.97,1,5,1,2
0.0,0.1583072046023472,-1.0,1.0,0.97,2,5,2,1
-1.0,-0.8258499750395479,-1.0,1.0,0.97,1,5,2,3
0.0,-1.0,-0.6666666666666666,0.6666666666666666,0.97,1,5,2,4
0.5,0.04422356234273048,-0.6666666666666666,0.6666666666666666,0.97,2,3,1,4
0.5,1.0,1.0,1.0,0.97,2,1,1,1
0.0,0.1336578396115277,0.0,0.0,0.92,2,3,1,3
0.5,0.5351074561869233,1.0,1.0,0.97,2,2,1,2
0.5,-0.3448318363599883,0.3333333333333333,0.3333333333333333,0.97,1,5,1,2
-1.0,-1.0,-0.3333333333333333,0.3333333333333333,0.8600000000000001,2,6,1,2
-0.5,-0.2870717491674554,-0.6666666666666666,0.6666666666666666,0.97,2,5,1,1
-0.5,0.49743250606458805,-1.0,1.0,0.97,2,4,1,4
0.5,0.5734650794626583,1.0,1.0,0.97,2,1,1,2
0.0,-0.888157425071414,-1.0,1.0,0.97,1,5,1,4
0.0,-1.0,0.6666666666666666,0.6666666666666666,0.97,2,6,1,2
0.0,-0.5385442318492304,-0.6666666666666666,0.6666666666666666,0.97,1,6,4,1
-0.5,1.0,-1.0,1.0,0.97,2,3,1,2
-0.5,0.39405581198452905,-0.6666666666666666,0.6666666666666666,0.92,1,2,4,2
-1.0,-0.5053219841084915,-1.0,1.0,0.97,2,5,1,1
0.0,-1.0,0.0,0.0,0.32999999999999996,1,5,5,4
0.0,0.8766235781448317,1.0,1.0,0.53,2,2,2,1
0.0,1.0,-1.0,1.0,0.97,2,2,1,1
0.5,-1.0,1.0,1.0,0.97,1,6,1,3
0.5,0.8207559757964886,0.6666666666666666,0.6666666666666666,0.97,2,2,1,3
0.0,-0.3409491970844783,-0.6666666666666666,0.6666666666666666,0.97,1,4,2,1
0.0,-1.0,0.0,0.0,0.93,2,5,1,1
-1.0,-0.7276835604726467,-1.0,1.0,0.97,1,6,1,1
0.5,0.13589806170706492,0.0,0.0,0.93,1,1,1,3
0.0,1.0,0.6666666666666666,0.6666666666666666,0.85,1,4,6,1
1.0,-1.0,1.0,1.0,0.97,2,5,1,4
-1.0,-0.670113194929402,0.0,0.0,0.31,2,5,3,1
0.0,1.0,-1.0,1.0,0.97,2,2,2,1
1.0,-0.25269238446471304,1.0,1.0,0.97,1,2,1,4
-1.0,0.10207702663001729,-0.3333333333333333,0.3333333333333333,0.29,2,2,1,2
-0.5,1.0,-1.0,1.0,0.97,2,4,1,2
0.0,-1.0,-0.3333333333333333,0.3333333333333333,0.97,1,5,5,2
1.0,-0.04783837268089473,1.0,1.0,0.97,1,2,1,4
0.5,0.36746799538715796,0.3333333333333333,0.3333333333333333,0.48999999999999994,2,2,3,3
0.5,-1.0,1.0,1.0,0.97,2,5,1,4
-1.0,-0.7867445248664668,-1.0,1.0,0.97,2,6,1,2
0.0,-0.9814708187357394,0.6666666666666666,0.6666666666666666,0.49,2,5,1,2
1.0,-0.17601852052320158,0.6666666666666666,0.6666666666666666,0.97,2,3,1,3
0.5,0.7802562894763764,1.0,1.0,0.97,2,2,1,2
-0.5,-0.15400149135485133,-0.6666666666666666,0.6666666666666666,0.97,2,5,1,2
-0.5,-1.0,-1.0,1.0,0.97,2,6,1,2
0.0,0.030221045714454026,0.0,0.0,0.93,1,6,2,2
-0.5,0.018514543070923,-1.0,1.0,0.91,2,3,1,2
-0.5,0.3524451064851731,0.0,0.0,0.79,1,4,1,1
0.0,-1.0,0.0,0.0,0.44999999999999996,1,5,2,2
-0.5,-1.0,-1.0,1.0,0.97,1,3,1,4
-1.0,0.4402355046966327,-1.0,1.0,0.97,1,2,1,2
0.0,0.44991400532412235,0.0,0.0,0.25,1,1,6,3
-0.5,1.0,-1.0,1.0,0.93,2,2,2,1
0.5,-0.6392770554967278,-1.0,1.0,0.97,1,5,1,1
0.0,0.42047238478680565,0.3333333333333333,0.3333333333333333,0.77,2,2,1,4
0.0,-1.0,0.0,0.0,0.88,1,5,4,3
0.0,-1.0,-0.3333333333333333,0.3333333333333333,0.97,1,5,4,2
0.5,1.0,1.0,1.0,0.97,2,1,1,2
0.5,0.5765845727347245,1.0,1.0,0.57,2,2,1,4
-1.0,-0.43446134504804546,-1.0,1.0,0.89,1,5,1,2
1.0,-0.5996472760035545,1.0,1.0,0.97,1,5,2,2
0.0,-1.0,-0.6666666666666666,0.6666666666666666,0.97,1,6,1,2
0.5,-0.18288359228017628,0.6666666666666666,0.6666666666666666,0.97,1,3,1,2
-1.0,-1.0,-0.3333333333333333,0.3333333333333333,0.97,1,6,1,4
1.0,1.0,1.0,1.0,0.97,1,1,1,4
-1.0,0.2736924113938809,-1.0,1.0,0.87,1,3,1,3
0.5,-0.939615181378475,1.0,1.0,0.97,2,4,1,3
0.5,-1.0,-0.6666666666666666,0.6666666666666666,0.97,2,5,1,3
-1.0,-0.016199703667767927,-1.0,1.0,0.97,2,3,1,2
-0.5,-1.0,-1.0,1.0,0.97,2,5,2,4
0.0,-0.36572308602065645,-0.3333333333333333,0.3333333333333333,0.97,1,6,1,1
0.0,0.3864680248804035,-0.3333333333333333,0.3333333333333333,0.97,1,1,1,4
-1.0,1.0,-0.3333333333333333,0.3333333333333333,0.97,2,4,1,2
0.0,0.7118149449683089,0.3333333333333333,0.3333333333333333,0.97,2,2,1,4
-0.5,0.5624400247625276,-0.6666666666666666,0.6666666666666666,0.97,2,5,1,1
0.0,1.0,-0.3333333333333333,0.3333333333333333,0.97,1,2,2,2
-0.5,-0.7692462616663474,-1.0,1.0,0.97,2,5,1,2
0.0,1.0,-0.3333333333333333,0.3333333333333333,0.97,2,3,1,1
1.0,0.23399944964615416,1.0,1.0,0.97,2,3,1,2
0.0,-0.1132999060540537,0.0,0.0,0.93,1,5,1,3
-0.5,-0.3350012159579059,-0.6666666666666666,0.6666666666666666,0.92,2,5,4,2
0.5,-0.2892459310793442,0.6666666666666666,0.6666666666666666,0.5299999999999999,1,3,1,4
0.5,0.4839086691246255,1.0,1.0,0.97,1,3,1,2
-0.5,1.0,1.0,1.0,0.91,1,2,2,3
-0.5,-1.0,-0.6666666666666666,0.6666666666666666,0.88,2,5,3,2
0.5,-0.004067975676632833,0.3333333333333333,0.3333333333333333,0.97,1,5,1,3
-0.5,-0.6450517241853708,-0.6666666666666666,0.6666666666666666,0.97,2,5,1,2
0.0,-0.7433211647844097,-0.3333333333333333,0.3333333333333333,0.97,1,3,1,3
-1.0,-1.0,-1.0,1.0,0.97,1,6,3,1
0.0,0.0325405071568025,0.3333333333333333,0.3333333333333333,0.97,1,2,1,2
-0.5,-0.20404723295329846,-1.0,1.0,0.42,2,5,4,2
-0.5,-1.0,-1.0,1.0,0.97,1,5,3,2
0.0,-0.8808252243109898,-0.3333333333333333,0.3333333333333333,0.97,1,5,1,3
0.0,1.0,-0.6666666666666666,0.6666666666666666,0.5299999999999999,2,2,1,2
0.0,0.06428772336450715,-1.0,1.0,0.97,2,3,3,2
1.0,-1.0,1.0,1.0,0.9400000000000001,1,6,1,2
1.0,-0.14696866785413704,1.0,1.0,0.97,2,1,1,4
0.0,1.0,-1.0,1.0,0.97,1,1,2,2
-1.0,1.0,-0.3333333333333333,0.3333333333333333,0.97,1,2,1,1
0.0,-0.9228439472354483,-0.3333333333333333,0.3333333333333333,0.48999999999999994,2,4,1,5
0.0,1.0,0.3333333333333333,0.3333333333333333,0.97,1,2,1,1
0.0,0.03582768966254901,-0.6666666666666666,0.6666666666666666,0.83,2,4,1,1
1.0,-1.0,1.0,1.0,0.97,2,6,4,2
-1.0,-0.9011038841286806,-0.3333333333333333,0.3333333333333333,0.8400000000000001,1,5,1,3
-1.0,-0.3452627083804432,-1.0,1.0,0.9400000000000001,3,5,1,1
-0.5,-0.2689512453834653,0.0,0.0,0.93,1,5,2,2
-1.0,-0.02335798695332097,0.0,0.0,0.76,1,2,5,3
0.0,-0.9302897516482592,0.0,0.0,0.93,2,3,1,4
1.0,0.24961970620842283,0.3333333333333333,0.3333333333333333,0.97,1,2,1,4
-1.0,-0.19650178146944966,-1.0,1.0,0.97,1,3,1,2
1.0,0.438045563602599,0.0,0.0,0.44999999999999996,2,2,1,4
-0.5,1.0,-1.0,1.0,0.97,1,2,2,1
-0.5,-1.0,-1.0,1.0,0.97,2,5,1,4
-0.5,-0.5499375083886023,-0.6666666666666666,0.6666666666666666,0.97,2,6,3,1
-1.0,-0.4677307711988756,-0.3333333333333333,0.3333333333333333,0.97,2,3,1,2
0.5,0.9015610104351252,-0.3333333333333333,0.3333333333333333,0.97,2,1,7,4
0.5,-1.0,0.0,0.0,0.93,1,6,4,2
0.0,1.0,0.0,0.0,0.44999999999999996,1,2,1,1
1.0,0.49751277883750433,1.0,1.0,0.97,1,4,1,2
0.5,0.3424237981123754,-0.6666666666666666,0.6666666666666666,0.5299999999999999,1,2,1,2
1.0,0.26037879492663896,1.0,1.0,0.97,2,2,1,1
-0.5,-1.0,-1.0,1.0,0.97,2,3,1,5
0.0,-0.766511172731015,-1.0,1.0,0.97,1,5,2,1
-0.5,1.0,-0.6666666666666666,0.6666666666666666,0.97,1,2,1,3
1.0,0.47190348921773545,1.0,1.0,0.97,2,2,1,3
0.0,1.0,0.0,0.0,0.93,1,2,1,2
-1.0,-0.7571146129193495,-0.6666666666666666,0.6666666666666666,0.97,2,6,6,1
0.5,1.0,1.0,1.0,0.97,1,2,1,1
-1.0,0.40004656706926695,-0.3333333333333333,0.3333333333333333,0.97,1,3,1,2
0.0,1.0,-0.6666666666666666,0.6666666666666666,0.97,2,1,1,1
0.5,1.0,0.6666666666666666,0.6666666666666666,0.97,2,2,1,2
-0.5,-1.0,-1.0,1.0,0.97,2,6,1,3
0.0,1.0,-0.3333333333333333,0.3333333333333333,0.48999999999999994,1,2,3,1
0.5,0.6855141042901631,0.0,0.0,0.43,2,3,1,1
-0.5,-0.18398318000321795,-1.0,1.0,0.43,2,2,1,4
-0.5,-1.0,0.0,0.0,0.93,1,4,1,2
0.0,0.38835957953265265,0.6666666666666666,0.6666666666666666,0.97,2,2,1,4
0.5,0.048125238255367686,0.0,0.0,0.93,1,3,1,3
0.0,-0.4948245949342311,-1.0,1.0,0.97,2,5,1,2
0.0,0.6878858417546665,0.3333333333333333,0.3333333333333333,0.97,1,2,1,2
-0.5,0.5973580893690459,0.3333333333333333,0.3333333333333333,0.36,1,2,6,2
0.0,-0.1989943711786822,0.0,0.0,0.44999999999999996,2,3,5,3
-1.0,0.11801754680616847,0.3333333333333333,0.3333333333333333,0.97,2,5,7,1
0.5,-0.6939208560477702,-0.6666666666666666,0.6666666666666666,0.97,2,6,2,2
-0.5,-0.668618114094161,-1.0,1.0,0.97,2,5,1,2
0.0,1.0,0.0,0.0,0.39,2,2,1,2
0.0,-0.1666704604887903,-0.3333333333333333,0.3333333333333333,0.93,1,5,1,1
-0.5,0.09225834063154821,-1.0,1.0,0.97,2,4,2,1
1.0,0.039133666042346214,1.0,1.0,0.97,2,4,1,2
0.5,-0.1763860014317734,1.0,1.0,0.97,1,1,5,4
-1.0,-0.002993322212279785,-1.0,1.0,0.97,1,5,1,1
0.5,0.08958216019553386,1.0,1.0,0.97,1,2,1,2
0.5,0.3597347903340041,1.0,1.0,0.97,2,2,1,2
1.0,-1.0,1.0,1.0,0.97,1,5,1,2
0.0,-0.4588355003379343,0.0,0.0,0.44999999999999996,2,2,1,5
0.0,1.0,-1.0,1.0,0.97,1,3,1,1
-0.5,0.7777987469627654,-0.6666666666666666,0.6666666666666666,0.33999999999999997,1,3,3,1
0.0,1.0,-0.6666666666666666,0.6666666666666666,0.97,2,3,2,1
0.0,0.6278178600857596,-1.0,1.0,0.97,1,6,2,1
-0.5,1.0,-1.0,1.0,0.86,1,2,2,2
0.0,-1.0,-0.3333333333333333,0.3333333333333333,0.97,2,6,1,3
0.0,-0.3344700970399952,0.0,0.0,0.44999999999999996,1,3,1,3
-1.0,-0.4266719532517622,-1.0,1.0,0.97,2,3,2,4
1.0,-1.0,1.0,1.0,0.97,2,5,1,4
1.0,-1.0,1.0,1.0,0.97,2,5,1,3
1.0,-0.3918762008502234,0.6666666666666666,0.6666666666666666,0.97,2,4,1,4
0.0,1.0,0.0,0.0,0.3,1,2,2,3
0.0,-0.8697413045402461,0.6666666666666666,0.6666666666666666,0.96,2,3,1,3
0.0,0.4697783862324361,-1.0,1.0,0.97,1,2,2,2
0.0,-1.0,-0.6666666666666666,0.6666666666666666,0.89,2,6,1,4
0.0,0.6716354741238346,-1.0,1.0,0.97,1,4,1,1
-0.5,1.0,-1.0,1.0,0.39999999999999997,3,3,4,1
-0.5,1.0,-0.3333333333333333,0.3333333333333333,0.8500000000000001,2,3,1,2
0.0,-1.0,0.6666666666666666,0.6666666666666666,0.97,2,6,1,4
0.5,0.1387305892716225,-0.3333333333333333,0.3333333333333333,0.8300000000000001,1,4,3,1
1.0,0.3642933796450456,1.0,1.0,0.97,1,2,6,4
0.5,0.5411704337763243,0.3333333333333333,0.3333333333333333,0.97,2,2,1,2
1.0,1.0,1.0,1.0,0.97,1,2,1,1
-0.5,-1.0,-1.0,1.0,0.97,2,6,1,2
-0.5,-1.0,-1.0,1.0,0.97,2,6,3,3
0.5,1.0,0.6666666666666666,0.6666666666666666,0.4,2,2,1,1
-0.5,-0.22096131619762274,-1.0,1.0,0.97,2,5,1,1
0.0,1.0,-1.0,1.0,0.57,1,3,2,2
0.0,0.9023017988647591,0.0,0.0,0.93,1,2,2,2
0.0,-1.0,-0.3333333333333333,0.3333333333333333,0.97,2,6,1,3
0.5,0.7037446301319755,-0.6666666666666666,0.6666666666666666,0.38,2,3,4,1
1.0,-0.6808975323038545,1.0,1.0,0.97,2,3,1,2
0.0,-1.0,0.6666666666666666,0.6666666666666666,0.97,2,5,1,2
1.0,0.20852005544345753,-1.0,1.0,0.97,1,5,1,1
-0.5,-0.1949434169805823,-0.6666666666666666,0.6666666666666666,0.97,2,4,1,2
0.0,-0.0027267508359675166,-1.0,1.0,0.97,2,4,1,3
-1.0,0.770894319819994,0.0,0.0,0.36,2,1,3,1
0.5,1.0,0.0,0.0,0.81,1,2,2,1
-0.5,1.0,0.0,0.0,0.93,2,2,1,1
0.5,0.37673957971428995,-0.6666666666666666,0.6666666666666666,0.94,1,5,1,1
0.0,0.7704635195964473,-0.6666666666666666,0.6666666666666666,0.97,2,3,1,2
0.0,-0.1498958875864922,0.0,0.0,0.8300000000000001,2,4,1,3
-0.5,0.6842318240309943,-1.0,1.0,0.97,2,5,7,1
0.5,1.0,0.0,0.0,0.44999999999999996,2,1,1,2
0.5,1.0,1.0,1.0,0.97,2,2,1,1
-0.5,-0.191297857201139,-0.6666666666666666,0.6666666666666666,0.97,2,4,1,1
0.5,-1.0,0.6666666666666666,0.6666666666666666,0.97,2,5,1,4
0.0,-0.15201280911243195,0.0,0.0,0.91,2,5,6,2
0.0,-1.0,-1.0,1.0,0.97,1,5,1,2
0.0,1.0,0.0,0.0,0.27,2,2,2,1
0.5,0.4703817595722962,0.0,0.0,0.93,1,3,4,2
0.0,0.9198949781454636,-0.3333333333333333,0.3333333333333333,0.97,1,4,1,1
0.0,0.02400582933014109,-0.6666666666666666,0.6666666666666666,0.5299999999999999,2,2,6,4
0.0,1.0,0.0,0.0,0.44999999999999996,1,2,7,1
1.0,1.0,1.0,1.0,0.97,1,1,1,1
0.5,0.12934692621682647,0.3333333333333333,0.3333333333333333,0.48999999999999994,1,2,1,3
0.0,-0.9782838279197037,0.3333333333333333,0.3333333333333333,0.97,1,6,3,1
1.0,1.0,1.0,1.0,0.97,2,1,2,1
1.0,0.8238987606507042,1.0,1.0,0.97,2,3,4,1
-1.0,-0.7611881568275453,-1.0,1.0,0.9400000000000001,1,5,1,2
0.0,-1.0,0.0,0.0,0.44999999999999996,1,6,2,2
0.0,0.22990301155318962,-1.0,1.0,0.91,1,6,2,1
0.5,1.0,0.6666666666666666,0.6666666666666666,0.97,2,2,4,1
1.0,0.5914097625840318,1.0,1.0,0.97,1,3,1,1
0.0,-1.0,-0.3333333333333333,0.3333333333333333,0.97,1,5,4,1
-0.5,-1.0,0.0,0.0,0.93,1,6,3,3
0.0,0.4001664206106506,0.0,0.0,0.44999999999999996,2,2,1,4
0.0,-0.1081904188703269,-0.3333333333333333,0.3333333333333333,0.9500000000000001,1,5,1,2
1.0,-1.0,1.0,1.0,0.97,1,5,1,4
-0.5,1.0,-1.0,1.0,0.97,1,2,1,2
-0.5,-1.0,-1.0,1.0,0.97,2,6,1,4
-0.5,1.0,-1.0,1.0,0.97,1,2,1,2
0.0,-0.030417203249508896,0.3333333333333333,0.3333333333333333,0.97,2,5,1,2
0.0,-0.6272026062219991,0.3333333333333333,0.3333333333333333,0.97,2,6,1,3
0.0,-0.576267680586029,1.0,1.0,0.97,2,4,1,3
0.5,-0.701788634926617,0.3333333333333333,0.3333333333333333,0.97,1,3,1,3
0.0,0.8258544569357786,-1.0,1.0,0.57,1,2,1,3
-0.5,-0.13741089288005767,-1.0,1.0,0.97,2,5,3,2
-1.0,0.7593828434798144,-1.0,1.0,0.93,2,4,1,2
0.5,0.12553810044589314,0.3333333333333333,0.3333333333333333,0.97,1,5,1,2
0.5,0.8964146077960782,0.6666666666666666,0.6666666666666666,0.94,1,5,1,1
-0.5,1.0,-0.3333333333333333,0.3333333333333333,0.97,1,3,2,1
0.5,-0.4271440506377614,0.6666666666666666,0.6666666666666666,0.97,2,5,1,2
0.0,-1.0,-0.3333333333333333,0.3333333333333333,0.97,1,5,1,4
0.0,0.6391087785696674,1.0,1.0,0.97,2,2,1,3
-1.0,1.0,0.6666666666666666,0.6666666666666666,0.97,2,2,3,1
0.5,-0.4362289958013012,1.0,1.0,0.97,2,5,1,2
0.0,-0.09657306971306014,0.0,0.0,0.78,2,5,1,1
1.0,1.0,0.6666666666666666,0.6666666666666666,0.97,2,2,3,2
0.0,0.8483079853083739,0.0,0.0,0.89,1,2,4,2
0.0,0.4860824351640618,-1.0,1.0,0.57,2,3,1,3
1.0,-1.0,-1.0,1.0,0.55,1,5,1,1
0.5,0.03471107370738453,0.3333333333333333,0.3333333333333333,0.97,2,4,1,2
0.5,0.02401787400553846,0.3333333333333333,0.3333333333333333,0.8600000000000001,2,6,1,1
0.5,0.07275048269319613,1.0,1.0,0.97,2,4,1,4
0.0,1.0,0.6666666666666666,0.6666666666666666,0.5299999999999999,1,2,1,2
-0.5,0.27733403694562225,-1.0,1.0,0.97,2,6,1,1
-0.5,0.02365323803734368,-0.6666666666666666,0.6666666666666666,0.97,1,4,1,2
0.5,-0.48565455700477356,-0.3333333333333333,0.3333333333333333,0.97,1,4,2,3
1.0,1.0,0.0,0.0,0.44999999999999996,2,2,2,1
1.0,0.897741261408318,1.0,1.0,0.57,2,2,1,2
1.0,-0.8378521041527288,0.3333333333333333,0.3333333333333333,0.97,1,3,1,4
0.0,-0.6374423284657138,-1.0,1.0,0.97,1,2,1,5
0.5,-1.0,0.3333333333333333,0.3333333333333333,0.97,2,5,7,2
0.0,0.21240430631768215,0.0,0.0,0.44999999999999996,1,4,1,2
0.0,0.48330207370730915,0.0,0.0,0.93,1,2,1,3
-0.5,-0.7966329101400411,-1.0,1.0,0.97,2,6,1,1
-0.5,-1.0,-0.6666666666666666,0.6666666666666666,0.5299999999999999,2,4,1,4
-1.0,-1.0,-1.0,1.0,0.97,2,5,1,4
0.0,1.0,0.0,0.0,0.29,1,2,1,2
-0.5,-1.0,-1.0,1.0,0.97,1,6,1,2
1.0,-0.6209725710714687,1.0,1.0,0.97,2,2,1,4
0.5,0.4361768045015253,0.3333333333333333,0.3333333333333333,0.48999999999999994,2,4,1,2
0.0,-1.0,0.3333333333333333,0.3333333333333333,0.97,1,5,3,3
-1.0,0.16229911500205196,-0.6666666666666666,0.6666666666666666,0.88,1,5,1,1
0.0,0.7238782285911259,-1.0,1.0,0.93,2,5,2,1
-1.0,1.0,-1.0,1.0,0.97,2,2,2,1
0.0,0.8046542356176529,0.0,0.0,0.93,2,3,1,2
-1.0,0.247013491144895,-1.0,1.0,0.97,1,5,1,1
0.0,1.0,-0.3333333333333333,0.3333333333333333,0.91,1,2,1,1
0.0,-1.0,-0.3333333333333333,0.3333333333333333,0.97,2,6,1,1
1.0,-1.0,0.3333333333333333,0.3333333333333333,0.97,1,6,1,4
-0.5,1.0,-1.0,1.0,0.97,2,3,1,1
0.0,-0.6041350221970065,0.0,0.0,0.93,2,3,1,4
0.0,1.0,0.6666666666666666,0.6666666666666666,0.96,1,4,3,1
0.0,0.8787529024432312,-0.6666666666666666,0.6666666666666666,0.5299999999999999,1,2,1,2
0.0,0.1244031026410017,1.0,1.0,0.56,2,2,1,4
0.0,0.3330817644012784,0.6666666666666666,0.6666666666666666,0.97,2,2,1,3
0.0,-0.821680862588303,0.0,0.0,0.93,2,5,3,2
1.0,-1.0,1.0,1.0,0.97,1,6,1,2
-0.5,0.6197158326022598,-1.0,1.0,0.97,2,2,1,3
-0.5,-0.9540404152567307,-1.0,1.0,0.97,2,5,1,2
-0.5,1.0,-0.3333333333333333,0.3333333333333333,0.81,1,1,1,2
0.5,-1.0,0.6666666666666666,0.6666666666666666,0.41999999999999993,1,5,1,4
0.5,1.0,0.6666666666666666,0.6666666666666666,0.97,1,2,1,2
0.5,-1.0,1.0,1.0,0.97,2,5,1,4
-1.0,-0.5353959237475698,-0.3333333333333333,0.3333333333333333,0.97,1,4,1,1
0.0,-0.6096361428124009,-0.6666666666666666,0.6666666666666666,0.88,2,6,1,1
0.5,1.0,0.6666666666666666,0.6666666666666666,0.97,2,2,1,3
0.0,0.11761840517423001,0.3333333333333333,0.3333333333333333,0.97,1,5,1,2
0.5,1.0,1.0,1.0,0.97,1,1,1,1
0.5,0.2180025154439526,0.6666666666666666,0.6666666666666666,0.35,2,3,1,3
1.0,0.4372944552110153,1.0,1.0,0.97,1,2,1,4
-1.0,-0.30139341164755906,0.0,0.0,0.32,2,3,1,2
-1.0,1.0,-0.3333333333333333,0.3333333333333333,0.78,3,3,3,1
-1.0,0.3292614022585685,-1.0,1.0,0.57,2,3,1,2
0.0,0.9119401571624122,-1.0,1.0,0.97,2,1,1,3
0.0,-0.41452770379772974,0.0,0.0,0.29,2,3,2,4
1.0,-0.42851155309315714,1.0,1.0,0.97,1,6,1,2
1.0,-1.0,1.0,1.0,0.97,1,5,1,3
-1.0,-1.0,-1.0,1.0,0.9500000000000001,1,5,1,2
-0.5,0.16467260303866724,-1.0,1.0,0.43,1,3,3,3
0.0,-1.0,0.0,0.0,0.93,1,5,3,3
0.0,-0.28331589785110756,0.0,0.0,0.42,2,5,4,1
0.0,1.0,0.0,0.0,0.44999999999999996,2,3,1,2
0.5,1.0,-0.6666666666666666,0.6666666666666666,0.97,2,2,1,2
0.0,0.9044055790408364,-0.3333333333333333,0.3333333333333333,0.38999999999999996,1,4,1,1
0.0,1.0,1.0,1.0,0.9,1,2,1,2
-0.5,0.6582858523371607,-0.6666666666666666,0.6666666666666666,0.97,2,6,3,1
-1.0,0.590520039095467,-1.0,1.0,0.97,2,2,1,2
-0.5,1.0,0.0,0.0,0.3,1,2,3,1
-0.5,0.6693511778233832,-1.0,1.0,0.97,2,2,1,2
-0.5,1.0,-0.6666666666666666,0.6666666666666666,0.97,1,2,1,2
0.5,-1.0,-0.6666666666666666,0.6666666666666666,0.88,1,5,4,3
0.0,0.9578275874030916,0.0,0.0,0.44999999999999996,1,2,1,4
0.5,0.6206745748723268,0.6666666666666666,0.6666666666666666,0.5299999999999999,2,2,1,2
-0.5,0.19161766532981017,-0.3333333333333333,0.3333333333333333,0.97,1,5,1,2
-0.5,0.6685112945101176,0.0,0.0,0.93,1,4,1,1
-1.0,1.0,-1.0,1.0,0.9400000000000001,2,1,2,1
0.0,1.0,0.0,0.0,0.44999999999999996,2,1,1,3
0.0,0.5543759349156244,1.0,1.0,0.87,1,3,3,2
0.0,1.0,0.0,0.0,0.92,2,3,1,1
0.0,0.3085468727625837,-1.0,1.0,0.57,2,3,1,2
0.0,-0.37333970917771186,0.6666666666666666,0.6666666666666666,0.85,1,3,1,3
1.0,0.6633246729203607,1.0,1.0,0.97,2,3,3,1
1.0,-1.0,0.6666666666666666,0.6666666666666666,0.5299999999999999,2,5,1,2
0.0,0.8593068825036841,0.0,0.0,0.26,2,3,1,2
0.0,-1.0,-0.6666666666666666,0.6666666666666666,0.92,2,5,2,2
0.0,-1.0,0.0,0.0,0.91,1,6,1,2
-1.0,0.6973434838997278,-0.3333333333333333,0.3333333333333333,0.97,2,4,1,1
0.5,0.8579669685651761,0.0,0.0,0.93,1,3,7,2
0.5,-0.8766906625861047,1.0,1.0,0.97,1,2,1,4
0.0,-1.0,0.0,0.0,0.93,2,6,1,3
0.0,1.0,0.6666666666666666,0.6666666666666666,0.97,1,2,1,2
0.0,-0.580123207133992,-0.6666666666666666,0.6666666666666666,0.97,1,6,1,1
0.0,0.640746650534241,0.3333333333333333,0.3333333333333333,0.8500000000000001,1,4,1,2
-1.0,-1.0,1.0,1.0,0.9500000000000001,1,5,1,4
-0.5,-0.718960598779013,-0.6666666666666666,0.6666666666666666,0.89,2,4,3,1
0.0,0.7825610828978121,-0.3333333333333333,0.3333333333333333,0.91,2,4,1,1
0.0,-0.8894747957641936,0.3333333333333333,0.3333333333333333,0.97,1,6,1,1
0.5,-1.0,-1.0,1.0,0.97,1,5,1,1
0.0,0.3940813365297156,0.0,0.0,0.44999999999999996,1,2,1,3
0.5,0.21917766052312754,0.3333333333333333,0.3333333333333333,0.78,1,3,1,4
0.0,0.2360546668502159,0.0,0.0,0.93,2,2,1,2
-0.5,1.0,-1.0,1.0,0.97,1,2,1,1
0.5,-0.3847702804091583,0.6666666666666666,0.6666666666666666,0.5299999999999999,1,2,1,4
-1.0,1.0,0.0,0.0,0.8300000000000001,1,2,2,1
-0.5,-1.0,-1.0,1.0,0.97,2,5,2,2
0.0,-0.5254473497936353,0.0,0.0,0.93,1,5,1,2
-0.5,-0.617532094936264,-1.0,1.0,0.9500000000000001,2,5,1,2
-0.5,0.5393486817980884,-1.0,1.0,0.97,2,2,1,1
0.0,1.0,0.3333333333333333,0.3333333333333333,0.97,2,3,1,4
-1.0,-0.38531256617169546,-0.3333333333333333,0.3333333333333333,0.97,2,5,1,1
0.0,0.6397646086589124,0.0,0.0,0.44999999999999996,2,2,1,2
0.5,-0.4605328436538499,1.0,1.0,0.97,2,5,1,3
1.0,-0.9210258023367938,0.0,0.0,0.93,1,6,1,4
1.0,1.0,0.0,0.0,0.93,1,3,3,1
0.5,-0.5755469765844337,-1.0,1.0,0.97,2,2,2,4
-0.5,0.10740980661407772,-0.3333333333333333,0.3333333333333333,0.8600000000000001,1,3,1,3
0.0,-1.0,-0.3333333333333333,0.3333333333333333,0.97,1,6,1,4
0.5,-0.0737911535237374,1.0,1.0,0.97,2,5,1,2
0.5,-1.0,1.0,1.0,0.97,2,4,1,4
-1.0,-1.0,-1.0,1.0,0.57,2,5,1,4
0.0,-1.0,-0.6666666666666666,0.6666666666666666,0.97,2,6,1,4
0.5,0.6508633194790305,0.3333333333333333,0.3333333333333333,0.97,1,3,1,2
-1.0,-1.0,-1.0,1.0,0.97,1,5,1,3
-1.0,0.19026885790211093,-1.0,1.0,0.97,1,6,1,1
-0.5,0.37487140169457367,-0.6666666666666666,0.6666666666666666,0.84,2,3,1,3
0.5,1.0,1.0,1.0,0.97,2,2,1,2
0.0,-1.0,0.3333333333333333,0.3333333333333333,0.97,1,5,1,2
0.5,0.34508055887605277,1.0,1.0,0.97,2,5,1,2
0.0,-0.9690065366687101,0.0,0.0,0.8200000000000001,1,5,4,2
0.5,0.7872256084211093,0.6666666666666666,0.6666666666666666,0.95,2,5,1,1
-1.0,1.0,-1.0,1.0,0.97,2,1,2,1
0.0,-0.7603286606415538,0.0,0.0,0.93,1,6,2,2
0.0,0.11491702375992956,0.0,0.0,0.93,1,3,5,4
0.0,-0.29739712769653986,-0.6666666666666666,0.6666666666666666,0.97,1,2,1,1
-0.5,0.3147793870949176,-1.0,1.0,0.57,2,3,3,2
0.0,0.5137143154269329,0.6666666666666666,0.6666666666666666,0.97,1,4,1,2
0.5,1.0,0.0,0.0,0.93,1,2,1,1
0.5,-0.1631857665245458,1.0,1.0,0.97,2,2,1,3
-0.5,0.2629393648831974,-1.0,1.0,0.86,1,3,1,2
0.0,-1.0,-0.3333333333333333,0.3333333333333333,0.97,2,5,1,2
0.0,-0.21014523312164599,-1.0,1.0,0.97,2,3,1,4
-0.5,-1.0,-0.3333333333333333,0.3333333333333333,0.97,2,5,1,1
-0.5,0.46844155673598337,-0.6666666666666666,0.6666666666666666,0.97,1,5,1,1
0.0,0.6161580475352864,-0.3333333333333333,0.3333333333333333,0.8,1,3,1,3
0.0,1.0,0.0,0.0,0.73,1,1,1,1
-0.5,-0.21342337720644816,-1.0,1.0,0.97,2,4,1,3
1.0,0.4234564293412735,0.6666666666666666,0.6666666666666666,0.5299999999999999,1,1,1,4
-0.5,-0.4202660827901478,-0.6666666666666666,0.6666666666666666,0.97,1,5,1,2
1.0,-0.18527341136794723,1.0,1.0,0.97,1,3,1,2
0.0,1.0,1.0,1.0,0.57,2,3,1,1
0.5,0.037593265224147694,1.0,1.0,0.97,1,2,1,2
0.0,-1.0,-0.3333333333333333,0.3333333333333333,0.97,2,4,1,2
0.5,-1.0,0.3333333333333333,0.3333333333333333,0.97,1,6,1,2
0.0,0.7884897860394494,1.0,1.0,0.97,2,2,1,2
0.0,0.19821338261198954,-0.6666666666666666,0.6666666666666666,0.97,1,2,1,4
1.0,0.5583468275682295,1.0,1.0,0.97,1,2,1,2
0.0,-0.03931526271897782,-1.0,1.0,0.97,2,6,1,2
0.5,0.07941859813682052,0.3333333333333333,0.3333333333333333,0.97,1,3,1,3
0.0,1.0,0.0,0.0,0.26,1,2,1,1
0.0,0.03851312858537813,-0.6666666666666666,0.6666666666666666,0.97,1,4,1,2
-1.0,1.0,0.0,0.0,0.25,1,2,1,2
1.0,0.2374213709875187,1.0,1.0,0.97,1,4,1,2
0.0,-0.7372825167109528,-0.6666666666666666,0.6666666666666666,0.97,2,5,1,3
0.0,1.0,0.0,0.0,0.44999999999999996,2,3,2,1
0.0,-0.6011089105985223,-1.0,1.0,0.97,1,4,3,1
0.0,-0.521136398295546,0.0,0.0,0.44999999999999996,1,3,1,2
1.0,-1.0,1.0,1.0,0.97,2,5,1,4
0.0,0.37351670579991425,0.6666666666666666,0.6666666666666666,0.97,2,2,1,3
0.5,-0.7250648598393988,1.0,1.0,0.97,2,6,1,2
0.0,0.4276911437436181,-0.3333333333333333,0.3333333333333333,0.9500000000000001,1,3,1,2
-1.0,0.1803518731196334,-0.3333333333333333,0.3333333333333333,0.8600000000000001,2,5,1,1
-0.5,-0.23691190259484976,-1.0,1.0,0.97,1,3,1,2
-0.5,0.8336362562427343,-1.0,1.0,0.97,2,3,2,1
0.0,-0.2870409896253509,0.0,0.0,0.93,2,3,2,2
0.5,0.25836956926634996,0.6666666666666666,0.6666666666666666,0.97,1,2,1,4
1.0,-1.0,0.6666666666666666,0.6666666666666666,0.97,1,6,1,4
0.0,1.0,-0.6666666666666666,0.6666666666666666,0.5299999999999999,1,1,4,2
0.0,-0.35422671377720333,-1.0,1.0,0.97,2,3,1,2
0.0,0.6378789215420867,1.0,1.0,0.97,2,3,1,1
1.0,-0.49944881533891294,1.0,1.0,0.97,2,5,1,3
0.5,-0.4278952944699816,0.6666666666666666,0.6666666666666666,0.97,1,5,1,2
0.5,-1.0,0.3333333333333333,0.3333333333333333,0.97,2,5,1,3
-0.5,-1.0,-1.0,1.0,0.97,2,6,2,2
0.5,0.11100909034671423,1.0,1.0,0.97,1,2,3,2
0.0,0.06960083720708389,-0.3333333333333333,0.3333333333333333,0.36999999999999994,1,1,1,3
1.0,0.47896752412293736,1.0,1.0,0.57,1,3,1,2
1.0,-1.0,0.0,0.0,0.93,1,6,1,4
-0.5,-0.3760654568739281,-1.0,1.0,0.57,1,6,1,1
0.5,1.0,0.6666666666666666,0.6666666666666666,0.97,2,2,1,2
0.5,0.8931639842832545,0.3333333333333333,0.3333333333333333,0.78,1,2,1,2
-0.5,0.7558549505074534,1.0,1.0,0.97,1,2,2,2
0.0,-0.9905118141661338,-0.6666666666666666,0.6666666666666666,0.97,2,3,1,4
0.0,0.12594332249572202,0.0,0.0,0.93,2,4,1,1
1.0,-0.3368318346661502,0.6666666666666666,0.6666666666666666,0.39,2,4,1,1
0.0,-0.44873541626873287,0.6666666666666666,0.6666666666666666,0.97,2,3,1,3
-1.0,-0.9828391819741488,-1.0,1.0,0.9600000000000001,2,6,1,2
0.0,-0.18706201798703473,0.6666666666666666,0.6666666666666666,0.97,1,5,1,1
-1.0,1.0,-0.3333333333333333,0.3333333333333333,0.48999999999999994,2,1,1,4
0.0,0.6148080786601029,-0.3333333333333333,0.3333333333333333,0.48999999999999994,1,2,1,1
0.0,0.7735861726315311,0.0,0.0,0.44999999999999996,2,3,2,1
-0.5,-1.0,-0.3333333333333333,0.3333333333333333,0.97,1,6,1,3
-0.5,0.27368437745676233,-0.6666666666666666,0.6666666666666666,0.5299999999999999,2,2,4,3
1.0,1.0,-1.0,1.0,0.97,2,2,2,1
0.0,1.0,0.3333333333333333,0.3333333333333333,0.97,2,2,1,2
0.5,-1.0,-1.0,1.0,0.97,2,4,1,4
-1.0,1.0,-0.6666666666666666,0.6666666666666666,0.43999999999999995,2,2,1,1
0.0,1.0,0.0,0.0,0.8300000000000001,1,1,1,1
-0.5,0.10355289928577273,-1.0,1.0,0.97,2,3,2,1
-0.5,-0.949872564749225,-1.0,1.0,0.93,1,6,1,1
0.0,-1.0,-1.0,1.0,0.97,2,6,1,2
-0.5,0.3958073496539548,0.0,0.0,0.43,1,4,1,1
-1.0,1.0,-0.6666666666666666,0.6666666666666666,0.41999999999999993,2,3,4,1
-0.5,1.0,-0.3333333333333333,0.3333333333333333,0.77,1,2,1,1
0.0,-0.07720248386442363,-0.6666666666666666,0.6666666666666666,0.97,2,2,1,4
0.0,-1.0,0.6666666666666666,0.6666666666666666,0.97,2,5,1,3
0.5,0.7006072217685276,1.0,1.0,0.97,2,3,1,2
0.0,0.47384595738092367,-1.0,1.0,0.97,2,3,1,1
1.0,1.0,1.0,1.0,0.97,1,1,1,3
0.5,1.0,0.6666666666666666,0.6666666666666666,0.86,2,3,1,2
0.5,0.37864131313523874,0.6666666666666666,0.6666666666666666,0.38,1,2,1,3
0.5,-1.0,1.0,1.0,0.97,1,4,7,3
1.0,-1.0,0.6666666666666666,0.6666666666666666,0.97,2,6,1,2
-1.0,0.05791247082258325,-1.0,1.0,0.97,2,5,1,1
1.0,-1.0,0.0,0.0,0.93,2,5,1,3
0.0,-0.7232075750593059,0.0,0.0,0.44999999999999996,2,3,1,4
0.0,-1.0,0.0,0.0,0.93,1,5,1,4
-1.0,-0.7682466122893037,-1.0,1.0,0.97,2,6,3,2
0.0,-1.0,-1.0,1.0,0.97,2,4,2,4
0.0,-0.029310989710789194,0.0,0.0,0.93,1,3,1,1
-0.5,-0.7898817588842091,-1.0,1.0,0.97,2,6,1,2
0.5,-1.0,1.0,1.0,0.97,1,6,1,3
-0.5,-0.43474233785800237,-0.6666666666666666,0.6666666666666666,0.97,1,5,1,2
1.0,-0.34764133732306846,1.0,1.0,0.97,2,3,1,4
0.5,0.3295861373782119,1.0,1.0,0.97,1,2,3,1
1.0,0.8818564061827184,0.3333333333333333,0.3333333333333333,0.97,2,3,1,1
0.0,0.8076533958579222,0.3333333333333333,0.3333333333333333,0.97,2,1,1,4
-1.0,0.20938464399667447,0.0,0.0,0.93,1,5,1,1
0.0,-0.4856663866077129,0.3333333333333333,0.3333333333333333,0.97,1,5,1,2
0.5,-0.6210876147020425,0.3333333333333333,0.3333333333333333,0.97,2,3,1,2
-0.5,0.5454263933161525,-0.3333333333333333,0.3333333333333333,0.97,2,5,1,1
-1.0,1.0,-0.6666666666666666,0.6666666666666666,0.5299999999999999,2,3,1,1
0.5,-1.0,1.0,1.0,0.97,1,6,1,2
0.5,0.4256053810774805,0.3333333333333333,0.3333333333333333,0.42,2,3,1,1
1.0,-0.3055962634668298,1.0,1.0,0.97,1,3,1,4
0.5,-0.19032708887557948,0.6666666666666666,0.6666666666666666,0.97,1,5,4,2
0.0,0.5830375865363236,-1.0,1.0,0.97,2,3,1,1
1.0,0.06662559717040167,0.0,0.0,0.44999999999999996,2,2,1,5
0.0,-1.0,0.0,0.0,0.93,1,6,1,3
1.0,0.35199863998311315,1.0,1.0,0.97,1,2,1,2
0.0,-1.0,0.0,0.0,0.93,1,5,1,4
0.0,0.42816987541932794,0.0,0.0,0.93,1,2,1,2
-0.5,1.0,0.0,0.0,0.93,1,4,2,1
0.0,0.5333029524555046,-0.3333333333333333,0.3333333333333333,0.97,1,5,1,2
0.0,0.9624675188469433,0.0,0.0,0.93,2,3,2,1
-1.0,-0.9426924609235978,-1.0,1.0,0.97,2,6,1,1
0.0,-0.6636863156508235,0.0,0.0,0.8400000000000001,2,5,2,2
1.0,0.30378330105629225,0.6666666666666666,0.6666666666666666,0.97,2,2,1,4
-1.0,-0.825677312079939,-1.0,1.0,0.38,1,3,3,3
0.5,-0.9080710337463007,0.3333333333333333,0.3333333333333333,0.97,1,6,1,1
-1.0,1.0,-1.0,1.0,0.86,2,4,8,1
-1.0,0.29015126234531025,0.0,0.0,0.44999999999999996,1,3,2,1
-0.5,-0.9406287189888742,-1.0,1.0,0.97,1,5,1,2
0.5,0.06214957133169825,1.0,1.0,0.57,1,2,1,4
-1.0,0.5057243560712468,-1.0,1.0,0.97,1,4,1,1
0.0,-1.0,0.0,0.0,0.93,1,6,7,2
0.0,-0.3866017662617288,0.6666666666666666,0.6666666666666666,0.97,2,3,1,4
0.5,0.3744647741874731,1.0,1.0,0.97,1,2,1,4
0.0,0.00046819773390880754,-0.6666666666666666,0.6666666666666666,0.97,1,6,1,2
0.0,-1.0,0.6666666666666666,0.6666666666666666,0.97,1,6,1,2
0.5,-0.5689841356381904,0.6666666666666666,0.6666666666666666,0.91,2,5,1,2
1.0,0.25480361477386737,1.0,1.0,0.97,2,5,1,2
1.0,0.6110386045197639,1.0,1.0,0.57,1,2,1,2
0.0,-0.6402280004116574,0.6666666666666666,0.6666666666666666,0.97,1,2,1,4
0.0,0.12649278697395733,-0.3333333333333333,0.3333333333333333,0.48999999999999994,1,3,1,3
-1.0,0.560206195200775,-1.0,1.0,0.86,2,3,6,3
0.0,0.7270545677524906,0.0,0.0,0.44999999999999996,1,1,1,4
1.0,-0.4779628227517546,1.0,1.0,0.97,2,3,1,4
-1.0,-0.3434060091115701,-1.0,1.0,0.9600000000000001,2,3,7,2
0.0,1.0,0.0,0.0,0.29,1,2,2,1
0.5,0.7027802438083641,1.0,1.0,0.38,2,2,1,4
0.5,-0.2910246027769699,0.6666666666666666,0.6666666666666666,0.97,1,4,1,1
0.5,-0.19358163125981057,1.0,1.0,0.97,2,4,1,2
0.0,1.0,-1.0,1.0,0.45999999999999996,2,2,2,1
0.5,-1.0,0.6666666666666666,0.6666666666666666,0.97,1,6,4,2
0.5,-0.8392063615517471,1.0,1.0,0.97,1,5,1,3
0.0,1.0,1.0,1.0,0.5,2,2,3,1
0.0,0.6444674923112221,-1.0,1.0,0.57,1,3,2,2
0.0,0.38647262090571843,0.0,0.0,0.44999999999999996,2,2,1,2
0.0,-0.9294042481530803,0.0,0.0,0.79,1,4,1,2
-0.5,1.0,-0.3333333333333333,0.3333333333333333,0.48,2,1,2,2
-0.5,0.21164984316091232,-0.3333333333333333,0.3333333333333333,0.48999999999999994,1,2,3,3
-0.5,1.0,-1.0,1.0,0.97,2,4,1,1
0.0,0.8644016129673373,-0.3333333333333333,0.3333333333333333,0.8800000000000001,1,5,4,1
-0.5,1.0,-0.3333333333333333,0.3333333333333333,0.48999999999999994,1,2,1,2
0.5,-0.9206921830444681,1.0,1.0,0.97,2,3,1,4
-0.5,-0.24830868688584995,-0.3333333333333333,0.3333333333333333,0.81,2,5,1,2
0.0,-0.5120387494151342,0.3333333333333333,0.3333333333333333,0.97,1,5,1,3
-1.0,0.8154096333433024,-1.0,1.0,0.97,1,3,1,2
0.5,0.7133158675965027,1.0,1.0,0.97,2,2,1,2
0.0,1.0,0.0,0.0,0.33999999999999997,1,2,1,1
-1.0,-0.4267681674054289,-0.6666666666666666,0.6666666666666666,0.97,3,3,1,4
1.0,0.4844513648611646,1.0,1.0,0.92,2,3,1,2
0.5,-0.3903731211996911,0.6666666666666666,0.6666666666666666,0.96,1,3,1,2
0.0,0.21338217725862216,0.6666666666666666,0.6666666666666666,0.89,2,5,1,1
0.0,-0.6840463164646808,0.0,0.0,0.93,2,5,1,2
-0.5,0.6011060552258367,-1.0,1.0,0.97,2,4,1,1
-1.0,-0.001735445582461274,-1.0,1.0,0.97,1,5,1,1
0.5,0.029955028432040877,0.3333333333333333,0.3333333333333333,0.97,2,4,3,2
0.0,0.5134548478057605,0.0,0.0,0.41,2,1,2,4
0.5,0.890382187280304,0.6666666666666666,0.6666666666666666,0.97,1,2,1,3
0.0,0.3127365918474822,0.0,0.0,0.93,1,3,1,2
0.0,-1.0,1.0,1.0,0.97,2,4,1,4
-1.0,0.2938532172781556,-1.0,1.0,0.97,2,3,1,3
0.0,-1.0,-1.0,1.0,0.9500000000000001,1,6,1,1
0.0,-0.7003202839842292,0.0,0.0,0.93,1,3,1,3
0.0,-1.0,-0.6666666666666666,0.6666666666666666,0.5299999999999999,2,4,2,4
-0.5,-0.8807522264778638,-0.3333333333333333,0.3333333333333333,0.91,2,6,1,2
0.0,1.0,-1.0,1.0,0.97,1,2,3,1
0.5,-1.0,0.6666666666666666,0.6666666666666666,0.97,2,5,2,2
-1.0,-0.3266660987522891,-1.0,1.0,0.97,1,5,1,1
0.5,-1.0,0.6666666666666666,0.6666666666666666,0.97,1,6,1,4
0.0,0.12005353461987116,-0.6666666666666666,0.6666666666666666,0.97,1,4,1,1
0.0,1.0,-1.0,1.0,0.97,1,2,1,1
0.5,-0.4818371912268963,0.6666666666666666,0.6666666666666666,0.97,2,6,1,2
0.5,0.4128114245915687,0.3333333333333333,0.3333333333333333,0.97,2,3,1,3
0.0,0.5917670611597955,0.6666666666666666,0.6666666666666666,0.5299999999999999,1,2,1,4
-1.0,-1.0,-0.3333333333333333,0.3333333333333333,0.97,1,2,5,4
0.5,0.06119788160558945,0.6666666666666666,0.6666666666666666,0.85,1,3,1,5
-1.0,1.0,-1.0,1.0,0.87,1,2,1,1
-0.5,-0.09891552343145274,-1.0,1.0,0.97,2,5,2,4
-1.0,0.4284604839915026,-1.0,1.0,0.86,3,3,2,1
1.0,-1.0,-1.0,1.0,0.93,1,5,1,1
0.5,0.5412507150035998,0.0,0.0,0.44999999999999996,2,1,3,4
0.5,0.27257523399955946,0.3333333333333333,0.3333333333333333,0.97,2,3,1,2
0.0,0.7604342936788503,0.3333333333333333,0.3333333333333333,0.3,1,3,4,2
-0.5,0.017172501087162693,-1.0,1.0,0.97,1,5,1,2
-1.0,0.7934382544179956,-1.0,1.0,0.38,2,3,1,1
0.0,-1.0,-1.0,1.0,0.85,2,6,2,2
0.5,0.20943353650767346,1.0,1.0,0.97,1,4,1,2
0.0,-0.6819022109322609,0.6666666666666666,0.6666666666666666,0.92,1,5,1,2
0.5,-1.0,1.0,1.0,0.97,1,5,1,3
1.0,1.0,1.0,1.0,0.97,1,1,1,1
-0.5,1.0,0.0,0.0,0.8300000000000001,2,3,2,2
0.0,1.0,-1.0,1.0,0.97,1,3,2,1
0.5,1.0,0.0,0.0,0.44999999999999996,1,2,1,1
0.5,-1.0,1.0,1.0,0.97,2,4,1,2
0.0,0.8215921151580446,0.3333333333333333,0.3333333333333333,0.97,2,2,1,2
0.0,-1.0,-0.3333333333333333,0.3333333333333333,0.97,2,6,1,3
0.0,-1.0,0.0,0.0,0.93,2,6,1,2
1.0,-1.0,1.0,1.0,0.97,2,5,1,3
0.0,-0.015809892085139967,0.0,0.0,0.35,1,3,8,3
-0.5,-1.0,-1.0,1.0,0.97,2,5,1,4
1.0,0.22688347514741874,1.0,1.0,0.97,2,2,1,2
0.5,1.0,0.0,0.0,0.44999999999999996,2,2,3,1
0.0,0.8724672479568961,0.0,0.0,0.44999999999999996,1,1,2,2
0.0,-1.0,0.0,0.0,0.91,2,6,1,4
0.5,-0.04605949001307454,1.0,1.0,0.97,1,5,1,2
0.0,0.8973026303202793,-1.0,1.0,0.97,2,3,1,2
0.0,-0.1299042402716336,-0.6666666666666666,0.6666666666666666,0.95,2,5,1,2
0.0,0.5762222010445776,1.0,1.0,0.97,2,3,1,2
-0.5,0.7372309761401755,-1.0,1.0,0.97,1,4,1,1
-0.5,1.0,-1.0,1.0,0.97,2,3,1,1
0.0,-0.8063473255236909,0.6666666666666666,0.6666666666666666,0.97,1,6,1,2
-1.0,-1.0,-0.3333333333333333,0.3333333333333333,0.97,2,6,1,1
0.5,1.0,-0.6666666666666666,0.6666666666666666,0.5299999999999999,2,1,1,2
0.0,1.0,-1.0,1.0,0.97,2,1,2,1
0.0,-1.0,0.0,0.0,0.93,1,4,1,4
1.0,1.0,1.0,1.0,0.57,1,3,3,1
0.5,0.02204403872277696,1.0,1.0,0.97,1,2,1,4
0.5,-0.5025317763762802,0.6666666666666666,0.6666666666666666,0.97,2,5,1,2
-0.5,1.0,-0.6666666666666666,0.6666666666666666,0.86,1,3,4,2
1.0,-0.7034569320567362,1.0,1.0,0.97,1,6,1,1
0.0,-1.0,-0.3333333333333333,0.3333333333333333,0.97,1,6,1,3
0.5,0.5273723905235703,0.6666666666666666,0.6666666666666666,0.97,1,2,1,4
0.0,-0.2356641777249843,-1.0,1.0,0.57,2,1,1,4
0.0,-0.09459558032218632,-0.6666666666666666,0.6666666666666666,0.97,1,2,1,4
1.0,0.370349041356103,1.0,1.0,0.97,2,4,1,2
0.0,-0.934948428779912,0.3333333333333333,0.3333333333333333,0.97,2,5,1,3
0.0,1.0,-0.6666666666666666,0.6666666666666666,0.5299999999999999,2,1,3,2
1.0,0.07186382609120819,1.0,1.0,0.97,2,2,1,2
0.5,-0.8923790156594715,1.0,1.0,0.97,1,3,1,3
-0.5,-0.5652159343466034,-0.6666666666666666,0.6666666666666666,0.88,2,5,7,3
0.5,0.5098772254102367,1.0,1.0,0.97,2,2,1,4
0.5,1.0,0.6666666666666666,0.6666666666666666,0.97,1,2,3,1
0.0,1.0,-0.6666666666666666,0.6666666666666666,0.5299999999999999,1,3,4,1
0.0,-0.21611219878775015,0.6666666666666666,0.6666666666666666,0.92,2,6,1,1
0.0,-0.8543965162635947,-0.6666666666666666,0.6666666666666666,0.97,2,3,2,4
1.0,-0.3159616210212025,1.0,1.0,0.97,2,2,1,4
0.0,0.9990483835017163,1.0,1.0,0.97,2,2,1,2
0.5,1.0,-0.6666666666666666,0.6666666666666666,0.97,2,2,1,1
0.0,0.2871469480245229,-0.6666666666666666,0.6666666666666666,0.97,1,2,1,2
-0.5,0.3132327839056193,-1.0,1.0,0.97,2,3,1,2
0.5,0.34906549907391615,1.0,1.0,0.37,1,2,1,3
1.0,0.27470153353972193,0.6666666666666666,0.6666666666666666,0.5299999999999999,2,2,1,4
0.5,0.4126120714957925,0.6666666666666666,0.6666666666666666,0.91,1,3,3,2
0.0,1.0,0.0,0.0,0.8300000000000001,2,1,3,1
-1.0,1.0,-1.0,1.0,0.49,2,3,2,1
0.0,-0.8906150295843726,-1.0,1.0,0.97,2,6,2,1
1.0,1.0,-0.6666666666666666,0.6666666666666666,0.97,2,1,3,2
-0.5,-1.0,-0.3333333333333333,0.3333333333333333,0.97,2,6,1,2
1.0,0.10257804485683422,1.0,1.0,0.97,2,2,1,3
-0.5,1.0,-1.0,1.0,0.97,1,3,3,1
-1.0,0.1634368100588691,0.0,0.0,0.8300000000000001,1,3,1,3
0.0,1.0,1.0,1.0,0.97,1,1,1,1
-0.5,1.0,-0.6666666666666666,0.6666666666666666,0.97,1,2,1,1
0.0,1.0,0.0,0.0,0.42,1,2,3,1
0.0,-1.0,-0.6666666666666666,0.6666666666666666,0.5299999999999999,1,5,2,4
0.5,-1.0,0.6666666666666666,0.6666666666666666,0.97,2,5,3,2
0.0,-1.0,-0.3333333333333333,0.3333333333333333,0.97,2,6,1,1
0.0,-1.0,-0.6666666666666666,0.6666666666666666,0.39,2,4,1,4
-0.5,-0.5767013133693606,-1.0,1.0,0.97,1,4,1,2
-1.0,-0.49811439508828825,-1.0,1.0,0.97,2,5,1,2
0.5,1.0,-0.3333333333333333,0.3333333333333333,0.48999999999999994,1,2,2,2
0.5,1.0,1.0,1.0,0.88,1,2,1,1
-0.5,-0.22233337743623288,-0.6666666666666666,0.6666666666666666,0.97,2,4,1,3
-1.0,0.5169948545878702,-1.0,1.0,0.97,2,6,1,1
-1.0,-0.2521990366473817,-0.6666666666666666,0.6666666666666666,0.83,3,4,3,2
0.5,-0.9824738086903664,0.3333333333333333,0.3333333333333333,0.97,2,5,1,1
0.0,0.6082701157832151,0.0,0.0,0.93,1,2,1,4
0.5,-1.0,1.0,1.0,0.97,1,4,1,4
0.0,-0.4615291108744735,-1.0,1.0,0.97,2,4,1,2
-1.0,-1.0,-1.0,1.0,0.97,1,5,3,4
-1.0,0.0014583191444074853,-1.0,1.0,0.89,1,2,1,4
-1.0,-0.22547307655580423,-1.0,1.0,0.97,2,5,1,1
0.5,0.21921756145329774,-1.0,1.0,0.9,1,3,4,1
0.0,0.47164737051657646,-1.0,1.0,0.97,1,2,1,3
0.0,-0.38220941802908737,-0.6666666666666666,0.6666666666666666,0.97,1,4,1,4
-0.5,0.4276654202152947,-0.6666666666666666,0.6666666666666666,0.84,1,3,4,2
0.5,-0.9832692846619264,1.0,1.0,0.97,2,5,1,2
1.0,-0.11765197911094534,1.0,1.0,0.97,2,1,1,4
-1.0,-0.06809774406246644,-1.0,1.0,0.88,2,4,1,1
0.0,0.0808245425740034,0.6666666666666666,0.6666666666666666,0.5299999999999999,2,5,1,1
0.0,0.11537464801362055,-1.0,1.0,0.97,1,4,3,2
0.0,0.05695464831971796,-1.0,1.0,0.97,2,2,1,3
-0.5,-1.0,0.0,0.0,0.93,1,4,2,3
0.0,-0.8089781065550181,-0.6666666666666666,0.6666666666666666,0.97,2,6,1,2
0.0,-1.0,0.0,0.0,0.93,2,5,1,3
0.0,0.23664385281596878,0.0,0.0,0.44999999999999996,2,5,1,1
-1.0,-1.0,-1.0,1.0,0.97,2,6,1,2
0.0,-1.0,0.3333333333333333,0.3333333333333333,0.97,1,6,1,1
0.5,0.07551530996463822,0.6666666666666666,0.6666666666666666,0.97,1,3,1,3
-1.0,1.0,-1.0,1.0,0.89,1,2,2,1
-0.5,0.7503730822715506,-1.0,1.0,0.51,2,4,1,1
-1.0,-0.5359061098294253,-1.0,1.0,0.97,2,6,4,1
-0.5,1.0,-0.6666666666666666,0.6666666666666666,0.5299999999999999,1,1,3,2
0.0,-1.0,-1.0,1.0,0.97,2,6,2,1
0.0,-1.0,0.0,0.0,0.93,2,5,1,2
-0.5,0.48520775708886893,-1.0,1.0,0.97,2,1,2,1
1.0,0.9636191855078401,1.0,1.0,0.97,1,2,1,4
-0.5,-0.10718973334867708,-0.6666666666666666,0.6666666666666666,0.97,2,4,1,4
0.0,0.623458141361559,-0.3333333333333333,0.3333333333333333,0.8900000000000001,1,3,1,2
-0.5,0.12617342237192905,1.0,1.0,0.97,2,2,1,4
0.0,0.5668807126712981,-1.0,1.0,0.97,2,1,4,2
-1.0,-1.0,-1.0,1.0,0.97,2,6,1,2
0.5,1.0,0.6666666666666666,0.6666666666666666,0.5299999999999999,2,2,1,1
0.0,-0.5384284374074044,0.3333333333333333,0.3333333333333333,0.97,1,6,4,1
-0.5,-0.4217085262316218,-1.0,1.0,0.91,2,5,1,1
-1.0,-1.0,-0.3333333333333333,0.3333333333333333,0.97,2,6,2,2
-1.0,1.0,-1.0,1.0,0.97,1,3,1,1
-1.0,-1.0,-1.0,1.0,0.97,1,6,6,2
1.0,-1.0,1.0,1.0,0.57,1,3,1,4
-0.5,0.3539245979164437,-0.6666666666666666,0.6666666666666666,0.97,1,3,1,1
-1.0,-1.0,-1.0,1.0,0.97,2,6,1,2
0.0,0.3479981343488712,0.3333333333333333,0.3333333333333333,0.93,2,3,1,2
1.0,0.16409989209534037,1.0,1.0,0.97,1,2,1,4
-0.5,0.6351674088744862,-1.0,1.0,0.97,2,2,1,2
-0.5,-0.9834496746282532,-0.6666666666666666,0.6666666666666666,0.96,2,5,2,4
-0.5,0.3984205530819923,-0.3333333333333333,0.3333333333333333,0.48999999999999994,2,4,2,1
0.5,0.4927864237421869,1.0,1.0,0.97,2,4,1,2
0.5,-0.7348690374530438,0.3333333333333333,0.3333333333333333,0.97,1,5,1,2
0.0,0.6297762564957077,0.0,0.0,0.42,2,5,1,3
-0.5,-0.8437243850024191,0.6666666666666666,0.6666666666666666,0.97,1,5,1,2
0.0,-1.0,-0.6666666666666666,0.6666666666666666,0.4099999999999999,2,5,3,2
1.0,-1.0,1.0,1.0,0.97,2,6,1,2
0.0,0.7886486638440668,0.0,0.0,0.93,2,2,1,2
0.0,-0.0035506348014865733,-1.0,1.0,0.97,1,2,1,2
0.0,0.6921420854250747,0.3333333333333333,0.3333333333333333,0.48999999999999994,1,1,1,4
0.5,-1.0,0.3333333333333333,0.3333333333333333,0.97,2,5,4,1
-1.0,0.07997834578295752,-1.0,1.0,0.97,2,3,1,3
-0.5,-1.0,-1.0,1.0,0.97,2,3,1,4
0.0,0.6991924203309687,0.6666666666666666,0.6666666666666666,0.5299999999999999,1,2,1,2
0.5,-0.5917979179935411,0.6666666666666666,0.6666666666666666,0.97,2,4,1,4
1.0,1.0,0.6666666666666666,0.6666666666666666,0.97,2,3,1,3
-1.0,1.0,-1.0,1.0,0.97,1,1,1,1
0.5,0.8204833882230902,-1.0,1.0,0.57,2,2,4,2
-0.5,-0.5052621304730042,0.0,0.0,0.93,1,5,1,1
0.0,-1.0,0.6666666666666666,0.6666666666666666,0.9,1,5,2,2
0.0,0.9460678516474547,-1.0,1.0,0.57,2,2,2,1
0.0,-0.9587584180022098,-0.6666666666666666,0.6666666666666666,0.97,2,5,1,4
0.0,-0.8637278427708712,-1.0,1.0,0.97,1,6,2,1
-1.0,0.7541499901625356,0.0,0.0,0.93,1,3,1,4
0.0,0.2736618676733156,0.6666666666666666,0.6666666666666666,0.97,1,2,1,4
0.0,0.3690380401143295,0.0,0.0,0.32999999999999996,2,2,2,2
-0.5,-1.0,-1.0,1.0,0.97,2,4,4,4
-0.5,-0.06402929879270239,-1.0,1.0,0.97,3,4,1,1
0.0,-0.48912138245492337,1.0,1.0,0.97,2,4,1,4
0.5,-1.0,0.6666666666666666,0.6666666666666666,0.97,1,6,1,4
1.0,0.6173518922336363,0.6666666666666666,0.6666666666666666,0.95,1,2,2,1
0.0,-0.37569400377298245,-0.6666666666666666,0.6666666666666666,0.93,2,4,4,2
0.0,0.7758113932747241,-0.6666666666666666,0.6666666666666666,0.97,1,3,2,2
0.0,1.0,0.6666666666666666,0.6666666666666666,0.97,2,3,1,1
0.0,0.2979379382065239,0.0,0.0,0.27999999999999997,1,3,2,4
-0.5,-0.26908655708570306,-1.0,1.0,0.92,1,5,4,2
0.0,-1.0,0.0,0.0,0.93,2,6,2,2
0.0,0.2920776693185746,0.0,0.0,0.36,2,5,1,1
0.0,-0.666063559720253,-0.6666666666666666,0.6666666666666666,0.83,2,4,3,2
0.5,-1.0,1.0,1.0,0.97,1,5,1,1
-1.0,-0.31800915850966816,-1.0,1.0,0.97,2,5,1,2
0.0,-0.5330245516506243,-0.6666666666666666,0.6666666666666666,0.97,2,3,1,3
-0.5,0.8049843676721774,0.0,0.0,0.93,1,3,1,1
0.5,0.4799987830678908,0.0,0.0,0.93,2,3,2,2
1.0,-1.0,0.0,0.0,0.93,1,5,1,4
-0.5,0.9697765986751418,-0.3333333333333333,0.3333333333333333,0.97,1,2,2,3
0.0,-0.11035546608133394,-0.3333333333333333,0.3333333333333333,0.97,2,5,1,2
1.0,-0.8068572847559141,1.0,1.0,0.97,1,4,1,4
-0.5,-0.7794106677882648,-1.0,1.0,0.57,2,5,2,2
0.0,0.594048566965266,0.6666666666666666,0.6666666666666666,0.97,2,1,1,4
0.5,0.10409552535944114,0.3333333333333333,0.3333333333333333,0.9500000000000001,1,3,1,2
1.0,1.0,1.0,1.0,0.97,1,2,1,1
0.5,1.0,0.3333333333333333,0.3333333333333333,0.97,2,3,1,3
0.0,0.5128519366433029,-0.6666666666666666,0.6666666666666666,0.97,1,3,1,2
0.0,1.0,-1.0,1.0,0.97,2,2,1,2
0.5,-1.0,1.0,1.0,0.97,1,6,1,2
-1.0,1.0,0.0,0.0,0.25,4,1,1,1
-1.0,1.0,-1.0,1.0,0.97,1,2,1,2
1.0,0.8201348657293398,1.0,1.0,0.97,2,3,1,2
1.0,-0.4344534297821986,0.3333333333333333,0.3333333333333333,0.97,1,5,1,2
0.0,-0.9085576782005486,-0.6666666666666666,0.6666666666666666,0.96,2,6,1,3
0.5,1.0,0.0,0.0,0.33999999999999997,1,2,2,2
0.5,0.6259819364290695,1.0,1.0,0.97,1,2,1,3
-1.0,-0.6676237780722435,-0.3333333333333333,0.3333333333333333,0.9600000000000001,2,6,1,1
0.0,0.4047014284272616,-0.3333333333333333,0.3333333333333333,0.8500000000000001,2,4,3,2
0.0,-0.41955642879979343,0.6666666666666666,0.6666666666666666,0.87,2,2,1,4
-0.5,-0.9844561187050839,-1.0,1.0,0.97,1,6,1,1
0.5,-0.5752872108213679,1.0,1.0,0.97,1,5,6,2
0.5,-0.4371080422385779,1.0,1.0,0.97,1,2,1,3
0.0,0.9119099195899895,-1.0,1.0,0.97,1,2,3,3
0.5,-0.028329017332094444,1.0,1.0,0.97,2,2,1,3
0.5,0.22972881511577303,0.0,0.0,0.29,1,2,7,3
1.0,-1.0,1.0,1.0,0.97,2,4,5,4
-0.5,0.4979504062846194,-1.0,1.0,0.97,1,2,2,3
0.0,-0.6074781012122509,-0.3333333333333333,0.3333333333333333,0.48999999999999994,1,3,1,4
0.0,-0.5826760722600346,-0.6666666666666666,0.6666666666666666,0.42999999999999994,1,5,1,2
1.0,0.5061482440777808,-0.3333333333333333,0.3333333333333333,0.97,1,1,2,4
1.0,0.6045318998729353,1.0,1.0,0.57,2,3,1,1
0.5,0.1314373362549435,0.3333333333333333,0.3333333333333333,0.97,1,1,1,4
-0.5,1.0,1.0,1.0,0.57,2,2,3,1
0.5,-1.0,0.3333333333333333,0.3333333333333333,0.97,2,4,1,2
-0.5,0.3091538707350166,-0.6666666666666666,0.6666666666666666,0.4099999999999999,3,3,2,2
0.0,0.17094952979231995,-1.0,1.0,0.97,2,3,6,2
0.0,1.0,0.3333333333333333,0.3333333333333333,0.97,2,1,1,3
0.5,-0.346503936612816,1.0,1.0,0.97,2,3,7,2
-0.5,-0.8698872700654106,-1.0,1.0,0.97,1,6,1,1
0.0,0.36342826209854157,-1.0,1.0,0.97,2,3,1,2
0.0,1.0,0.6666666666666666,0.6666666666666666,0.97,2,1,1,3
-1.0,-0.4329998779161913,-1.0,1.0,0.97,1,6,6,1
-0.5,-1.0,-1.0,1.0,0.41,1,5,2,3
-0.5,0.16119417573068714,-0.6666666666666666,0.6666666666666666,0.37,2,3,1,2
0.5,1.0,0.0,0.0,0.44999999999999996,2,2,1,2
0.0,-1.0,0.0,0.0,0.93,2,5,1,4
0.0,-0.5284557390953027,-0.6666666666666666,0.6666666666666666,0.97,2,4,2,3
0.0,-0.49194713018970915,-0.3333333333333333,0.3333333333333333,0.8400000000000001,2,4,1,3
0.0,-0.3277830984003763,-1.0,1.0,0.97,1,5,1,1
1.0,1.0,1.0,1.0,0.97,1,1,1,4
0.5,-0.6437526977265386,1.0,1.0,0.45999999999999996,2,3,1,4
0.5,1.0,-0.6666666666666666,0.6666666666666666,0.35,1,1,1,1
0.5,0.9191144084652745,1.0,1.0,0.57,2,2,3,1
0.0,1.0,0.0,0.0,0.36,2,2,1,2
-0.5,-0.5121253530385746,-1.0,1.0,0.57,1,5,1,3
-0.5,-0.7959116605684088,-1.0,1.0,0.97,2,4,1,3
0.0,0.3283143988495772,0.6666666666666666,0.6666666666666666,0.97,2,4,1,1
0.5,0.0071872660762401005,0.3333333333333333,0.3333333333333333,0.97,2,2,1,3
0.0,-1.0,-0.6666666666666666,0.6666666666666666,0.97,2,6,1,2
0.5,1.0,0.3333333333333333,0.3333333333333333,0.97,2,2,1,3
0.5,-0.838217003601187,1.0,1.0,0.97,2,5,1,2
-1.0,-1.0,0.0,0.0,0.8200000000000001,2,4,1,4
-0.5,1.0,-1.0,1.0,0.97,2,3,3,2
-0.5,-1.0,-0.6666666666666666,0.6666666666666666,0.97,2,6,1,1
0.0,-1.0,0.0,0.0,0.8500000000000001,2,5,1,3
-0.5,1.0,-1.0,1.0,0.9400000000000001,2,3,1,2
-0.5,-0.6217300774842857,0.3333333333333333,0.3333333333333333,0.39999999999999997,2,5,1,2
1.0,0.8136467215186323,1.0,1.0,0.97,1,2,1,2
0.0,0.2544757849263381,0.3333333333333333,0.3333333333333333,0.48999999999999994,2,2,1,2
-1.0,-1.0,-1.0,1.0,0.92,1,5,1,2
0.0,-0.2125726241453505,0.6666666666666666,0.6666666666666666,0.97,1,5,1,1
0.0,0.6076998320355868,0.0,0.0,0.93,2,3,1,2
0.5,0.9997171425905036,-0.6666666666666666,0.6666666666666666,0.97,1,3,4,1
0.0,-1.0,-0.6666666666666666,0.6666666666666666,0.97,1,6,1,2
0.0,0.42781764457242555,-1.0,1.0,0.5,2,3,1,2
-0.5,-1.0,-1.0,1.0,0.97,2,6,3,2
-0.5,1.0,-0.6666666666666666,0.6666666666666666,0.82,2,3,4,1
0.5,1.0,0.3333333333333333,0.3333333333333333,0.48999999999999994,2,1,1,1
-0.5,1.0,-0.6666666666666666,0.6666666666666666,0.97,1,2,1,1
0.0,-0.06113133026154668,-0.6666666666666666,0.6666666666666666,0.97,2,4,1,2
0.5,-1.0,0.3333333333333333,0.3333333333333333,0.97,1,5,1,4
0.5,0.8727827314571974,1.0,1.0,0.97,1,2,3,2
1.0,0.727283185580884,0.3333333333333333,0.3333333333333333,0.97,2,2,1,2
1.0,-1.0,0.3333333333333333,0.3333333333333333,0.97,2,6,1,4
0.0,-0.41289593296372273,0.0,0.0,0.44999999999999996,2,3,3,4
0.0,-1.0,0.0,0.0,0.93,1,5,1,2
-1.0,-1.0,-1.0,1.0,0.97,2,6,6,3
0.0,1.0,-0.3333333333333333,0.3333333333333333,0.33999999999999997,1,2,1,1
0.5,1.0,-1.0,1.0,0.97,2,2,2,1
0.0,-0.023391609733134935,0.0,0.0,0.76,1,4,3,2
0.5,0.30188253980604635,1.0,1.0,0.97,1,5,1,1
0.0,0.9490299628576565,-1.0,1.0,0.97,1,3,1,2
-0.5,1.0,0.0,0.0,0.44999999999999996,2,2,1,2
-1.0,-0.975006781390783,-1.0,1.0,0.97,2,5,1,2
0.0,-0.444737013662453,-1.0,1.0,0.97,2,5,2,2
1.0,-0.39567412000030483,1.0,1.0,0.97,2,6,1,2
0.0,1.0,-1.0,1.0,0.97,2,2,1,2
-1.0,-0.154376511321469,-1.0,1.0,0.97,2,5,1,2
0.5,-0.18767276154182022,0.6666666666666666,0.6666666666666666,0.33999999999999997,1,2,1,4
0.0,0.7931578843046156,0.0,0.0,0.77,1,2,1,2
0.5,0.8370721211440973,1.0,1.0,0.97,1,2,1,2
0.5,0.028262462947328256,0.3333333333333333,0.3333333333333333,0.97,2,2,1,4
0.5,1.0,-1.0,1.0,0.97,1,2,2,1
0.5,-1.0,-0.6666666666666666,0.6666666666666666,0.52,1,5,5,1
0.5,-0.5312615434398066,1.0,1.0,0.97,2,5,1,2
1.0,0.8576732180917874,-0.6666666666666666,0.6666666666666666,0.97,2,2,4,2
0.0,-0.8454071023700962,-0.6666666666666666,0.6666666666666666,0.87,2,5,1,1
0.5,0.4079822082075982,0.6666666666666666,0.6666666666666666,0.5299999999999999,2,2,1,4
0.0,-0.9878903816566185,-1.0,1.0,0.97,2,6,2,1
1.0,-0.13226506520012185,0.0,0.0,0.93,1,2,1,4
0.5,0.8456401017814921,1.0,1.0,0.97,2,5,1,1
-0.5,0.9475409719329208,-0.3333333333333333,0.3333333333333333,0.8200000000000001,1,3,3,2
0.0,1.0,-0.3333333333333333,0.3333333333333333,0.48999999999999994,2,2,1,2
0.5,0.19503612205777954,-1.0,1.0,0.97,2,3,2,3
-0.5,-0.6337753290527389,-1.0,1.0,0.97,2,5,1,2
1.0,1.0,1.0,1.0,0.97,2,2,1,4
-0.5,0.05435987360103951,-1.0,1.0,0.39,4,2,1,5
0.5,0.5058121719622674,1.0,1.0,0.57,2,2,3,2
0.0,-0.19776686755398992,0.6666666666666666,0.6666666666666666,0.5299999999999999,2,1,1,4
0.0,-1.0,-0.3333333333333333,0.3333333333333333,0.97,2,5,1,4
1.0,1.0,0.6666666666666666,0.6666666666666666,0.42999999999999994,1,2,1,1
0.0,-1.0,0.3333333333333333,0.3333333333333333,0.97,1,5,1,2
-1.0,-0.32223714639198464,-0.3333333333333333,0.3333333333333333,0.97,2,5,1,2
0.5,0.7581460962425225,1.0,1.0,0.97,2,2,1,2
0.0,1.0,-0.6666666666666666,0.6666666666666666,0.97,2,2,2,2
0.5,0.28718955964851745,1.0,1.0,0.97,1,2,1,4
0.0,-0.8667118349504622,-0.6666666666666666,0.6666666666666666,0.97,2,5,1,2
1.0,0.20712259408478179,1.0,1.0,0.97,1,5,1,1
0.0,-0.38666103867390816,-0.3333333333333333,0.3333333333333333,0.36,2,5,1,1
1.0,-0.17209529624860842,1.0,1.0,0.97,2,2,1,4
-0.5,-0.8268063058284825,-1.0,1.0,0.97,2,5,1,2
-1.0,1.0,-0.3333333333333333,0.3333333333333333,0.97,2,3,3,1
-1.0,-1.0,-1.0,1.0,0.97,2,6,1,4
0.0,1.0,-1.0,1.0,0.97,1,1,3,1
0.0,-0.45494500504175256,1.0,1.0,0.91,2,5,6,4
0.5,-0.8149365787844675,0.6666666666666666,0.6666666666666666,0.84,2,3,1,4
1.0,-1.0,1.0,1.0,0.97,2,3,1,2
0.5,0.6037180673782861,0.6666666666666666,0.6666666666666666,0.5299999999999999,2,2,1,4
-1.0,-0.18449647585140871,0.0,0.0,0.81,1,3,1,3
0.5,-0.03767529013158851,0.3333333333333333,0.3333333333333333,0.97,1,3,1,2
-0.5,-1.0,-0.6666666666666666,0.6666666666666666,0.97,2,4,1,4
-1.0,-0.825266704442379,-0.6666666666666666,0.6666666666666666,0.97,2,6,3,1
-0.5,0.1940291741471358,0.6666666666666666,0.6666666666666666,0.89,1,4,2,3
1.0,-0.04122604582137535,1.0,1.0,0.97,2,5,1,1
0.0,0.6089890928647982,0.0,0.0,0.92,1,4,1,2
0.0,-0.28777119666611206,0.3333333333333333,0.3333333333333333,0.8900000000000001,2,5,1,2
-0.5,-1.0,-0.3333333333333333,0.3333333333333333,0.97,2,6,1,2
-0.5,1.0,-1.0,1.0,0.97,2,2,3,1
-0.5,-0.25238382384831315,-1.0,1.0,0.97,1,5,1,2
0.0,0.8480047992656699,0.6666666666666666,0.6666666666666666,0.97,2,3,1,2
0.0,1.0,0.6666666666666666,0.6666666666666666,0.97,2,2,1,2
0.5,-1.0,0.3333333333333333,0.3333333333333333,0.97,1,6,1,2
0.5,0.14722603025726685,0.6666666666666666,0.6666666666666666,0.97,2,2,1,4
0.0,-1.0,0.6666666666666666,0.6666666666666666,0.97,2,5,1,4
0.5,-0.32682840552445147,-1.0,1.0,0.97,1,5,2,1
0.5,-1.0,0.6666666666666666,0.6666666666666666,0.97,1,3,1,4
-1.0,-0.9706900427668853,0.0,0.0,0.81,3,5,1,2
0.0,0.2906063499689467,-0.6666666666666666,0.6666666666666666,0.97,2,3,1,2
0.5,-0.0792768786321596,1.0,1.0,0.97,2,3,1,4
0.0,1.0,-0.6666666666666666,0.6666666666666666,0.5299999999999999,1,2,6,1
0.5,-0.6568713658696806,1.0,1.0,0.97,2,2,1,4
-0.5,-0.43887931117621076,-1.0,1.0,0.97,2,5,1,1
0.0,1.0,0.0,0.0,0.44999999999999996,1,2,1,1
-0.5,-0.6122119850130717,-1.0,1.0,0.97,1,6,1,2
0.5,-0.7644811637508541,1.0,1.0,0.97,2,4,1,3
0.0,-1.0,-1.0,1.0,0.97,1,5,1,3
0.0,-0.6862496091480136,0.6666666666666666,0.6666666666666666,0.97,2,2,1,4
0.5,0.6108882993198759,0.6666666666666666,0.6666666666666666,0.88,1,4,1,1
-0.5,-0.029533223130304737,-1.0,1.0,0.97,1,2,1,4
0.0,0.0135850223879305,0.6666666666666666,0.6666666666666666,0.97,1,4,3,1
0.0,1.0,0.0,0.0,0.93,2,2,1,1
1.0,0.5267530663978606,1.0,1.0,0.97,1,4,1,2
-1.0,0.7938273378091065,-0.6666666666666666,0.6666666666666666,0.97,2,2,2,1
0.5,-0.9892734194377494,0.6666666666666666,0.6666666666666666,0.9,2,5,1,2
0.0,1.0,0.3333333333333333,0.3333333333333333,0.97,1,2,1,2
-0.5,1.0,0.3333333333333333,0.3333333333333333,0.8800000000000001,1,1,1,1
-0.5,-0.2557343007504501,-1.0,1.0,0.97,2,6,1,1
0.0,0.7484296129207861,0.3333333333333333,0.3333333333333333,0.48999999999999994,2,1,1,4
0.0,0.09680642486743603,0.0,0.0,0.74,1,1,1,5
0.5,0.7165185056515754,0.0,0.0,0.93,2,2,1,2
0.0,0.853850683626173,0.0,0.0,0.93,2,3,1,2
-0.5,0.4851713308135691,-1.0,1.0,0.97,1,5,1,1
0.5,1.0,0.6666666666666666,0.6666666666666666,0.5299999999999999,2,2,1,2
1.0,-1.0,1.0,1.0,0.97,1,4,7,4
1.0,1.0,1.0,1.0,0.97,1,2,1,3
0.5,-0.3131595534229983,0.6666666666666666,0.6666666666666666,0.97,2,5,1,1
0.0,-0.8836417276835434,0.0,0.0,0.93,1,4,1,3
-0.5,1.0,-0.6666666666666666,0.6666666666666666,0.51,2,1,3,1
0.0,0.49166657357244536,-0.6666666666666666,0.6666666666666666,0.97,2,2,1,4
0.0,0.3390318635596371,0.0,0.0,0.35,1,2,1,4
0.0,1.0,0.6666666666666666,0.6666666666666666,0.97,2,2,1,1
0.5,1.0,1.0,1.0,0.97,2,1,1,3
0.5,0.9728627720086667,1.0,1.0,0.97,1,2,3,2
-1.0,-0.9083190442238552,-0.6666666666666666,0.6666666666666666,0.97,1,6,1,1
-0.5,-1.0,0.0,0.0,0.93,1,5,1,4
-1.0,-0.2115935222728675,-1.0,1.0,0.93,2,3,1,4
1.0,-0.5906299586088213,-1.0,1.0,0.97,1,5,2,2
0.0,-0.305130671729095,-0.3333333333333333,0.3333333333333333,0.97,1,3,1,2
0.0,0.500085913483751,0.0,0.0,0.44999999999999996,1,2,1,4
-1.0,-1.0,-0.3333333333333333,0.3333333333333333,0.8800000000000001,1,4,1,4
0.0,0.4090422920848643,-0.3333333333333333,0.3333333333333333,0.39999999999999997,2,3,1,4
0.5,0.10253508279609534,0.6666666666666666,0.6666666666666666,0.97,1,3,1,1
0.0,-0.6421923143740814,1.0,1.0,0.97,1,5,1,2
-1.0,0.4717035588109897,-1.0,1.0,0.97,1,3,2,1
0.0,-1.0,-0.3333333333333333,0.3333333333333333,0.97,2,5,1,2
-0.5,0.16155441167350282,-0.3333333333333333,0.3333333333333333,0.8500000000000001,2,3,3,2
0.0,1.0,-0.6666666666666666,0.6666666666666666,0.41999999999999993,1,3,1,2
0.0,0.49246687792960137,0.0,0.0,0.44999999999999996,2,3,2,2
0.0,-0.3605234483308387,-1.0,1.0,0.97,1,2,1,4
-1.0,-1.0,-1.0,1.0,0.57,1,6,1,2
0.0,-0.48674861289172205,0.3333333333333333,0.3333333333333333,0.97,1,3,1,2
-1.0,-1.0,-1.0,1.0,0.9400000000000001,2,5,1,4
-0.5,0.9887527196251429,-0.6666666666666666,0.6666666666666666,0.97,2,2,6,1
0.0,-0.5446719475801778,0.3333333333333333,0.3333333333333333,0.97,1,3,1,4
0.5,-1.0,0.3333333333333333,0.3333333333333333,0.97,1,4,1,4
0.0,-0.1733434257646787,-0.3333333333333333,0.3333333333333333,0.97,2,5,1,1
1.0,0.9568651357121067,1.0,1.0,0.97,1,3,1,2
0.5,1.0,0.3333333333333333,0.3333333333333333,0.97,2,2,1,2
-0.5,0.3266986282931006,-0.6666666666666666,0.6666666666666666,0.94,1,2,2,1
0.5,0.5387284307914281,0.3333333333333333,0.3333333333333333,0.79,1,1,1,3
-0.5,0.8729388353445895,-0.6666666666666666,0.6666666666666666,0.97,2,2,1,1
-1.0,-0.04867745341240815,-1.0,1.0,0.9500000000000001,2,5,3,1
-0.5,0.6809858207284163,0.0,0.0,0.74,1,2,3,1
0.5,0.33609850105039174,1.0,1.0,0.97,1,5,1,2
0.5,-0.5244432485434131,0.3333333333333333,0.3333333333333333,0.97,2,5,1,2
1.0,-0.1297261152628084,1.0,1.0,0.97,2,4,1,2
-0.5,0.2890739213580185,-0.6666666666666666,0.6666666666666666,0.97,2,5,1,2
0.0,-0.4354445830433328,0.3333333333333333,0.3333333333333333,0.48999999999999994,2,3,1,4
-0.5,0.2654301063998822,-0.3333333333333333,0.3333333333333333,0.97,1,2,1,4
-0.5,0.5051566287950662,-0.3333333333333333,0.3333333333333333,0.48999999999999994,1,2,3,2
0.0,0.17973543182209856,0.3333333333333333,0.3333333333333333,0.42,2,2,5,2
-0.5,-0.44571464658622173,-0.3333333333333333,0.3333333333333333,0.31999999999999995,3,5,6,1
-1.0,0.11889622083458805,-1.0,1.0,0.97,2,6,2,2
0.0,0.7495941449580472,-0.3333333333333333,0.3333333333333333,0.48999999999999994,1,3,1,2
0.0,-0.46327333187422476,0.0,0.0,0.87,2,6,2,1
-0.5,-0.09553709191517305,-0.6666666666666666,0.6666666666666666,0.88,2,3,1,2
0.0,-0.06877846914209725,-0.3333333333333333,0.3333333333333333,0.97,1,5,1,2
0.5,-0.6577357540470491,0.3333333333333333,0.3333333333333333,0.97,1,2,1,4
0.5,-1.0,0.6666666666666666,0.6666666666666666,0.5299999999999999,1,3,1,4
-1.0,-1.0,-0.3333333333333333,0.3333333333333333,0.8400000000000001,1,5,1,5
0.0,0.9011504135421583,0.6666666666666666,0.6666666666666666,0.48,1,5,1,1
0.5,1.0,0.3333333333333333,0.3333333333333333,0.97,1,2,1,2
-0.5,-0.6639728350154216,-0.6666666666666666,0.6666666666666666,0.82,2,3,2,4
-0.5,0.06314185621097776,-1.0,1.0,0.97,1,3,1,2
0.5,-1.0,1.0,1.0,0.97,1,6,1,1
-1.0,-0.9885610067696836,-1.0,1.0,0.97,2,6,1,2
-0.5,-0.9444600476651366,-0.6666666666666666,0.6666666666666666,0.89,2,6,2,2
0.0,0.891934725991891,0.3333333333333333,0.3333333333333333,0.97,2,2,1,3
-0.5,-0.12920393206249997,-1.0,1.0,0.97,2,6,1,1
0.5,-0.6509688768009692,0.3333333333333333,0.3333333333333333,0.92,2,5,1,2
0.0,1.0,-1.0,1.0,0.97,1,2,2,2
0.0,-0.7949397240187955,0.0,0.0,0.31,1,3,1,4
-0.5,-0.2652841287586064,-1.0,1.0,0.93,1,5,3,2
-0.5,-0.39155886582339217,-1.0,1.0,0.97,2,5,1,1
0.5,0.2964938610292993,1.0,1.0,0.97,2,2,1,4
1.0,0.1337009758196914,-0.3333333333333333,0.3333333333333333,0.8200000000000001,1,4,2,2
-0.5,0.9355490752430833,1.0,1.0,0.57,1,2,1,2
0.0,1.0,0.0,0.0,0.93,2,2,2,1
-1.0,-1.0,0.0,0.0,0.88,2,5,1,2
0.0,-0.14203303637409082,-0.6666666666666666,0.6666666666666666,0.5299999999999999,1,3,1,2
0.5,-1.0,0.0,0.0,0.8,2,5,1,3
-0.5,-1.0,-0.6666666666666666,0.6666666666666666,0.43999999999999995,1,5,4,3
0.5,0.6857644238989608,0.0,0.0,0.93,2,2,1,2
1.0,-0.7440252096133803,1.0,1.0,0.97,1,5,1,2
1.0,-0.22151035761501614,1.0,1.0,0.97,1,4,1,4
0.0,0.43188745915175,-0.3333333333333333,0.3333333333333333,0.97,1,4,3,1
1.0,0.5957992180115785,1.0,1.0,0.97,2,2,1,4
1.0,1.0,1.0,1.0,0.97,2,2,1,2
-0.5,0.1358881706851917,-0.6666666666666666,0.6666666666666666,0.97,1,3,1,2
0.5,0.1254391442400822,1.0,1.0,0.97,1,2,1,4
0.5,-0.16425882038968115,0.6666666666666666,0.6666666666666666,0.97,1,5,1,2
0.0,0.019245311373472917,0.0,0.0,0.8400000000000001,2,6,1,1
1.0,0.3477006321816845,1.0,1.0,0.97,2,3,1,2
0.0,-0.44796722276947654,0.6666666666666666,0.6666666666666666,0.83,1,3,1,2
-0.5,-0.906977713750234,-1.0,1.0,0.86,1,3,1,3
1.0,-0.29660626344014906,1.0,1.0,0.97,1,5,1,1
0.0,0.09382967739955352,0.6666666666666666,0.6666666666666666,0.97,2,2,3,1
-1.0,0.39535410735046145,-1.0,1.0,0.97,2,5,4,2
0.0,0.7306436266917892,-0.3333333333333333,0.3333333333333333,0.38999999999999996,1,3,1,2
0.0,-0.3988629326541983,1.0,1.0,0.97,1,4,1,2
-1.0,-0.7079015780038507,-1.0,1.0,0.53,2,5,1,1
0.0,1.0,0.0,0.0,0.44999999999999996,1,2,1,2
1.0,-0.5295760827338235,1.0,1.0,0.97,1,2,1,4
0.5,0.36472356935946143,1.0,1.0,0.97,2,2,1,2
0.5,-0.8292340205555785,1.0,1.0,0.97,1,3,1,4
-0.5,1.0,-0.6666666666666666,0.6666666666666666,0.97,1,2,2,1
-0.5,0.7431752896463948,-0.3333333333333333,0.3333333333333333,0.8800000000000001,2,3,1,2
0.5,0.19928295624397874,0.6666666666666666,0.6666666666666666,0.97,1,3,1,4
0.0,-0.058698825577950094,-1.0,1.0,0.97,1,6,1,1
0.0,-1.0,-0.6666666666666666,0.6666666666666666,0.97,2,6,4,2
-0.5,1.0,-0.6666666666666666,0.6666666666666666,0.97,1,2,2,1
1.0,-0.8996557863246196,0.6666666666666666,0.6666666666666666,0.87,1,5,1,2
0.5,0.3653373060302802,-1.0,1.0,0.57,2,2,2,1
1.0,-1.0,1.0,1.0,0.97,2,6,1,2
0.0,-0.850404162133138,0.3333333333333333,0.3333333333333333,0.97,1,3,1,4
-0.5,-0.8791693727492669,-1.0,1.0,0.97,1,5,1,2
1.0,-0.9909482469620783,1.0,1.0,0.97,1,4,1,3
0.0,-1.0,0.0,0.0,0.93,2,6,1,2
-0.5,-0.221712150853228,-0.3333333333333333,0.3333333333333333,0.38999999999999996,1,5,4,2
0.5,0.2932841886600202,0.3333333333333333,0.3333333333333333,0.97,1,6,1,1
0.5,-0.06674197493822305,-1.0,1.0,0.97,2,3,2,1
1.0,0.22319858172109594,0.3333333333333333,0.3333333333333333,0.97,2,2,1,2
0.0,1.0,-0.6666666666666666,0.6666666666666666,0.52,2,1,2,1
-0.5,1.0,0.0,0.0,0.27999999999999997,2,3,2,1
0.0,0.2494168470292375,-0.6666666666666666,0.6666666666666666,0.97,1,4,2,1
0.5,-0.8072645656651917,-0.6666666666666666,0.6666666666666666,0.37,1,3,2,4
0.0,-0.17092438782558617,0.0,0.0,0.77,2,5,1,2
0.5,0.5574445396769677,0.6666666666666666,0.6666666666666666,0.85,2,2,1,4
-0.5,0.8294271848732878,-1.0,1.0,0.92,2,3,1,1
-0.5,-1.0,-1.0,1.0,0.97,2,6,4,1
-0.5,-0.4655078752718719,-1.0,1.0,0.97,1,6,1,1
-0.5,-0.6697926164816265,-1.0,1.0,0.97,1,5,2,2
0.0,0.7127167003004611,0.0,0.0,0.44999999999999996,2,3,1,1
0.0,0.1481062532878975,0.3333333333333333,0.3333333333333333,0.81,1,3,1,2
-1.0,0.05871310427757419,-1.0,1.0,0.97,2,3,7,4
-1.0,0.06615897827914835,-1.0,1.0,0.41,1,4,1,2
1.0,-0.4856656352490465,1.0,1.0,0.97,2,6,1,2
0.5,1.0,-0.3333333333333333,0.3333333333333333,0.48999999999999994,1,2,3,2
1.0,-0.1859958782188576,1.0,1.0,0.97,2,3,1,4
1.0,-0.7531209402240645,0.3333333333333333,0.3333333333333333,0.97,1,4,1,3
0.0,1.0,-1.0,1.0,0.97,1,2,1,2
0.0,1.0,-1.0,1.0,0.97,1,2,1,2
0.0,1.0,0.0,0.0,0.44999999999999996,1,1,1,4
1.0,0.15792349986846058,1.0,1.0,0.97,1,3,1,3
0.0,1.0,0.0,0.0,0.29,1,3,1,1
1.0,0.5696882837265898,0.3333333333333333,0.3333333333333333,0.97,2,3,7,2
0.0,-1.0,0.0,0.0,0.41,2,5,4,3
0.5,0.7635210588259627,1.0,1.0,0.97,2,2,1,2
-1.0,-0.8750223565845513,-1.0,1.0,0.97,2,6,1,2
-0.5,0.6908615727263255,-1.0,1.0,0.97,3,3,1,2
0.0,0.17917894221863467,0.3333333333333333,0.3333333333333333,0.42,2,3,1,4
0.0,0.6395047343915402,0.0,0.0,0.88,2,2,1,3
0.0,0.2943860186856148,0.6666666666666666,0.6666666666666666,0.97,2,1,3,4
-1.0,0.185400816907842,-0.6666666666666666,0.6666666666666666,0.86,1,4,6,1
0.5,-0.6394843779535366,1.0,1.0,0.97,1,2,1,4
-0.5,0.747143651104083,-0.3333333333333333,0.3333333333333333,0.97,2,5,1,1
0.0,-1.0,0.0,0.0,0.8400000000000001,2,6,1,2
0.0,1.0,0.6666666666666666,0.6666666666666666,0.5299999999999999,2,1,1,4
-1.0,1.0,-1.0,1.0,0.97,1,2,3,1
-0.5,-0.327660956888979,0.6666666666666666,0.6666666666666666,0.38,2,4,4,3
-0.5,1.0,-0.6666666666666666,0.6666666666666666,0.38,1,2,2,1
0.0,-0.5388911695766286,-0.3333333333333333,0.3333333333333333,0.8300000000000001,1,5,1,1
0.0,0.8129163789709749,0.3333333333333333,0.3333333333333333,0.97,2,2,1,1
0.5,1.0,0.0,0.0,0.44999999999999996,1,2,1,1
0.5,0.1150649412189194,1.0,1.0,0.97,1,2,1,4
-0.5,1.0,-1.0,1.0,0.97,2,2,1,3
0.0,-0.24214906195904878,0.3333333333333333,0.3333333333333333,0.97,1,5,1,3
-1.0,1.0,-1.0,1.0,0.97,1,2,2,1
0.5,0.6395727406458077,-0.6666666666666666,0.6666666666666666,0.97,1,3,2,2
0.0,-0.10156301159130623,0.0,0.0,0.93,2,5,1,1
0.0,0.23159800034140215,0.0,0.0,0.42,2,3,6,1
0.5,-1.0,0.0,0.0,0.93,1,5,3,4
0.0,0.3637349496811384,-0.3333333333333333,0.3333333333333333,0.32999999999999996,1,2,1,4
1.0,-0.32711119866817906,-1.0,1.0,0.97,2,4,3,2
0.0,-0.1755017871344531,-1.0,1.0,0.97,2,3,4,3
0.5,-1.0,0.6666666666666666,0.6666666666666666,0.97,1,6,1,2
-0.5,0.5615163285207263,-0.3333333333333333,0.3333333333333333,0.9,2,5,2,2
0.0,-1.0,0.0,0.0,0.93,1,5,1,2
-0.5,0.31864609372501196,-0.6666666666666666,0.6666666666666666,0.97,2,2,1,4
0.0,-0.6803323069529049,1.0,1.0,0.97,2,5,1,2
0.0,-0.9438612295663931,-0.6666666666666666,0.6666666666666666,0.97,2,6,1,1
0.5,0.6933593442329996,0.6666666666666666,0.6666666666666666,0.97,2,3,1,1
0.5,0.40567640400163646,1.0,1.0,0.97,2,2,1,4
0.0,-0.10669319604737187,0.0,0.0,0.93,1,4,1,3
0.0,0.5148618067119911,-0.3333333333333333,0.3333333333333333,0.79,2,3,1,2
0.5,1.0,1.0,1.0,0.97,2,2,1,3
0.0,0.7215156461147356,-0.3333333333333333,0.3333333333333333,0.33999999999999997,2,2,1,4
0.5,0.8458782121239329,1.0,1.0,0.97,1,3,1,2
-0.5,-0.41201788410366846,-1.0,1.0,0.97,2,5,1,1
-1.0,0.1945839443432638,-0.3333333333333333,0.3333333333333333,0.97,2,4,1,2
0.0,0.1970830661319826,-1.0,1.0,0.97,2,4,2,2
-0.5,-1.0,-0.6666666666666666,0.6666666666666666,0.97,2,5,1,4
0.0,0.01512880274914581,-0.6666666666666666,0.6666666666666666,0.85,2,3,1,1
-1.0,-1.0,-0.6666666666666666,0.6666666666666666,0.97,2,5,1,4
0.0,0.3937224017232856,-0.6666666666666666,0.6666666666666666,0.84,1,4,1,1
0.0,0.573687533780111,0.0,0.0,0.93,1,3,3,2
0.5,-1.0,-0.3333333333333333,0.3333333333333333,0.93,1,5,2,2
0.0,-0.4201001751832967,0.0,0.0,0.93,2,5,1,3
0.5,0.43697299256023475,0.6666666666666666,0.6666666666666666,0.97,2,4,4,1
-1.0,0.7037107558790782,-0.6666666666666666,0.6666666666666666,0.82,2,3,1,3
0.0,-0.35272073705505813,0.6666666666666666,0.6666666666666666,0.97,2,5,1,2
0.5,-1.0,0.0,0.0,0.42,2,5,1,2
-1.0,-0.3667837404428078,-1.0,1.0,0.97,2,6,1,1
0.5,0.7690708528459199,1.0,1.0,0.97,2,3,1,2
0.0,-1.0,-0.3333333333333333,0.3333333333333333,0.97,2,4,1,4
0.0,-1.0,-0.6666666666666666,0.6666666666666666,0.95,2,6,5,2
-0.5,-0.07253139180712803,-1.0,1.0,0.97,2,5,4,1
-0.5,-0.10838752463448457,-0.6666666666666666,0.6666666666666666,0.5299999999999999,2,3,1,2
0.5,0.041306832083574135,1.0,1.0,0.91,2,5,3,2
-1.0,-0.8212562601317269,-1.0,1.0,0.97,2,6,6,1
0.0,0.7804298101477884,-0.6666666666666666,0.6666666666666666,0.97,2,5,1,1
0.5,-1.0,1.0,1.0,0.97,2,6,1,3
0.5,0.4879641694631155,1.0,1.0,0.97,1,3,1,2
0.0,0.6254088246917646,-0.6666666666666666,0.6666666666666666,0.97,2,5,2,1
-0.5,0.43189868851814406,-1.0,1.0,0.97,1,2,1,2
1.0,-1.0,0.3333333333333333,0.3333333333333333,0.97,1,5,1,3
1.0,0.6877750179240062,1.0,1.0,0.97,2,2,1,2
0.5,-1.0,0.0,0.0,0.93,1,6,1,2
-1.0,-0.9010796305068214,-1.0,1.0,0.97,2,6,1,2
0.5,-0.3232170637037517,0.3333333333333333,0.3333333333333333,0.48999999999999994,2,4,1,1
-1.0,-1.0,-0.3333333333333333,0.3333333333333333,0.9400000000000001,2,6,1,2
0.5,-1.0,1.0,1.0,0.97,2,5,1,4
0.5,0.3042289698694436,0.6666666666666666,0.6666666666666666,0.5299999999999999,2,3,1,2
1.0,-0.9522486032804911,1.0,1.0,0.91,1,3,1,4
-1.0,-0.06646325344271187,-1.0,1.0,0.97,2,6,1,1
0.0,1.0,-1.0,1.0,0.97,1,2,2,2
-1.0,-0.6719513821230124,-1.0,1.0,0.97,2,5,1,1
-0.5,-1.0,-0.6666666666666666,0.6666666666666666,0.97,2,5,1,3
1.0,-1.0,-0.3333333333333333,0.3333333333333333,0.97,1,5,3,2
-0.5,-1.0,-0.3333333333333333,0.3333333333333333,0.97,1,6,1,4
0.0,1.0,0.3333333333333333,0.3333333333333333,0.97,2,2,1,2
0.0,-0.012126374381932802,0.3333333333333333,0.3333333333333333,0.97,1,3,2,4
-1.0,-1.0,-0.3333333333333333,0.3333333333333333,0.97,2,5,1,3
-0.5,-0.6107991774517745,-1.0,1.0,0.97,1,5,1,1
0.5,-0.5470286559400853,0.3333333333333333,0.3333333333333333,0.97,1,6,1,2
-1.0,-1.0,-1.0,1.0,0.97,2,5,1,3
0.5,0.5151406124754769,1.0,1.0,0.97,1,3,1,2
-1.0,-1.0,0.0,0.0,0.93,2,5,1,4
-0.5,-0.9066591063147239,-0.6666666666666666,0.6666666666666666,0.97,2,6,1,1
-0.5,0.9472378029580711,-1.0,1.0,0.97,2,3,3,2
-0.5,-0.320911538386296,0.0,0.0,0.25,1,2,3,4
0.0,-0.6018214715236204,-1.0,1.0,0.97,2,6,7,2
-1.0,-1.0,-0.3333333333333333,0.3333333333333333,0.97,2,3,1,3
0.0,0.6056687930744219,-0.6666666666666666,0.6666666666666666,0.5299999999999999,2,2,1,2
-0.5,0.7492960864713867,-1.0,1.0,0.97,1,3,2,1
0.0,0.970270617944921,-0.6666666666666666,0.6666666666666666,0.97,1,2,1,4
0.0,-1.0,1.0,1.0,0.97,2,5,3,2
0.0,-0.07466305907171772,0.3333333333333333,0.3333333333333333,0.48999999999999994,2,3,3,4
-0.5,-0.47451678514660717,-0.3333333333333333,0.3333333333333333,0.97,1,6,1,2
-0.5,-1.0,-0.6666666666666666,0.6666666666666666,0.97,1,6,1,2
0.5,-0.623163901556906,0.6666666666666666,0.6666666666666666,0.97,1,3,1,4
-0.5,0.49155242934087295,-1.0,1.0,0.97,2,3,3,2
0.5,-0.8430220549207792,0.3333333333333333,0.3333333333333333,0.97,2,4,1,2
-1.0,-0.18376424959024945,0.0,0.0,0.32999999999999996,1,2,1,4
0.0,-0.7815187121317697,-0.3333333333333333,0.3333333333333333,0.9600000000000001,2,6,1,3
0.0,0.6314980921522723,1.0,1.0,0.97,1,4,1,1
0.5,0.7569646561671333,1.0,1.0,0.97,1,3,1,1
-0.5,-0.06582225416697962,-1.0,1.0,0.57,2,5,4,1
0.5,0.17984798065984872,0.0,0.0,0.93,1,5,1,1
0.0,-0.985884384025891,-0.3333333333333333,0.3333333333333333,0.97,1,5,1,4
-1.0,-0.4173855398564498,-0.6666666666666666,0.6666666666666666,0.86,1,5,1,1
0.5,0.6807192212893951,0.6666666666666666,0.6666666666666666,0.9,1,5,1,1
0.0,1.0,0.3333333333333333,0.3333333333333333,0.97,2,2,1,2
0.5,0.7728238786138241,0.0,0.0,0.93,1,3,3,2
-0.5,-1.0,-1.0,1.0,0.97,1,5,1,4
-0.5,-1.0,-0.6666666666666666,0.6666666666666666,0.97,2,6,1,1
1.0,-1.0,1.0,1.0,0.97,2,6,1,4
0.0,1.0,0.6666666666666666,0.6666666666666666,0.97,1,1,1,2
-0.5,-1.0,-1.0,1.0,0.42,2,4,6,4
1.0,1.0,1.0,1.0,0.57,1,2,3,1
0.0,-0.35345974695582866,-0.6666666666666666,0.6666666666666666,0.97,2,6,1,2
0.5,0.29780137797938655,1.0,1.0,0.9500000000000001,2,3,1,3
0.0,-1.0,0.3333333333333333,0.3333333333333333,0.97,2,5,1,4
-1.0,1.9678355280421385e-05,-1.0,1.0,0.97,1,3,1,2
0.0,-0.38983833723915184,-0.3333333333333333,0.3333333333333333,0.97,1,5,2,2
0.0,0.8189152289824795,-0.3333333333333333,0.3333333333333333,0.97,2,2,1,2
0.0,-0.25450630802812074,0.6666666666666666,0.6666666666666666,0.43999999999999995,2,4,1,3
0.5,-0.17117956262282574,1.0,1.0,0.97,1,4,1,3
-0.5,1.0,0.0,0.0,0.33999999999999997,2,1,3,2
-0.5,0.7270124152834156,-0.3333333333333333,0.3333333333333333,0.97,2,2,1,1
0.5,0.05131830892649794,0.3333333333333333,0.3333333333333333,0.97,1,4,1,2
0.0,0.28645059443601595,-1.0,1.0,0.97,2,2,1,3
-0.5,-0.5990935403555114,-1.0,1.0,0.97,1,5,1,2
-0.5,-0.5756151529411494,-0.6666666666666666,0.6666666666666666,0.94,2,6,6,2
1.0,-0.0362863974739551,1.0,1.0,0.97,1,5,1,2
-0.5,0.18705808102243673,-1.0,1.0,0.97,2,5,2,2
0.0,0.5805271833403618,0.0,0.0,0.93,1,4,1,1
1.0,-1.0,0.0,0.0,0.93,1,5,1,4
1.0,0.7666261578129592,1.0,1.0,0.97,1,2,1,2
0.0,-1.0,0.0,0.0,0.93,1,5,1,4
0.0,0.638467659137459,0.0,0.0,0.88,1,4,6,2
0.5,-0.29423575160368287,0.0,0.0,0.93,1,5,1,1
1.0,-0.341779527078093,0.0,0.0,0.93,1,6,1,1
-1.0,-0.19074071183906613,-1.0,1.0,0.97,1,5,1,2
0.0,-1.0,-0.6666666666666666,0.6666666666666666,0.97,1,5,4,3
0.0,-1.0,0.3333333333333333,0.3333333333333333,0.97,2,4,1,4
-0.5,1.0,-0.6666666666666666,0.6666666666666666,0.97,2,2,2,1
-0.5,-0.8770222006874803,-0.6666666666666666,0.6666666666666666,0.91,2,6,4,2
0.0,-0.7318969320940705,1.0,1.0,0.97,1,3,1,4
1.0,-0.0712667207527299,1.0,1.0,0.89,2,3,1,3
-0.5,0.6256300971679899,-1.0,1.0,0.97,1,2,1,4
0.5,1.0,0.3333333333333333,0.3333333333333333,0.97,2,2,1,2
-0.5,0.06940409039125231,-1.0,1.0,0.97,2,3,2,1
-0.5,1.0,-0.6666666666666666,0.6666666666666666,0.9,2,2,1,3
0.0,1.0,0.0,0.0,0.93,2,2,1,1
1.0,1.0,1.0,1.0,0.97,2,2,1,1
-0.5,-1.0,0.0,0.0,0.32999999999999996,2,3,1,4
0.0,0.5485660993292735,-0.3333333333333333,0.3333333333333333,0.97,2,3,1,3
-0.5,1.0,-0.6666666666666666,0.6666666666666666,0.33999999999999997,2,2,2,2
-0.5,0.07375389238500714,-1.0,1.0,0.97,1,3,1,1
0.0,-1.0,0.0,0.0,0.93,1,5,1,4
1.0,1.0,1.0,1.0,0.97,2,3,1,4
-1.0,-1.0,-1.0,1.0,0.91,2,6,1,2
0.0,0.5097922529281906,0.3333333333333333,0.3333333333333333,0.97,1,2,1,2
1.0,0.7919317895839834,1.0,1.0,0.97,1,2,1,1
0.0,-0.5210641745747644,0.6666666666666666,0.6666666666666666,0.97,1,6,1,3
0.0,1.0,0.0,0.0,0.44999999999999996,2,2,1,2
0.5,1.0,-1.0,1.0,0.41,1,2,1,1
0.5,0.48736761704120735,0.3333333333333333,0.3333333333333333,0.8200000000000001,2,4,1,1
-0.5,1.0,-0.3333333333333333,0.3333333333333333,0.97,1,3,1,2
-1.0,-0.02829341631192892,-1.0,1.0,0.91,2,3,1,2
0.0,-0.5220577126724633,-1.0,1.0,0.97,2,6,1,1
0.5,1.0,0.0,0.0,0.93,2,2,1,1
0.0,0.17865782374815098,0.0,0.0,0.44999999999999996,1,5,1,2
-0.5,0.222653330981475,-0.6666666666666666,0.6666666666666666,0.5299999999999999,2,2,1,4
-0.5,-1.0,-1.0,1.0,0.97,1,6,4,2
0.5,-0.9958900998035948,0.6666666666666666,0.6666666666666666,0.97,2,6,1,2
-0.5,-1.0,-0.3333333333333333,0.3333333333333333,0.78,3,3,1,4
-1.0,-1.0,0.0,0.0,0.9,2,5,2,3
0.5,-0.592979674344358,0.6666666666666666,0.6666666666666666,0.97,2,6,1,2
0.0,-0.7440848590687025,0.0,0.0,0.91,2,5,3,2
0.0,0.7621422153822361,-0.6666666666666666,0.6666666666666666,0.97,1,2,1,2
0.5,0.4915711292367777,1.0,1.0,0.86,1,2,1,4
0.0,-0.6578919471555738,0.0,0.0,0.91,1,5,1,4
0.5,-0.3267657683435951,0.6666666666666666,0.6666666666666666,0.97,1,6,3,1
1.0,0.4651789573903232,1.0,1.0,0.97,1,5,1,2
0.0,-0.1630435763173008,0.6666666666666666,0.6666666666666666,0.97,2,3,1,4
-1.0,0.033500235939333746,-1.0,1.0,0.9400000000000001,2,5,1,1
0.5,0.663694018625768,0.3333333333333333,0.3333333333333333,0.97,2,1,1,4
1.0,0.6464730611064199,0.0,0.0,0.44999999999999996,1,2,2,1
0.5,0.9191973929105809,1.0,1.0,0.97,2,3,1,2
1.0,-1.0,1.0,1.0,0.97,2,6,1,1
0.0,-0.37291438630500773,0.0,0.0,0.89,2,4,1,2
1.0,0.4292210647689177,1.0,1.0,0.97,2,3,1,2
-1.0,-0.9620209091050274,-1.0,1.0,0.97,1,5,1,2
0.0,0.17995201492913504,0.0,0.0,0.93,2,3,6,2
-1.0,0.9008407778246457,-0.6666666666666666,0.6666666666666666,0.97,2,4,1,2
-0.5,0.032451261630860505,-1.0,1.0,0.97,2,5,1,2
0.0,-0.0031048006945192867,0.0,0.0,0.44999999999999996,1,4,1,1
0.0,-0.3717797808318404,-0.3333333333333333,0.3333333333333333,0.97,1,5,2,1
-1.0,0.7110723789720503,0.0,0.0,0.76,2,1,1,2
-0.5,-0.23722910193850144,-0.6666666666666666,0.6666666666666666,0.89,2,6,4,1
0.0,-0.07592443048477666,-0.3333333333333333,0.3333333333333333,0.97,1,2,2,4
-0.5,-0.1332196491049654,0.0,0.0,0.44999999999999996,2,2,1,2
-0.5,0.04800495978185206,-1.0,1.0,0.97,2,3,1,3
0.5,0.16545917978577726,-0.6666666666666666,0.6666666666666666,0.97,2,4,2,2
1.0,0.9229480199413241,1.0,1.0,0.97,2,3,1,2
0.0,0.49893978479592954,0.6666666666666666,0.6666666666666666,0.97,2,1,1,4
-1.0,-1.0,-0.3333333333333333,0.3333333333333333,0.97,2,5,1,3
1.0,-0.34846050475656914,0.6666666666666666,0.6666666666666666,0.95,1,5,1,4
0.0,-0.0014603536278379279,-0.3333333333333333,0.3333333333333333,0.97,1,3,1,3
0.0,0.2526597881003432,0.0,0.0,0.93,1,5,1,1
1.0,-0.8306230297796623,-1.0,1.0,0.41,1,5,2,2
-0.5,0.8396079254933839,-1.0,1.0,0.97,1,2,1,3
0.5,-1.0,0.6666666666666666,0.6666666666666666,0.5299999999999999,2,4,1,4
1.0,-1.0,0.6666666666666666,0.6666666666666666,0.97,2,3,1,5
0.5,0.20478495101830696,0.6666666666666666,0.6666666666666666,0.97,1,3,1,1
-0.5,-0.38274494741654086,-0.6666666666666666,0.6666666666666666,0.97,2,4,1,2
0.5,1.0,0.0,0.0,0.91,2,2,1,1
0.0,0.577871770358169,0.0,0.0,0.27,2,2,1,2
0.0,1.0,1.0,1.0,0.97,2,2,1,2
0.0,1.0,-1.0,1.0,0.97,1,2,3,3
0.5,0.8849371521779306,0.6666666666666666,0.6666666666666666,0.97,2,2,1,2
0.0,-0.025447195720850795,-1.0,1.0,0.97,2,5,4,2
0.0,-0.08799155909289157,0.3333333333333333,0.3333333333333333,0.48999999999999994,1,2,1,5
1.0,0.5384637630775506,1.0,1.0,0.97,2,2,1,3
0.5,0.44922982652732646,0.3333333333333333,0.3333333333333333,0.97,1,2,1,4
0.0,0.8409960027776789,-1.0,1.0,0.97,1,5,1,1
0.5,0.98687228898732,1.0,1.0,0.97,1,2,3,1
-1.0,-0.6288984416047015,-0.6666666666666666,0.6666666666666666,0.96,2,5,1,1
-1.0,-1.0,-1.0,1.0,0.97,1,5,3,4
0.5,-1.0,0.6666666666666666,0.6666666666666666,0.97,2,6,1,4
0.5,0.4678585539930464,1.0,1.0,0.97,1,5,1,1
0.5,0.5572676217797932,1.0,1.0,0.97,2,3,1,1
0.5,-1.0,0.6666666666666666,0.6666666666666666,0.97,2,5,1,2
1.0,0.12298915292308572,0.0,0.0,0.44999999999999996,2,2,1,3
-1.0,0.16249201606338112,-0.6666666666666666,0.6666666666666666,0.5299999999999999,1,5,4,1
0.0,-0.6424760098846799,-0.6666666666666666,0.6666666666666666,0.97,2,6,1,1
0.5,1.0,0.6666666666666666,0.6666666666666666,0.97,1,2,7,1
1.0,-0.21959932978404387,1.0,1.0,0.9500000000000001,2,2,1,4
0.5,0.10550471933992749,0.6666666666666666,0.6666666666666666,0.97,2,3,1,4
0.5,0.6575381379270294,0.6666666666666666,0.6666666666666666,0.97,2,2,1,3
1.0,-0.721570881394445,1.0,1.0,0.97,2,6,1,2
-0.5,0.018470102115857152,0.6666666666666666,0.6666666666666666,0.97,2,4,1,2
0.0,-0.33207991134972803,-1.0,1.0,0.97,1,6,1,1
1.0,-0.1862106962144256,0.3333333333333333,0.3333333333333333,0.97,1,3,1,4
-1.0,-0.6125532960056198,-1.0,1.0,0.9,2,5,6,1
-0.5,0.6130840948637702,0.0,0.0,0.8,3,3,6,2
0.5,-0.13165817100611457,1.0,1.0,0.97,1,5,1,2
-1.0,1.0,-1.0,1.0,0.93,2,3,1,2
0.0,0.6958277202413665,-1.0,1.0,0.97,2,2,1,3
0.0,-1.0,0.3333333333333333,0.3333333333333333,0.97,1,5,1,4
0.5,-1.0,1.0,1.0,0.97,2,6,1,2
0.0,-0.7758045381847621,-0.3333333333333333,0.3333333333333333,0.97,2,5,1,2
0.5,0.5166717958450091,1.0,1.0,0.97,2,3,1,2
0.0,-0.9734455403719731,0.6666666666666666,0.6666666666666666,0.97,2,4,6,4
-1.0,-0.7152976689668687,-1.0,1.0,0.97,2,5,3,1
0.0,-0.17606306117317988,0.3333333333333333,0.3333333333333333,0.97,2,3,1,2
1.0,-0.6246637226144467,1.0,1.0,0.97,1,2,1,3
0.5,-1.0,0.6666666666666666,0.6666666666666666,0.5299999999999999,2,3,1,4
-0.5,0.34797802355592744,-1.0,1.0,0.97,1,3,1,2
-0.5,1.0,-0.6666666666666666,0.6666666666666666,0.97,1,2,2,3
1.0,0.39623372016608693,0.3333333333333333,0.3333333333333333,0.97,1,5,3,2
-0.5,-0.0965127834165469,-1.0,1.0,0.97,1,3,3,2
0.5,1.0,0.6666666666666666,0.6666666666666666,0.5299999999999999,1,2,1,1
0.5,0.13033312838996589,1.0,1.0,0.97,2,2,1,2
-1.0,-1.0,-1.0,1.0,0.97,2,6,1,1
1.0,-0.15150137360429752,1.0,1.0,0.97,1,2,1,3
-1.0,0.7810039339840661,-1.0,1.0,0.97,2,2,1,2
-1.0,0.7434646056350593,-1.0,1.0,0.97,1,3,3,1
0.5,-0.8968369823671015,0.0,0.0,0.93,1,6,1,2
1.0,-1.0,1.0,1.0,0.97,1,6,1,4
0.5,-0.7242021169017373,-0.3333333333333333,0.3333333333333333,0.97,1,5,2,2
0.5,0.07423178448484012,1.0,1.0,0.97,1,2,1,4
1.0,-1.0,1.0,1.0,0.97,1,6,1,2
1.0,0.19339129711782355,1.0,1.0,0.97,1,2,1,2
-1.0,-0.4301064001563773,-1.0,1.0,0.97,1,4,4,1
-0.5,-0.2063624745280487,-1.0,1.0,0.97,2,5,1,2
0.0,0.7219752091790803,-1.0,1.0,0.97,1,2,3,2
0.5,-0.9273484744795021,1.0,1.0,0.97,2,2,1,4
0.0,-0.5804274425897393,-0.6666666666666666,0.6666666666666666,0.95,1,5,1,2
0.5,-0.7208448474669878,0.6666666666666666,0.6666666666666666,0.97,1,4,1,2
0.5,0.32460646659749604,0.3333333333333333,0.3333333333333333,0.97,2,5,6,2
-0.5,1.0,-0.6666666666666666,0.6666666666666666,0.92,1,1,1,2
0.5,-0.2495631043324257,0.6666666666666666,0.6666666666666666,0.97,1,6,4,1
-0.5,1.0,-0.6666666666666666,0.6666666666666666,0.97,1,2,1,3
1.0,-1.0,0.0,0.0,0.93,1,6,1,1
0.0,-0.08526509036155434,0.6666666666666666,0.6666666666666666,0.89,2,5,1,1
-0.5,1.0,-1.0,1.0,0.48,1,2,2,2
-1.0,-0.48662189064354866,-1.0,1.0,0.97,1,5,1,2
0.0,-1.0,0.3333333333333333,0.3333333333333333,0.97,1,6,1,3
0.0,-1.0,-0.6666666666666666,0.6666666666666666,0.95,1,6,2,2
0.0,1.0,0.0,0.0,0.93,1,2,1,2
1.0,-1.0,1.0,1.0,0.97,2,6,1,3
0.5,0.6006849393627683,0.3333333333333333,0.3333333333333333,0.97,1,3,1,2
-1.0,0.41804894872752496,-1.0,1.0,0.89,2,4,1,2
-1.0,0.22600801076428567,-0.6666666666666666,0.6666666666666666,0.97,2,5,1,1
-1.0,0.11806194959106739,-0.3333333333333333,0.3333333333333333,0.8300000000000001,2,4,2,2
0.0,1.0,-1.0,1.0,0.93,2,2,3,1
-0.5,0.23630177399182525,-0.6666666666666666,0.6666666666666666,0.5299999999999999,2,5,1,1
0.0,1.0,-1.0,1.0,0.97,2,2,2,2
-0.5,-0.987277458557141,-0.6666666666666666,0.6666666666666666,0.97,2,5,1,3
0.5,-0.4612002173599823,-0.6666666666666666,0.6666666666666666,0.97,1,5,2,2
0.0,-0.5400863512475618,-0.3333333333333333,0.3333333333333333,0.97,1,6,4,2
0.0,-0.8048121281448217,-0.3333333333333333,0.3333333333333333,0.97,1,5,1,2
1.0,-0.645959432345598,1.0,1.0,0.97,2,2,1,4
0.5,-0.28829104016570356,1.0,1.0,0.97,1,5,1,2
0.0,0.308991856602642,0.3333333333333333,0.3333333333333333,0.97,1,3,1,2
-1.0,-0.09664122593142825,0.0,0.0,0.44999999999999996,2,1,1,4
-0.5,-0.3445916335077651,-1.0,1.0,0.97,2,6,1,1
-1.0,0.8067432459067675,0.0,0.0,0.81,3,2,1,4
-1.0,0.4657007838872893,-1.0,1.0,0.97,1,2,1,1
0.0,1.0,0.0,0.0,0.93,1,1,1,3
-0.5,-0.9150946889475174,-0.6666666666666666,0.6666666666666666,0.45999999999999996,2,3,1,2
-0.5,-1.0,-1.0,1.0,0.97,2,6,1,2
-0.5,1.0,-1.0,1.0,0.87,2,3,1,2
0.5,0.7270078902290039,0.6666666666666666,0.6666666666666666,0.88,1,2,2,2
0.0,1.0,0.0,0.0,0.44,1,2,1,1
-0.5,-0.14669875114564357,-1.0,1.0,0.97,2,5,1,2
0.0,-0.4240410961296356,1.0,1.0,0.57,2,2,1,3
0.5,0.03293979345341416,0.3333333333333333,0.3333333333333333,0.97,2,3,1,3
0.0,1.0,-1.0,1.0,0.97,1,1,2,1
1.0,0.06869257020291446,0.6666666666666666,0.6666666666666666,0.97,2,4,1,4
1.0,0.6726004535421395,1.0,1.0,0.97,2,2,1,1
-0.5,0.15668425509336806,-0.3333333333333333,0.3333333333333333,0.8800000000000001,2,4,1,1
1.0,0.41191695420415947,-1.0,1.0,0.97,1,2,1,2
0.0,0.29608425029242236,0.6666666666666666,0.6666666666666666,0.95,1,3,1,1
0.0,1.0,0.6666666666666666,0.6666666666666666,0.93,2,2,4,1
0.0,-0.5934427655512738,-1.0,1.0,0.97,2,6,2,1
0.0,0.12543824676583673,0.3333333333333333,0.3333333333333333,0.9400000000000001,2,3,1,2
1.0,0.6274854587785049,1.0,1.0,0.91,2,2,1,2
0.0,0.061275691709290196,0.6666666666666666,0.6666666666666666,0.97,1,4,3,1
-0.5,0.16837447741686945,-0.3333333333333333,0.3333333333333333,0.8900000000000001,1,3,1,2
0.0,-1.0,-0.3333333333333333,0.3333333333333333,0.97,1,5,1,2
0.0,-0.0806437662790272,0.6666666666666666,0.6666666666666666,0.97,2,2,1,4
0.5,-0.6156455693932643,0.3333333333333333,0.3333333333333333,0.97,1,3,1,4
0.5,-0.9452350035035818,1.0,1.0,0.97,2,5,1,2
0.0,-0.043780764085550525,-0.3333333333333333,0.3333333333333333,0.48999999999999994,1,5,4,1
0.5,-1.0,0.6666666666666666,0.6666666666666666,0.97,1,5,1,4
0.0,1.0,1.0,1.0,0.57,2,2,1,1
0.0,-0.20088751004091193,-1.0,1.0,0.97,1,5,1,1
-0.5,0.16414802226825487,-1.0,1.0,0.97,2,5,1,3
-1.0,0.9882906857014522,0.0,0.0,0.41,2,5,1,1
0.5,-0.13634803159159017,0.6666666666666666,0.6666666666666666,0.89,1,3,1,2
0.0,-1.0,0.3333333333333333,0.3333333333333333,0.97,1,5,1,3
-0.5,0.8253396659282104,-0.6666666666666666,0.6666666666666666,0.97,1,1,1,2
1.0,0.9722639519602517,1.0,1.0,0.97,1,3,1,2
0.0,0.2079025806018194,-1.0,1.0,0.97,1,3,1,2
0.0,1.0,-1.0,1.0,0.97,1,2,3,2
0.5,0.4412169295371334,0.0,0.0,0.93,1,6,1,1
-1.0,-0.0705543827942013,-1.0,1.0,0.91,1,4,3,2
-1.0,0.24566875755098228,-1.0,1.0,0.97,2,5,3,1
0.0,-0.2740126228175891,0.0,0.0,0.93,1,5,4,2
0.0,-1.0,0.3333333333333333,0.3333333333333333,0.97,2,4,1,4
0.0,1.0,-0.3333333333333333,0.3333333333333333,0.97,2,2,1,2
0.5,-0.9934960332146979,0.3333333333333333,0.3333333333333333,0.97,1,5,1,2
0.5,1.0,1.0,1.0,0.97,1,1,1,4
0.0,-0.25326320196656416,-0.6666666666666666,0.6666666666666666,0.41999999999999993,2,2,1,4
0.0,0.22632774644360304,-1.0,1.0,0.97,1,2,1,3
0.5,0.2676876463522212,0.6666666666666666,0.6666666666666666,0.33999999999999997,1,3,1,1
-1.0,-1.0,-1.0,1.0,0.97,2,6,2,1
1.0,-1.0,1.0,1.0,0.9400000000000001,1,6,1,3
0.5,-1.0,0.6666666666666666,0.6666666666666666,0.5299999999999999,2,2,1,4
1.0,-0.06730709191002802,1.0,1.0,0.97,2,2,1,4
0.5,-0.211528082235957,1.0,1.0,0.97,2,2,1,4
-1.0,0.7718932363058825,-1.0,1.0,0.97,1,4,7,1
0.0,-0.8074195524727185,-0.3333333333333333,0.3333333333333333,0.97,1,6,1,2
0.5,-1.0,0.3333333333333333,0.3333333333333333,0.97,1,6,1,4
-0.5,0.5984825780193613,-1.0,1.0,0.97,1,3,1,1
0.0,1.0,0.0,0.0,0.44999999999999996,2,1,1,1
1.0,0.17287301827605978,1.0,1.0,0.97,1,6,1,1
0.0,-0.3765904724226448,0.6666666666666666,0.6666666666666666,0.97,2,2,1,4
1.0,0.4613150453255175,0.0,0.0,0.93,1,3,5,1
-0.5,-1.0,-0.3333333333333333,0.3333333333333333,0.8400000000000001,1,5,1,2
1.0,-0.723032903181638,1.0,1.0,0.97,1,2,1,4
0.5,-1.0,0.3333333333333333,0.3333333333333333,0.97,1,5,1,4
-0.5,1.0,0.0,0.0,0.44999999999999996,2,2,1,2
0.5,0.728830020525172,1.0,1.0,0.97,1,2,1,4
0.0,0.4216693934803838,-1.0,1.0,0.97,1,5,1,1
-1.0,1.0,-0.3333333333333333,0.3333333333333333,0.33999999999999997,2,2,2,2
1.0,0.016428921990044164,1.0,1.0,0.97,2,2,1,4
-0.5,0.7024682165848083,0.0,0.0,0.31,4,3,2,1
0.0,0.21663888343694265,0.0,0.0,0.93,1,2,1,2
0.0,-0.181508173691248,-0.3333333333333333,0.3333333333333333,0.8600000000000001,1,5,1,2
0.0,-1.0,-0.6666666666666666,0.6666666666666666,0.97,2,6,3,4
1.0,0.39721669204804594,0.3333333333333333,0.3333333333333333,0.8700000000000001,1,2,1,4
0.5,0.30123744058718444,0.0,0.0,0.93,1,2,4,2
1.0,-0.3626622129014165,0.3333333333333333,0.3333333333333333,0.8600000000000001,1,5,3,2
-0.5,1.0,0.0,0.0,0.93,2,2,2,1
-0.5,-0.05218863455337046,-1.0,1.0,0.97,1,5,1,1
0.5,-1.0,1.0,1.0,0.97,1,5,1,3
0.0,0.19752505983067986,0.0,0.0,0.93,1,3,1,4
1.0,-0.3148300558860331,0.3333333333333333,0.3333333333333333,0.97,1,5,1,4
0.0,-0.04560791931767415,-1.0,1.0,0.97,2,1,2,4
0.5,1.0,-0.6666666666666666,0.6666666666666666,0.97,2,2,3,2
-0.5,-1.0,0.0,0.0,0.8,2,3,2,4
-0.5,0.7682827757556372,-0.6666666666666666,0.6666666666666666,0.97,1,3,1,2
-0.5,-1.0,-0.6666666666666666,0.6666666666666666,0.9,2,5,1,2
0.0,-0.8831109405625033,-0.3333333333333333,0.3333333333333333,0.8900000000000001,2,6,1,1
-0.5,-0.6944193730703937,-0.3333333333333333,0.3333333333333333,0.8300000000000001,2,3,3,3
-0.5,0.7260557626417304,-1.0,1.0,0.97,1,3,2,1
0.0,0.013452922622896872,-0.3333333333333333,0.3333333333333333,0.97,2,3,1,4
0.5,-1.0,0.0,0.0,0.93,2,4,1,4
-1.0,1.0,-1.0,1.0,0.97,1,2,3,1
0.5,0.14759764453928279,1.0,1.0,0.97,2,3,1,2
0.0,1.0,-0.6666666666666666,0.6666666666666666,0.97,1,2,1,3
-1.0,-0.32056996129047205,-1.0,1.0,0.97,1,5,1,2
1.0,-0.7433839393033532,1.0,1.0,0.97,1,5,3,1
-1.0,-0.8549259883214892,-1.0,1.0,0.97,2,6,1,1
-1.0,1.0,1.0,1.0,0.86,2,2,3,1
-0.5,-0.17216771863491698,-1.0,1.0,0.97,2,5,1,2
0.5,-1.0,0.6666666666666666,0.6666666666666666,0.97,1,6,1,2
0.0,0.6990333952915908,-0.6666666666666666,0.6666666666666666,0.97,2,3,1,1
-0.5,0.7158170811764014,0.0,0.0,0.93,1,3,1,1
0.0,-0.7095246966473983,0.6666666666666666,0.6666666666666666,0.5299999999999999,1,3,1,4
0.0,-1.0,0.0,0.0,0.93,2,6,1,4
-1.0,-0.4208943463582071,-1.0,1.0,0.97,2,4,3,2
0.5,0.30248399519890184,0.3333333333333333,0.3333333333333333,0.42,2,3,1,4
-1.0,-0.7474459667247647,-1.0,1.0,0.97,2,5,2,2
0.0,0.001000332224154216,0.6666666666666666,0.6666666666666666,0.97,2,2,1,4
1.0,0.9732120140292865,1.0,1.0,0.97,2,2,1,2
-1.0,-0.22669652832859274,-0.6666666666666666,0.6666666666666666,0.5299999999999999,2,5,3,4
0.0,-0.5426375798412125,0.0,0.0,0.78,1,5,1,2
1.0,-0.8170386017504208,0.6666666666666666,0.6666666666666666,0.95,1,5,4,4
1.0,-0.31903753326084594,1.0,1.0,0.97,2,3,1,3
0.0,1.0,-1.0,1.0,0.89,2,2,2,1
0.0,0.36363135616976394,0.0,0.0,0.8300000000000001,2,4,1,1
0.0,0.9150017326946486,-1.0,1.0,0.97,1,2,1,1
0.5,-0.6542749841390263,1.0,1.0,0.97,2,5,7,2
1.0,-0.5632001328975467,1.0,1.0,0.97,2,6,1,2
1.0,0.11716966885460589,1.0,1.0,0.97,2,1,1,4
-0.5,-0.12515248783567215,-1.0,1.0,0.97,1,5,1,1
-0.5,0.24697360081744177,-0.6666666666666666,0.6666666666666666,0.97,2,5,4,1
0.5,-0.9802446605311266,0.3333333333333333,0.3333333333333333,0.97,1,5,1,2
-0.5,-0.4543089659155984,-0.3333333333333333,0.3333333333333333,0.92,1,6,1,2
0.5,-0.08692639182116876,0.0,0.0,0.93,2,5,3,1
0.0,-1.0,-1.0,1.0,0.97,2,6,3,2
0.0,-1.0,0.0,0.0,0.38,1,5,2,2
0.0,0.6430857082384266,0.0,0.0,0.93,1,3,1,1
1.0,0.6724519758809577,-1.0,1.0,0.44999999999999996,2,2,1,3
-0.5,0.4895045778407911,-1.0,1.0,0.97,2,3,2,4
1.0,-0.1288054953973755,1.0,1.0,0.57,2,3,1,4
0.5,0.16438532952888157,0.6666666666666666,0.6666666666666666,0.97,2,3,1,4
0.5,0.20434892278755495,0.3333333333333333,0.3333333333333333,0.48,2,3,4,1
0.0,-0.13165657863556338,0.3333333333333333,0.3333333333333333,0.97,2,4,1,2
-0.5,0.21402539092010348,-1.0,1.0,0.97,1,3,1,4
-0.5,0.4332486586057222,-1.0,1.0,0.88,2,2,1,2
-0.5,-0.884633965337297,-1.0,1.0,0.57,2,5,1,4
0.5,0.44030391709023653,0.6666666666666666,0.6666666666666666,0.97,1,2,1,4
0.5,1.0,1.0,1.0,0.97,2,2,1,2
0.0,-0.719907498014322,0.6666666666666666,0.6666666666666666,0.91,1,5,1,2
0.0,-0.9449446327911568,0.0,0.0,0.44999999999999996,2,3,1,4
-0.5,1.0,-1.0,1.0,0.97,2,2,1,1
0.5,-0.2154919002477445,1.0,1.0,0.97,1,5,1,2
-1.0,0.05366638645632574,-0.6666666666666666,0.6666666666666666,0.89,2,5,1,1
1.0,0.2605227421544876,1.0,1.0,0.97,2,2,1,3
0.0,-0.5875508097511161,-0.3333333333333333,0.3333333333333333,0.97,1,6,1,1
0.5,1.0,0.6666666666666666,0.6666666666666666,0.32999999999999996,2,1,1,3
0.0,1.0,0.0,0.0,0.4,2,3,2,1
-1.0,1.0,-1.0,1.0,0.88,3,3,3,1
0.5,-1.0,0.3333333333333333,0.3333333333333333,0.97,2,4,1,4
1.0,-1.0,1.0,1.0,0.97,1,5,1,2
1.0,0.5215778411933698,1.0,1.0,0.97,1,2,1,3
-0.5,0.886250840570249,0.0,0.0,0.44999999999999996,2,1,1,1
0.5,-1.0,0.6666666666666666,0.6666666666666666,0.97,1,5,1,3
1.0,-0.7545454514951347,1.0,1.0,0.97,2,4,1,3
0.5,0.31344993783543534,0.3333333333333333,0.3333333333333333,0.97,2,2,1,4
0.5,1.0,0.3333333333333333,0.3333333333333333,0.97,2,3,1,2
0.5,-0.965929508131762,-0.6666666666666666,0.6666666666666666,0.97,2,2,2,4
0.0,1.0,0.6666666666666666,0.6666666666666666,0.97,2,2,1,1
0.0,-1.0,0.3333333333333333,0.3333333333333333,0.97,1,4,1,4
1.0,0.5396822323151426,0.3333333333333333,0.3333333333333333,0.97,1,4,2,1
0.0,-0.32578221679550545,-1.0,1.0,0.97,1,3,3,2
-0.5,1.0,0.0,0.0,0.38,2,2,4,1
-0.5,-1.0,-0.6666666666666666,0.6666666666666666,0.97,1,6,1,3
0.0,0.8070004864124045,-0.6666666666666666,0.6666666666666666,0.82,1,3,1,1
1.0,-0.11794833754905504,1.0,1.0,0.57,2,2,1,2
0.5,-0.38826513227758785,1.0,1.0,0.57,2,3,1,4
-0.5,-0.10313336758182658,-0.6666666666666666,0.6666666666666666,0.96,1,5,1,2
-0.5,0.4133846017746644,1.0,1.0,0.57,2,1,1,4
1.0,1.0,1.0,1.0,0.97,2,2,1,3
-0.5,1.0,-0.6666666666666666,0.6666666666666666,0.97,2,2,1,3
1.0,-0.2814331612215297,0.6666666666666666,0.6666666666666666,0.97,2,2,1,4
-0.5,0.23019411442368903,-0.6666666666666666,0.6666666666666666,0.97,2,6,2,1
0.5,0.9232041181459262,1.0,1.0,0.41,1,2,1,2
0.0,-0.9432742124990694,0.6666666666666666,0.6666666666666666,0.97,2,5,1,3
-1.0,-0.9775594025703208,-1.0,1.0,0.9600000000000001,2,6,1,2
-0.5,0.3934389718501378,-1.0,1.0,0.97,1,4,2,1
-1.0,-1.0,-1.0,1.0,0.88,2,5,4,1
1.0,1.0,-1.0,1.0,0.39,1,2,2,1
0.0,-1.0,-0.3333333333333333,0.3333333333333333,0.48999999999999994,1,3,2,4
-1.0,-0.175509246407506,-1.0,1.0,0.9400000000000001,1,6,1,2
-1.0,1.0,-1.0,1.0,0.97,2,2,1,1
0.0,0.9848332083191662,0.0,0.0,0.8400000000000001,1,1,1,4
1.0,-0.6725228552021475,1.0,1.0,0.97,1,5,1,2
0.0,0.8523249054279673,0.6666666666666666,0.6666666666666666,0.97,2,1,2,2
0.5,0.0718683720562636,1.0,1.0,0.88,1,3,1,2
0.0,1.0,-0.6666666666666666,0.6666666666666666,0.97,2,2,1,1
-0.5,-0.910787240748485,-1.0,1.0,0.97,2,5,7,2
0.0,-1.0,-0.3333333333333333,0.3333333333333333,0.97,1,5,4,2
-1.0,1.0,-1.0,1.0,0.97,1,3,1,1
1.0,1.0,0.3333333333333333,0.3333333333333333,0.97,2,2,7,2
-0.5,-0.09810301480559712,-1.0,1.0,0.97,2,5,1,3
-1.0,-0.0020367054666666994,-1.0,1.0,0.97,2,5,1,2
-0.5,0.6861678222619652,-1.0,1.0,0.97,2,2,1,4
1.0,-0.5195009923418592,-1.0,1.0,0.97,2,5,1,2
-0.5,-1.0,-1.0,1.0,0.97,2,4,1,3
-1.0,-1.0,0.0,0.0,0.93,1,6,1,2
0.5,0.38162391200271806,0.3333333333333333,0.3333333333333333,0.8800000000000001,2,2,1,4
1.0,-1.0,0.6666666666666666,0.6666666666666666,0.97,1,6,1,3
0.0,0.744317139612153,1.0,1.0,0.97,2,3,3,1
0.5,-0.0891015155978043,1.0,1.0,0.97,1,3,1,2
0.0,-0.6512360745205279,-0.3333333333333333,0.3333333333333333,0.8300000000000001,2,5,1,1
-1.0,-0.06428130184654243,-1.0,1.0,0.97,1,6,1,2
0.0,-0.8894703338452895,-0.6666666666666666,0.6666666666666666,0.97,1,6,1,4
-0.5,-1.0,-1.0,1.0,0.97,2,6,1,3
-0.5,-0.3994631939692218,-1.0,1.0,0.97,2,5,1,2
1.0,-0.45985062070126803,-0.6666666666666666,0.6666666666666666,0.97,2,2,1,4
0.0,-0.2098665998731873,0.0,0.0,0.44,2,5,4,2
-0.5,-0.045363003917195666,-0.3333333333333333,0.3333333333333333,0.97,2,5,1,3
0.0,-1.0,-0.3333333333333333,0.3333333333333333,0.97,1,6,1,2
0.0,0.7810562830710481,0.6666666666666666,0.6666666666666666,0.97,2,1,1,4
0.0,1.0,1.0,1.0,0.89,1,2,3,2
-1.0,-0.7524780693222202,-1.0,1.0,0.97,2,6,1,2
0.0,1.0,0.6666666666666666,0.6666666666666666,0.5299999999999999,1,2,1,1
0.5,0.09976495105069348,0.3333333333333333,0.3333333333333333,0.97,2,5,1,3
-0.5,-0.6699057645977597,-1.0,1.0,0.97,1,5,2,2
0.0,0.7706792950523313,-0.6666666666666666,0.6666666666666666,0.97,1,3,3,2
-0.5,-0.08096611824413397,-1.0,1.0,0.97,2,5,1,1
0.5,0.1453811907038,0.3333333333333333,0.3333333333333333,0.8,1,2,1,3
-0.5,0.6195309155379636,-1.0,1.0,0.97,2,2,1,3
0.0,0.7096599927570869,0.0,0.0,0.27,1,4,2,1
0.0,0.5310942034791248,0.3333333333333333,0.3333333333333333,0.97,2,3,1,2
0.5,0.014590755394038028,0.0,0.0,0.44999999999999996,1,2,1,3
0.5,-0.368625955095026,0.0,0.0,0.8300000000000001,1,5,1,1
0.5,-1.0,1.0,1.0,0.97,2,6,1,2
0.0,-1.0,-0.6666666666666666,0.6666666666666666,0.97,1,6,1,4
0.0,1.0,-1.0,1.0,0.41,2,2,2,1
0.0,-1.0,-1.0,1.0,0.97,2,6,1,5
0.0,1.0,0.0,0.0,0.44999999999999996,1,2,2,1
0.0,-1.0,0.0,0.0,0.93,1,6,1,1
0.0,1.0,-1.0,1.0,0.97,1,2,2,1
-1.0,0.8715626541154702,0.0,0.0,0.44999999999999996,2,2,1,4
0.0,-0.15143976022682698,-1.0,1.0,0.97,2,4,2,2
-1.0,-0.5916155830522923,-0.3333333333333333,0.3333333333333333,0.97,1,6,1,1
1.0,-1.0,1.0,1.0,0.57,2,4,1,4
1.0,0.9520210479915618,1.0,1.0,0.9,1,4,1,1
0.5,1.0,0.6666666666666666,0.6666666666666666,0.8099999999999999,1,3,1,1
1.0,-0.38482458201616504,1.0,1.0,0.93,2,5,1,3
-0.5,1.0,-0.6666666666666666,0.6666666666666666,0.41999999999999993,1,1,1,2
-1.0,0.3811416082497839,-0.3333333333333333,0.3333333333333333,0.8500000000000001,3,3,1,1
0.5,0.6440977423283862,1.0,1.0,0.97,2,2,1,5
1.0,0.8668479983714934,1.0,1.0,0.91,2,3,4,2
0.5,-0.1845812211655936,0.3333333333333333,0.3333333333333333,0.97,1,2,1,4
0.5,0.6224818933660051,0.0,0.0,0.93,1,5,4,1
-0.5,0.1359188147942435,-1.0,1.0,0.9600000000000001,2,3,1,2
0.5,0.19349596874465125,1.0,1.0,0.97,1,5,1,2
0.5,1.0,0.3333333333333333,0.3333333333333333,0.78,1,3,6,2
0.5,-0.4286712464776563,0.6666666666666666,0.6666666666666666,0.97,2,2,1,4
0.0,-0.7240416777004568,-0.3333333333333333,0.3333333333333333,0.97,1,6,1,2
1.0,0.4659682071845311,1.0,1.0,0.97,2,2,1,4
0.0,1.0,0.0,0.0,0.44999999999999996,2,1,1,2
1.0,0.027379824399345363,1.0,1.0,0.97,2,3,1,2
0.5,0.32524494511349095,1.0,1.0,0.97,1,3,1,4
1.0,0.9085274618510581,1.0,1.0,0.97,1,2,1,2
-1.0,0.24754880414995217,-1.0,1.0,0.97,2,2,1,2
1.0,-0.6103060493966224,1.0,1.0,0.97,1,5,1,2
0.5,0.8405727903221086,1.0,1.0,0.97,1,3,1,1
-0.5,-0.1990087969504441,-1.0,1.0,0.97,1,4,2,1
0.0,-0.8054668361522365,0.0,0.0,0.93,1,5,1,3
0.5,-0.5265683804497203,1.0,1.0,0.97,1,6,1,2
-0.5,0.5422646200401564,-0.6666666666666666,0.6666666666666666,0.91,1,3,3,2
1.0,-0.2293139469840455,1.0,1.0,0.97,1,2,1,4
-1.0,0.2790734091401887,-1.0,1.0,0.97,1,4,3,1
0.0,-0.5496837580337833,1.0,1.0,0.97,2,5,1,2
0.5,1.0,1.0,1.0,0.97,2,2,1,2
0.5,0.1557809298447041,1.0,1.0,0.97,2,3,1,4
0.5,1.0,0.6666666666666666,0.6666666666666666,0.97,1,2,1,2
-1.0,-1.0,-1.0,1.0,0.97,2,5,2,4
1.0,0.6642706586453929,0.0,0.0,0.44999999999999996,1,1,1,3
0.5,0.14240287047987743,1.0,1.0,0.97,1,2,2,4
0.5,1.0,1.0,1.0,0.97,2,2,1,1
1.0,1.0,1.0,1.0,0.97,1,2,1,2
-0.5,-0.09760732317159508,-1.0,1.0,0.97,2,6,1,2
-1.0,-1.0,-1.0,1.0,0.97,1,6,1,3
0.5,1.0,-0.6666666666666666,0.6666666666666666,0.97,1,2,1,2
0.5,0.5577450112308081,1.0,1.0,0.97,2,2,1,1
0.0,-0.8037957600220415,-0.3333333333333333,0.3333333333333333,0.97,1,6,1,2
0.5,-1.0,0.3333333333333333,0.3333333333333333,0.8600000000000001,2,5,1,2
-1.0,-0.15804005892029202,-1.0,1.0,0.9,1,5,1,1
0.0,1.0,-0.6666666666666666,0.6666666666666666,0.93,2,3,2,2
-1.0,0.998682033290179,-1.0,1.0,0.97,1,3,2,1
0.5,0.4458097933299964,1.0,1.0,0.97,2,2,1,2
-1.0,-0.39329839916570875,-0.3333333333333333,0.3333333333333333,0.97,2,6,1,1
0.0,-0.8188264093391898,-0.3333333333333333,0.3333333333333333,0.9400000000000001,1,5,1,2
-1.0,-0.449288310481269,-1.0,1.0,0.97,2,2,2,4
-1.0,1.0,-1.0,1.0,0.85,1,3,1,2
0.5,1.0,0.3333333333333333,0.3333333333333333,0.97,1,1,1,3
0.0,-0.425988604706508,1.0,1.0,0.97,1,6,1,1
0.5,-0.27081479732342173,1.0,1.0,0.97,2,4,1,2
1.0,-0.10798167891856174,1.0,1.0,0.97,1,2,1,4
0.0,1.0,-0.3333333333333333,0.3333333333333333,0.32999999999999996,2,2,1,2
1.0,-0.7482653018005553,1.0,1.0,0.97,2,4,1,4
0.0,-1.0,0.3333333333333333,0.3333333333333333,0.97,2,5,1,3
-1.0,0.7239944486543046,-0.6666666666666666,0.6666666666666666,0.49,2,5,1,2
0.0,-0.5113077063165535,0.0,0.0,0.93,2,6,1,1
0.5,-1.0,0.3333333333333333,0.3333333333333333,0.97,2,6,1,4
0.5,1.0,-1.0,1.0,0.57,1,2,1,3
0.0,1.0,0.3333333333333333,0.3333333333333333,0.97,2,2,1,2
0.0,-1.0,0.0,0.0,0.93,2,6,1,4
1.0,-0.709665032114599,1.0,1.0,0.97,2,4,1,3
0.0,0.25362388742893816,-0.6666666666666666,0.6666666666666666,0.97,2,2,1,2
1.0,0.5643366896245129,0.6666666666666666,0.6666666666666666,0.33999999999999997,1,3,5,2
0.0,0.8069961650771346,0.6666666666666666,0.6666666666666666,0.97,2,2,1,4
-0.5,-0.28495525864102145,0.0,0.0,0.44999999999999996,2,2,4,4
0.0,0.0950172507363177,-1.0,1.0,0.97,2,2,1,3
-1.0,-0.38835054802341645,-1.0,1.0,0.97,2,6,1,2
0.0,-0.18488906119583448,-0.3333333333333333,0.3333333333333333,0.36999999999999994,2,2,1,4
0.0,1.0,-1.0,1.0,0.97,2,2,1,1
-0.5,1.0,-1.0,1.0,0.88,2,2,1,1
-1.0,-1.0,-1.0,1.0,0.9600000000000001,2,6,1,2
1.0,-1.0,1.0,1.0,0.97,1,5,1,2
0.0,-0.8906584210457663,0.0,0.0,0.93,1,6,4,1
1.0,-0.004227515347001796,-1.0,1.0,0.97,2,5,3,1
0.0,-0.9123092475768088,-1.0,1.0,0.97,2,6,2,2
-0.5,-0.4214471084377554,-1.0,1.0,0.97,1,6,1,2
1.0,0.4787508310358328,1.0,1.0,0.9400000000000001,2,4,1,3
0.5,1.0,1.0,1.0,0.97,1,3,1,2
0.0,1.0,-0.6666666666666666,0.6666666666666666,0.9,2,3,2,1
0.5,0.8213145849437783,1.0,1.0,0.97,1,2,1,2
0.5,1.0,0.0,0.0,0.3,2,1,2,1
1.0,-0.5379095433043001,1.0,1.0,0.89,1,5,1,2
0.0,0.6645409592421152,-0.6666666666666666,0.6666666666666666,0.97,1,4,2,1
0.5,-0.4776373742326683,0.6666666666666666,0.6666666666666666,0.5299999999999999,2,4,1,4
0.0,1.0,0.0,0.0,0.8200000000000001,1,3,2,1
0.5,-1.0,0.6666666666666666,0.6666666666666666,0.97,2,6,1,3
1.0,0.830379865341367,1.0,1.0,0.97,1,3,1,2
0.0,1.0,0.0,0.0,0.39,2,3,2,1
0.5,0.33699390687047426,1.0,1.0,0.97,2,5,3,1
-0.5,0.40036897592190557,-1.0,1.0,0.38,1,3,1,2
-0.5,0.4615448788122973,-0.6666666666666666,0.6666666666666666,0.97,1,2,3,2
1.0,-0.39510778039855077,1.0,1.0,0.97,2,2,1,4
-1.0,-0.0006839500287377421,-1.0,1.0,0.97,2,4,3,1
-0.5,0.9742747854670993,-0.3333333333333333,0.3333333333333333,0.97,2,3,1,1
0.5,0.2079022409307699,1.0,1.0,0.97,2,4,1,2
-1.0,-1.0,0.0,0.0,0.93,2,5,1,4
0.0,0.21266014619090232,0.0,0.0,0.36,2,2,1,3
1.0,0.0025557427981718465,0.0,0.0,0.93,2,5,2,1
0.5,-0.055263521829127846,0.6666666666666666,0.6666666666666666,0.97,1,3,1,2
0.5,0.7051733506436499,0.6666666666666666,0.6666666666666666,0.97,2,2,1,3
-1.0,0.19560171688497385,-1.0,1.0,0.9,1,4,1,1
0.0,-1.0,-0.3333333333333333,0.3333333333333333,0.97,1,5,2,4
-0.5,0.9273580930605346,-1.0,1.0,0.9,2,2,4,2
0.5,-0.8235410671460355,1.0,1.0,0.97,2,6,1,2
1.0,-0.5707819501394272,1.0,1.0,0.9600000000000001,1,5,1,1
-1.0,0.2897782627125918,0.0,0.0,0.88,3,3,3,2
0.5,1.0,1.0,1.0,0.97,1,2,1,2
1.0,0.49922697833108426,1.0,1.0,0.97,1,2,1,2
0.5,-0.45334774423289875,0.3333333333333333,0.3333333333333333,0.8800000000000001,2,3,1,2
0.5,-1.0,0.6666666666666666,0.6666666666666666,0.97,1,5,1,3
-0.5,0.67989020577544,-1.0,1.0,0.85,1,2,1,2
-1.0,0.14694569814122796,-1.0,1.0,0.97,2,3,1,1
0.5,-1.0,1.0,1.0,0.97,2,6,1,2
-0.5,1.0,-0.6666666666666666,0.6666666666666666,0.86,1,3,1,1
0.0,-1.0,0.0,0.0,0.77,2,3,1,4
-1.0,0.26877726486217884,-1.0,1.0,0.9400000000000001,2,3,1,2
0.0,1.0,0.0,0.0,0.91,2,2,1,4
0.5,1.0,0.6666666666666666,0.6666666666666666,0.97,2,2,1,1
0.5,-0.7403981756800616,0.0,0.0,0.93,2,5,2,2
-1.0,-0.20758204200543048,-1.0,1.0,0.97,1,5,3,1
-0.5,-0.3218294703891959,-1.0,1.0,0.97,2,5,4,2
-1.0,-0.9832440182133166,-1.0,1.0,0.97,2,6,1,4
-0.5,-0.8260617857840921,-0.3333333333333333,0.3333333333333333,0.97,2,5,1,2
0.5,-0.9451371080828647,0.3333333333333333,0.3333333333333333,0.9,2,5,1,2
-1.0,-1.0,-1.0,1.0,0.97,2,6,1,3
-1.0,-1.0,-1.0,1.0,0.97,2,5,1,4
0.5,-1.0,0.6666666666666666,0.6666666666666666,0.97,1,5,1,2
0.5,-0.6705608786087419,1.0,1.0,0.97,2,3,3,4
0.0,-0.6023705225960906,0.3333333333333333,0.3333333333333333,0.91,1,5,3,1
-1.0,0.49898872631611985,-0.3333333333333333,0.3333333333333333,0.8800000000000001,2,4,1,2
0.0,-0.6939886261904983,0.0,0.0,0.44999999999999996,2,3,2,4
1.0,0.6857575159082824,1.0,1.0,0.97,1,2,1,3
0.0,-0.425167061318322,0.3333333333333333,0.3333333333333333,0.9500000000000001,1,3,1,2
-0.5,1.0,-1.0,1.0,0.97,1,1,3,1
0.5,-1.0,1.0,1.0,0.97,1,6,1,2
0.0,0.6157603368626142,-0.3333333333333333,0.3333333333333333,0.97,2,3,2,1
1.0,1.0,0.0,0.0,0.93,1,5,1,1
0.5,0.5447282004810603,0.6666666666666666,0.6666666666666666,0.97,1,2,1,4
0.0,1.0,-1.0,1.0,0.97,2,1,2,1
-1.0,1.0,-1.0,1.0,0.97,2,2,1,2
-1.0,0.41883866348361787,-1.0,1.0,0.97,2,2,1,2
-1.0,0.06458489652927529,-1.0,1.0,0.97,2,5,1,2
1.0,-0.4478041799383489,-1.0,1.0,0.97,1,4,3,1
0.0,-0.7355277432703459,-0.3333333333333333,0.3333333333333333,0.9600000000000001,1,6,1,1
1.0,-0.3507168240996415,-1.0,1.0,0.57,2,4,1,1
0.0,-0.35205606292241204,0.0,0.0,0.93,1,4,1,3
0.0,-0.39762628297192865,-1.0,1.0,0.97,1,3,5,4
1.0,1.0,0.6666666666666666,0.6666666666666666,0.5299999999999999,1,2,3,1
0.0,1.0,0.0,0.0,0.93,2,2,1,3
0.0,-0.24257588690958576,-1.0,1.0,0.9400000000000001,2,2,2,4
0.5,-0.37566030837329545,0.6666666666666666,0.6666666666666666,0.86,2,5,1,2
0.5,0.3056936709769617,0.6666666666666666,0.6666666666666666,0.97,1,5,1,1
0.0,0.12054392904550369,-1.0,1.0,0.97,1,2,2,2
-0.5,0.02416962508948696,-1.0,1.0,0.97,1,3,2,2
0.5,-0.8208326125786952,0.6666666666666666,0.6666666666666666,0.32999999999999996,2,3,1,5
0.5,-1.0,0.3333333333333333,0.3333333333333333,0.97,2,5,1,4
1.0,0.19902781311199205,0.0,0.0,0.92,1,5,1,2
1.0,0.3038161767141907,1.0,1.0,0.97,1,3,3,2
0.0,0.7332321854599401,-1.0,1.0,0.97,2,2,1,2
0.5,0.3810575607581747,0.0,0.0,0.93,1,3,1,1
-0.5,0.16836359267662906,-0.6666666666666666,0.6666666666666666,0.5299999999999999,1,3,1,3
1.0,-0.7033214364442636,1.0,1.0,0.97,1,5,1,2
0.0,1.0,0.0,0.0,0.44999999999999996,2,2,1,1
1.0,-0.17450232712586886,-1.0,1.0,0.93,1,5,2,1
0.5,0.16447377243964986,0.6666666666666666,0.6666666666666666,0.97,1,5,1,1
0.0,-1.0,-0.3333333333333333,0.3333333333333333,0.97,1,6,1,4
-0.5,-0.9527765069561526,-1.0,1.0,0.97,2,5,1,2
0.5,0.22178973528824217,0.3333333333333333,0.3333333333333333,0.8200000000000001,1,3,2,3
-1.0,-1.0,-1.0,1.0,0.97,1,5,1,2
-0.5,1.0,0.0,0.0,0.93,2,1,1,1
-1.0,-1.0,-0.3333333333333333,0.3333333333333333,0.8300000000000001,2,5,1,2
-1.0,1.0,-1.0,1.0,0.42,1,2,6,1
0.0,-1.0,0.6666666666666666,0.6666666666666666,0.97,2,6,1,2
0.0,-1.0,-0.3333333333333333,0.3333333333333333,0.97,1,6,1,2
0.0,0.8137456624600028,1.0,1.0,0.97,2,3,2,1
0.5,0.16467574254702128,1.0,1.0,0.97,1,2,1,3
0.0,-0.698597886098529,-1.0,1.0,0.97,2,4,1,3
1.0,1.0,1.0,1.0,0.57,2,2,1,1
0.0,-0.3468227079582873,-1.0,1.0,0.97,1,5,2,1
0.0,-0.6524098845786245,0.3333333333333333,0.3333333333333333,0.48999999999999994,1,3,1,4
-1.0,-0.6556570550876989,-1.0,1.0,0.97,2,5,1,1
0.5,0.23339920772159664,1.0,1.0,0.97,2,3,1,1
0.5,1.0,0.6666666666666666,0.6666666666666666,0.97,2,2,1,1
0.0,0.6383231804109304,-0.6666666666666666,0.6666666666666666,0.97,2,2,1,3
0.0,-0.6947377449022566,0.3333333333333333,0.3333333333333333,0.97,1,2,1,4
0.5,0.7561029306151633,1.0,1.0,0.97,2,4,1,1
0.5,1.0,1.0,1.0,0.97,2,2,1,1
1.0,1.0,-0.6666666666666666,0.6666666666666666,0.97,2,2,3,1
0.5,0.09241981899143656,-1.0,1.0,0.97,1,4,2,2
0.0,-0.6949898362120343,0.3333333333333333,0.3333333333333333,0.97,1,6,1,2
0.0,1.0,0.6666666666666666,0.6666666666666666,0.97,2,3,1,1
0.5,0.7410824928170716,0.3333333333333333,0.3333333333333333,0.97,2,2,1,2
-0.5,-0.6141765430448396,-1.0,1.0,0.97,2,4,1,2
-1.0,-0.9307705631569885,-0.6666666666666666,0.6666666666666666,0.97,1,5,1,1
0.0,-0.9517880538128778,-1.0,1.0,0.97,2,6,1,4
0.5,1.0,1.0,1.0,0.97,1,2,1,2
0.0,-0.43030804167594394,0.6666666666666666,0.6666666666666666,0.5299999999999999,2,2,1,4
-0.5,0.035246338747612536,-1.0,1.0,0.97,2,3,1,2
0.5,-0.2351944684408781,-0.6666666666666666,0.6666666666666666,0.97,1,4,1,2
0.0,1.0,0.6666666666666666,0.6666666666666666,0.97,2,3,3,2
1.0,-0.6207717262995288,1.0,1.0,0.97,1,2,5,4
0.5,0.34893884148860316,0.6666666666666666,0.6666666666666666,0.97,1,1,1,2
-0.5,1.0,-0.3333333333333333,0.3333333333333333,0.31999999999999995,1,2,3,4
-1.0,-0.8053619857015417,-1.0,1.0,0.9600000000000001,2,5,1,3
-1.0,-0.7909135638119352,-1.0,1.0,0.9500000000000001,2,6,2,2
0.0,1.0,0.0,0.0,0.44999999999999996,2,1,3,1
0.0,-0.3027031940146098,0.3333333333333333,0.3333333333333333,0.97,1,5,6,2
0.0,0.16441330936286658,-0.6666666666666666,0.6666666666666666,0.97,2,1,1,3
-0.5,-0.9888853192293703,-0.6666666666666666,0.6666666666666666,0.97,1,5,1,2
1.0,1.0,1.0,1.0,0.97,1,1,6,1
0.5,-1.0,1.0,1.0,0.97,1,5,1,2
-0.5,1.0,0.0,0.0,0.44999999999999996,2,2,1,1
-0.5,-0.31643061042838483,-0.6666666666666666,0.6666666666666666,0.97,2,5,1,1
0.5,0.25822995396630266,0.3333333333333333,0.3333333333333333,0.97,2,3,1,2
0.5,1.0,0.6666666666666666,0.6666666666666666,0.41999999999999993,2,2,1,1
0.0,0.37645212374913684,0.0,0.0,0.79,1,2,6,2
1.0,-0.5396124581942825,1.0,1.0,0.97,1,3,1,2
0.0,0.5533300784811901,-0.6666666666666666,0.6666666666666666,0.37,2,2,1,3
0.0,-1.0,-0.3333333333333333,0.3333333333333333,0.97,2,5,1,3
1.0,-1.0,1.0,1.0,0.97,2,5,1,2
0.0,-0.454319981633954,-0.6666666666666666,0.6666666666666666,0.97,2,4,2,3
0.0,-1.0,-0.3333333333333333,0.3333333333333333,0.97,2,6,1,2
0.0,1.0,-0.3333333333333333,0.3333333333333333,0.97,1,2,2,1
0.5,-1.0,1.0,1.0,0.97,1,4,1,2
0.5,1.0,0.6666666666666666,0.6666666666666666,0.97,1,2,1,2
0.5,-1.0,0.6666666666666666,0.6666666666666666,0.97,2,6,1,2
0.5,1.0,1.0,1.0,0.97,1,1,1,2
0.0,0.1130191522912569,0.6666666666666666,0.6666666666666666,0.97,1,1,6,4
0.5,-0.3293287779928238,1.0,1.0,0.97,1,5,1,1
-0.5,-0.0023419152494408113,-0.6666666666666666,0.6666666666666666,0.97,1,6,1,1
0.0,0.2141062881159583,-0.6666666666666666,0.6666666666666666,0.5,2,4,3,2
0.0,-0.4361259492468029,0.0,0.0,0.93,1,6,3,2
0.5,-0.37380465389226974,-0.6666666666666666,0.6666666666666666,0.97,2,5,1,2
-0.5,0.6252042084499149,-0.6666666666666666,0.6666666666666666,0.85,2,3,3,2
0.0,-1.0,-0.3333333333333333,0.3333333333333333,0.97,1,5,1,2
1.0,-0.29193916480872917,1.0,1.0,0.97,2,5,1,1
0.0,0.7211734574424706,-0.6666666666666666,0.6666666666666666,0.91,1,3,1,1
0.5,1.0,-0.6666666666666666,0.6666666666666666,0.5299999999999999,2,3,1,1
0.5,-0.2707519585042235,1.0,1.0,0.97,1,3,1,3
0.5,-0.2879335677491911,0.6666666666666666,0.6666666666666666,0.97,2,3,1,4
-0.5,0.4755901719048572,-0.3333333333333333,0.3333333333333333,0.48999999999999994,2,4,3,1
0.5,0.48272351487586657,0.6666666666666666,0.6666666666666666,0.97,1,5,1,1
-0.5,-0.19543143802736435,-0.3333333333333333,0.3333333333333333,0.97,2,5,1,1
0.0,-0.5948461855499325,-0.6666666666666666,0.6666666666666666,0.97,1,6,4,2
0.5,-0.9603242923341341,0.3333333333333333,0.3333333333333333,0.97,1,4,1,2
1.0,0.5340975342362903,1.0,1.0,0.97,2,1,1,2
-0.5,-1.0,-0.6666666666666666,0.6666666666666666,0.52,2,5,1,2
1.0,1.0,1.0,1.0,0.97,2,2,1,1
0.0,0.288699457679786,0.0,0.0,0.44999999999999996,1,4,1,2
1.0,0.34574624457974706,0.6666666666666666,0.6666666666666666,0.97,1,5,1,1
-0.5,-0.9029967402420416,-1.0,1.0,0.97,1,5,1,2
0.0,1.0,-1.0,1.0,0.97,2,2,2,1
1.0,1.0,0.3333333333333333,0.3333333333333333,0.97,2,2,1,1
-0.5,-0.27141596256880673,-1.0,1.0,0.97,1,6,1,2
0.5,-0.07992719927417705,0.6666666666666666,0.6666666666666666,0.94,2,5,1,3
-1.0,0.3517886435051166,-1.0,1.0,0.9400000000000001,1,4,1,2
0.5,1.0,0.6666666666666666,0.6666666666666666,0.97,1,2,1,2
-0.5,-0.20801524833769777,-1.0,1.0,0.97,1,4,1,4
0.0,-1.0,-0.6666666666666666,0.6666666666666666,0.87,1,5,1,3
0.0,-0.3304919339553584,0.6666666666666666,0.6666666666666666,0.89,2,5,1,1
1.0,0.3494272088781287,1.0,1.0,0.97,2,3,1,2
0.5,0.3854724671082338,0.0,0.0,0.44999999999999996,1,2,2,2
1.0,-0.6391995121193467,1.0,1.0,0.97,1,5,1,2
0.0,0.31264112070663014,0.6666666666666666,0.6666666666666666,0.97,2,2,1,2
0.5,-0.06918212366170999,0.3333333333333333,0.3333333333333333,0.97,2,6,1,1
1.0,-0.6237532795684273,1.0,1.0,0.97,1,4,1,4
0.5,0.6856381380155894,1.0,1.0,0.97,2,4,1,2
-1.0,-0.43839535005323327,-0.3333333333333333,0.3333333333333333,0.81,2,3,6,2
0.5,1.0,0.3333333333333333,0.3333333333333333,0.97,1,2,1,2
0.0,-0.4085644392046626,0.3333333333333333,0.3333333333333333,0.97,2,3,1,2
1.0,-1.0,1.0,1.0,0.97,2,3,1,4
-0.5,0.9955091917891851,-0.6666666666666666,0.6666666666666666,0.5299999999999999,2,2,1,1
0.0,1.0,0.0,0.0,0.93,1,1,1,3
-0.5,-0.4889840956968001,-1.0,1.0,0.97,1,6,3,1
-0.5,-0.1329594382653114,-0.3333333333333333,0.3333333333333333,0.97,2,3,7,3
1.0,-1.0,1.0,1.0,0.97,2,5,1,3
0.0,-1.0,1.0,1.0,0.57,2,3,1,4
0.5,0.5898506395758887,1.0,1.0,0.97,2,3,1,3
0.0,1.0,-0.3333333333333333,0.3333333333333333,0.9400000000000001,1,2,4,1
-0.5,1.0,-1.0,1.0,0.57,2,2,2,1
0.0,-1.0,0.0,0.0,0.93,2,6,1,4
-0.5,-1.0,-1.0,1.0,0.97,1,6,1,2
0.0,-0.23638030042691968,-0.6666666666666666,0.6666666666666666,0.92,1,3,1,2
0.5,1.0,0.0,0.0,0.44999999999999996,2,2,3,1
-0.5,0.2230325909838216,-0.6666666666666666,0.6666666666666666,0.33999999999999997,2,3,2,2
0.5,-0.41866044563269356,1.0,1.0,0.97,1,5,3,1
0.5,-1.0,1.0,1.0,0.97,1,5,7,2
0.0,1.0,-0.3333333333333333,0.3333333333333333,0.42,1,2,3,2
-0.5,-0.36788050129939737,-1.0,1.0,0.9400000000000001,2,6,1,1
0.0,0.1981283585009333,-1.0,1.0,0.97,2,4,1,2
1.0,-0.2774983384023281,1.0,1.0,0.97,1,2,1,4
0.0,1.0,-0.6666666666666666,0.6666666666666666,0.97,2,1,2,1
-0.5,-0.8276914135310577,-1.0,1.0,0.93,2,5,6,1
0.0,1.0,-0.6666666666666666,0.6666666666666666,0.97,2,2,3,1
0.0,-1.0,1.0,1.0,0.39,1,5,8,1
0.5,-1.0,0.3333333333333333,0.3333333333333333,0.97,1,6,1,4
1.0,-0.5962712077019435,0.0,0.0,0.93,2,3,1,4
0.0,0.6999330831295758,-0.3333333333333333,0.3333333333333333,0.97,1,5,3,2
-0.5,-1.0,-0.6666666666666666,0.6666666666666666,0.97,1,6,1,1
-1.0,-1.0,-1.0,1.0,0.9,1,5,1,2
0.0,-0.9157031958056242,0.3333333333333333,0.3333333333333333,0.97,2,6,1,2
0.5,0.4420082793112604,1.0,1.0,0.97,2,4,1,3
0.5,-0.3208520084187731,-1.0,1.0,0.97,1,3,2,4
-0.5,-0.17858655048945324,-0.3333333333333333,0.3333333333333333,0.48,2,5,4,2
0.0,0.7221348979611222,0.0,0.0,0.44999999999999996,2,2,1,2
-0.5,-0.3933387785198255,-1.0,1.0,0.97,2,5,1,1
0.0,0.09837822637439238,-0.3333333333333333,0.3333333333333333,0.97,1,2,1,4
0.0,1.0,-1.0,1.0,0.57,1,1,1,2
1.0,-0.10682671155280991,1.0,1.0,0.97,2,4,1,3
-0.5,-1.0,1.0,1.0,0.97,2,5,1,2
0.0,0.8845331462025074,0.6666666666666666,0.6666666666666666,0.97,2,3,1,2
0.0,0.9200628528943361,-1.0,1.0,0.97,2,2,2,2
1.0,-1.0,0.3333333333333333,0.3333333333333333,0.97,1,6,1,4
0.5,0.03664839427488344,0.6666666666666666,0.6666666666666666,0.97,1,2,1,2
0.0,0.3849083252785628,0.0,0.0,0.93,1,2,1,2
0.0,0.2024227971998147,-0.3333333333333333,0.3333333333333333,0.97,1,3,1,4
0.5,-0.11445919494459784,1.0,1.0,0.97,2,3,1,3
-0.5,-1.0,-1.0,1.0,0.97,2,6,1,3
0.0,-0.5269222450179659,0.0,0.0,0.93,2,4,2,2
-0.5,1.0,-0.3333333333333333,0.3333333333333333,0.77,2,1,1,2
-0.5,-1.0,-1.0,1.0,0.97,2,6,1,1
0.0,-0.9770862494068389,-0.3333333333333333,0.3333333333333333,0.97,1,6,3,2
0.0,-0.7747642779628653,0.0,0.0,0.88,2,5,1,3
0.5,0.22358368597746975,0.6666666666666666,0.6666666666666666,0.97,1,2,1,4
-1.0,-1.0,-1.0,1.0,0.9400000000000001,2,6,1,3
0.5,0.7197995499395319,1.0,1.0,0.9500000000000001,1,2,1,2
0.5,1.0,1.0,1.0,0.97,2,2,1,2
0.0,1.0,-1.0,1.0,0.97,1,2,2,1
0.5,-0.15578978890090867,1.0,1.0,0.93,1,3,3,3
-1.0,0.39211800079336895,-1.0,1.0,0.97,2,6,1,1
1.0,-1.0,1.0,1.0,0.97,2,4,1,4
-0.5,0.08019566513988775,-1.0,1.0,0.97,2,4,1,3
-1.0,-0.189170481098866,-1.0,1.0,0.43,2,3,3,2
0.0,1.0,0.0,0.0,0.42,2,2,5,1
0.5,-0.0551498466310522,0.3333333333333333,0.3333333333333333,0.97,2,3,6,4
0.5,-0.33306394933847205,1.0,1.0,0.97,1,4,1,2
0.0,-1.0,0.6666666666666666,0.6666666666666666,0.97,2,4,1,3
1.0,-1.0,0.6666666666666666,0.6666666666666666,0.97,1,5,3,3
-0.5,-0.9304488333002562,-1.0,1.0,0.97,1,6,1,1
0.0,0.693509717403517,0.0,0.0,0.93,2,3,1,2
0.5,-1.0,0.6666666666666666,0.6666666666666666,0.97,2,6,3,4
-1.0,0.46808979760627584,-1.0,1.0,0.97,2,3,1,2
-1.0,0.06397009079466269,-0.6666666666666666,0.6666666666666666,0.84,2,3,2,1
0.0,1.0,-0.3333333333333333,0.3333333333333333,0.48999999999999994,2,1,1,2
0.5,0.7191773189260036,-0.3333333333333333,0.3333333333333333,0.97,1,2,2,1
0.0,1.0,0.0,0.0,0.3,1,2,2,1
-0.5,-1.0,-1.0,1.0,0.97,1,6,1,2
0.0,0.696427784724289,0.0,0.0,0.93,1,2,6,1
0.5,0.6135686943903008,-0.6666666666666666,0.6666666666666666,0.97,2,1,1,3
0.0,-0.6157472217640605,-0.6666666666666666,0.6666666666666666,0.89,1,5,1,1
-0.5,-0.6347518350278839,-1.0,1.0,0.97,1,2,3,4
0.0,-0.8830599100229168,0.0,0.0,0.44999999999999996,2,6,1,3
-0.5,-0.314335626022623,-0.6666666666666666,0.6666666666666666,0.4099999999999999,2,5,4,1
-0.5,-1.0,-1.0,1.0,0.97,2,6,1,3
0.0,0.5721190822668856,0.6666666666666666,0.6666666666666666,0.39,1,2,1,2
1.0,1.0,1.0,1.0,0.97,2,2,1,1
1.0,-0.8268251166895758,1.0,1.0,0.97,2,3,1,4
0.0,-0.18289570136225258,0.3333333333333333,0.3333333333333333,0.8300000000000001,1,5,7,3
0.5,0.02746634647513516,1.0,1.0,0.42,2,2,1,3
-1.0,-0.34308656236235935,-1.0,1.0,0.97,1,6,3,1
0.0,1.0,0.0,0.0,0.93,2,2,1,2
0.0,0.1713484895504626,-0.6666666666666666,0.6666666666666666,0.97,1,4,1,2
0.0,0.11749901552263993,-1.0,1.0,0.97,2,3,1,1
0.0,-1.0,0.6666666666666666,0.6666666666666666,0.97,2,6,1,1
-0.5,0.48923286002453664,-0.3333333333333333,0.3333333333333333,0.97,1,5,1,1
1.0,-0.005340816126781794,0.0,0.0,0.35,1,3,2,2
0.5,0.9295307304594125,1.0,1.0,0.97,1,3,1,2
0.5,-0.23087163996072768,0.3333333333333333,0.3333333333333333,0.97,2,3,1,3
0.0,0.06935319874817665,0.3333333333333333,0.3333333333333333,0.97,2,3,1,3
0.0,0.23168093359457667,0.3333333333333333,0.3333333333333333,0.48999999999999994,1,1,1,3
-0.5,-0.38447483791835957,-0.3333333333333333,0.3333333333333333,0.48999999999999994,2,4,4,2
-1.0,0.43977446105713947,0.0,0.0,0.39,3,2,1,2
1.0,-0.30854985300550536,1.0,1.0,0.97,1,3,1,4
-1.0,-0.07625897486037712,-1.0,1.0,0.91,2,5,1,1
0.0,1.0,0.0,0.0,0.93,1,2,1,1
0.5,-0.20236376165011677,1.0,1.0,0.97,1,2,1,4
1.0,0.47107289461240337,1.0,1.0,0.97,1,1,1,3
1.0,0.03089631746922768,1.0,1.0,0.97,2,4,1,2
0.0,-0.06334165345605335,0.0,0.0,0.44999999999999996,2,2,1,3
0.5,-0.8853301770614878,1.0,1.0,0.97,2,6,1,3
0.5,1.0,0.6666666666666666,0.6666666666666666,0.97,1,2,1,1
0.0,1.0,0.6666666666666666,0.6666666666666666,0.97,2,2,5,1
0.5,0.29792067841119985,-0.6666666666666666,0.6666666666666666,0.97,2,2,1,4
-0.5,-0.5873987478660129,-1.0,1.0,0.97,1,5,1,2
-0.5,-0.4535025908483273,-0.3333333333333333,0.3333333333333333,0.48999999999999994,2,3,1,2
1.0,-0.6224411503400484,0.3333333333333333,0.3333333333333333,0.97,2,4,1,2
0.0,-0.8962074978400678,1.0,1.0,0.97,1,6,1,3
1.0,-0.4431080979565097,1.0,1.0,0.97,2,4,1,3
0.0,-1.0,0.0,0.0,0.93,2,3,1,4
-1.0,0.6020822115205189,-1.0,1.0,0.43,1,3,1,2
-0.5,-1.0,-0.6666666666666666,0.6666666666666666,0.97,2,6,1,2
1.0,-1.0,1.0,1.0,0.97,1,6,2,2
0.0,-0.6662589625855446,0.6666666666666666,0.6666666666666666,0.97,2,4,1,2
-1.0,-0.5044500535471874,-1.0,1.0,0.97,1,6,1,2
1.0,-0.6149501402433084,0.6666666666666666,0.6666666666666666,0.97,1,3,1,2
0.0,0.8817093406054411,-1.0,1.0,0.97,2,2,1,1
-0.5,-0.0621178188408529,-0.6666666666666666,0.6666666666666666,0.97,2,5,4,1
0.0,0.8840572481753339,0.6666666666666666,0.6666666666666666,0.97,1,2,1,4
0.0,1.0,0.0,0.0,0.79,2,2,1,2
1.0,-1.0,1.0,1.0,0.97,1,6,3,2
-0.5,0.19566176220590273,-0.6666666666666666,0.6666666666666666,0.97,2,6,1,1
-1.0,-0.7165264214329917,0.0,0.0,0.27999999999999997,3,3,2,3
0.0,0.9786128155081735,0.3333333333333333,0.3333333333333333,0.3,2,3,2,1
0.5,1.0,0.6666666666666666,0.6666666666666666,0.97,1,2,1,2
1.0,-0.0455149523348353,1.0,1.0,0.57,1,3,1,2
0.5,1.0,0.0,0.0,0.44999999999999996,1,2,2,2
1.0,-0.3349149969451674,0.0,0.0,0.93,1,4,1,2
1.0,-0.6645009777692586,1.0,1.0,0.97,2,6,1,2
0.5,-0.6089757140713915,0.3333333333333333,0.3333333333333333,0.91,1,4,2,1
0.5,1.0,1.0,1.0,0.97,2,2,3,2
-0.5,0.14063260946963355,0.0,0.0,0.8300000000000001,2,4,1,1
0.0,0.4785375550977089,-0.3333333333333333,0.3333333333333333,0.48999999999999994,1,5,4,1
0.0,0.3940844654064915,-1.0,1.0,0.97,2,3,1,2
-0.5,0.10870220020424398,-1.0,1.0,0.97,2,5,1,2
-0.5,1.0,-0.6666666666666666,0.6666666666666666,0.85,2,2,3,1
0.5,-0.6142556572113445,0.0,0.0,0.93,2,5,2,2
0.0,1.0,0.6666666666666666,0.6666666666666666,0.97,1,2,1,1
0.0,0.7740186043901983,-0.3333333333333333,0.3333333333333333,0.8400000000000001,2,4,1,1
0.5,-0.29948676845248895,1.0,1.0,0.97,2,5,1,2
1.0,-1.0,1.0,1.0,0.97,2,2,3,4
-1.0,-0.6411651180896598,-1.0,1.0,0.89,2,5,1,1
-0.5,0.11938878961600866,-1.0,1.0,0.97,1,6,1,1
0.5,0.23989162152189716,1.0,1.0,0.52,2,2,7,2
0.0,0.8805811263434755,-0.6666666666666666,0.6666666666666666,0.97,1,3,1,2
-0.5,-0.17632284455286654,-0.6666666666666666,0.6666666666666666,0.97,2,5,1,2
0.0,-0.9885479257083677,0.3333333333333333,0.3333333333333333,0.97,2,6,4,1
0.0,-0.6305637795285057,0.0,0.0,0.44999999999999996,2,3,1,2
0.0,-0.7859072970318759,0.3333333333333333,0.3333333333333333,0.48999999999999994,1,4,1,3
0.0,1.0,-1.0,1.0,0.97,2,2,3,2
1.0,-0.3981061651406507,1.0,1.0,0.97,1,2,1,4
0.0,0.9044339302730917,-0.3333333333333333,0.3333333333333333,0.97,1,2,1,1
1.0,-1.0,1.0,1.0,0.97,2,6,1,2
-0.5,1.0,-1.0,1.0,0.97,2,1,1,1
0.0,-0.6748587498052263,0.0,0.0,0.93,2,5,1,2
0.0,-0.8759761775725255,-0.6666666666666666,0.6666666666666666,0.97,2,5,2,2
0.0,-0.16700763953952413,0.0,0.0,0.29,2,4,8,4
0.0,0.1791068852363869,-0.6666666666666666,0.6666666666666666,0.97,2,5,2,1
1.0,-1.0,1.0,1.0,0.97,1,5,1,2
-0.5,-0.22535321483930149,-1.0,1.0,0.97,2,3,1,2
0.5,1.0,0.6666666666666666,0.6666666666666666,0.97,1,2,1,3
0.5,0.9683746889492203,0.6666666666666666,0.6666666666666666,0.43999999999999995,1,1,1,3
0.0,-1.0,-0.6666666666666666,0.6666666666666666,0.91,2,6,1,2
1.0,-1.0,-1.0,1.0,0.48,1,2,1,5
-1.0,0.31336018770740875,-1.0,1.0,0.97,2,2,1,2
0.0,-0.7760820709928656,0.0,0.0,0.87,2,5,3,1
-1.0,-0.17502501571436282,-0.6666666666666666,0.6666666666666666,0.97,2,2,2,2
0.5,0.3220413914771725,1.0,1.0,0.97,2,2,1,2
0.0,0.4167875976018593,0.3333333333333333,0.3333333333333333,0.8600000000000001,1,2,1,2
-1.0,-0.30802401707546695,-1.0,1.0,0.53,2,4,1,2
1.0,1.0,-0.6666666666666666,0.6666666666666666,0.97,1,2,1,2
0.5,0.33719421464046434,1.0,1.0,0.57,2,2,1,3
0.0,0.8715612929064707,-0.3333333333333333,0.3333333333333333,0.8400000000000001,1,1,3,3
-0.5,0.6846018935251325,-0.3333333333333333,0.3333333333333333,0.31999999999999995,2,3,3,2
0.0,0.7146571233625612,0.0,0.0,0.74,1,3,2,1
0.5,1.0,0.6666666666666666,0.6666666666666666,0.97,2,2,1,2
-1.0,1.0,-1.0,1.0,0.57,2,2,1,2
0.5,0.9637928261373003,0.0,0.0,0.93,2,2,1,2
0.0,1.0,1.0,1.0,0.97,2,2,6,2
0.0,0.8956336387685399,-0.6666666666666666,0.6666666666666666,0.97,2,3,2,2
-1.0,-1.0,-1.0,1.0,0.97,2,6,1,2
-0.5,-0.35288545987458975,-0.6666666666666666,0.6666666666666666,0.97,1,5,1,2
0.0,-0.058720201089964424,-0.6666666666666666,0.6666666666666666,0.43999999999999995,2,4,3,1
1.0,0.16927781713212312,1.0,1.0,0.97,1,4,1,2
-1.0,-0.3049638208397047,-1.0,1.0,0.93,1,3,2,2
0.5,-1.0,0.3333333333333333,0.3333333333333333,0.97,1,6,1,3
0.5,1.0,1.0,1.0,0.97,2,2,1,2
0.0,0.5791210439396397,0.0,0.0,0.44999999999999996,2,2,1,4
0.0,0.1387512597839153,0.0,0.0,0.93,1,5,3,1
0.0,0.32331808228412867,-0.6666666666666666,0.6666666666666666,0.89,1,5,1,1
-1.0,0.07110177411586427,-0.3333333333333333,0.3333333333333333,0.8800000000000001,2,5,1,1
0.5,1.0,1.0,1.0,0.97,1,2,6,1
1.0,-1.0,0.3333333333333333,0.3333333333333333,0.97,2,5,4,4
-0.5,-0.12037135124147404,-1.0,1.0,0.97,1,5,1,2
-1.0,0.9553682481566662,-1.0,1.0,0.97,2,3,1,2
-1.0,0.3840362420822544,-1.0,1.0,0.93,1,3,1,2
0.0,-0.6086985782641359,0.0,0.0,0.93,2,5,1,2
-1.0,0.22824693073098037,-1.0,1.0,0.97,1,6,1,1
1.0,-0.5580218955356032,1.0,1.0,0.45999999999999996,2,5,1,2
1.0,-0.08545478985044752,1.0,1.0,0.97,1,5,1,1
-1.0,-1.0,-1.0,1.0,0.9400000000000001,1,5,1,4
-0.5,-0.6587984937308611,-1.0,1.0,0.97,1,6,1,1
-0.5,-1.0,-0.6666666666666666,0.6666666666666666,0.96,1,6,3,2
0.0,-0.22853888270127187,-0.6666666666666666,0.6666666666666666,0.82,2,3,1,4
1.0,-1.0,0.6666666666666666,0.6666666666666666,0.92,2,6,1,4
0.0,1.0,-0.6666666666666666,0.6666666666666666,0.85,1,1,4,2
0.0,1.0,-0.3333333333333333,0.3333333333333333,0.79,1,3,1,1
0.0,0.10447788385841004,-1.0,1.0,0.97,2,3,3,2
0.0,-0.16445107594643085,0.3333333333333333,0.3333333333333333,0.97,2,5,1,2
-0.5,0.6389876326277578,-0.3333333333333333,0.3333333333333333,0.8300000000000001,1,2,1,3
-0.5,-0.7640246015022939,-0.3333333333333333,0.3333333333333333,0.97,1,6,1,3
-0.5,0.08163624463560505,-0.3333333333333333,0.3333333333333333,0.97,3,4,1,1
0.5,-0.4482196013169235,0.6666666666666666,0.6666666666666666,0.97,1,5,1,2
0.5,-1.0,0.6666666666666666,0.6666666666666666,0.97,1,6,1,2
0.5,-0.9988278606022234,1.0,1.0,0.97,1,6,1,2
-0.5,-0.46975791804994377,-0.6666666666666666,0.6666666666666666,0.32999999999999996,1,3,1,3
0.5,-0.6669717151705142,1.0,1.0,0.97,1,5,7,3
1.0,1.0,1.0,1.0,0.97,2,3,1,1
-0.5,0.127603549195709,0.0,0.0,0.79,1,5,1,2
-1.0,1.0,-1.0,1.0,0.57,1,1,1,1
-0.5,0.14077290387284552,-0.3333333333333333,0.3333333333333333,0.97,1,4,1,1
1.0,-0.6150595497640181,0.0,0.0,0.93,2,6,2,2
1.0,-0.5422548462527891,1.0,1.0,0.9500000000000001,1,5,1,1
0.0,-0.39964544739013125,-0.3333333333333333,0.3333333333333333,0.33999999999999997,2,5,1,3
1.0,1.0,0.6666666666666666,0.6666666666666666,0.97,1,2,3,1
-1.0,-0.30916957879428614,-1.0,1.0,0.97,2,5,1,3
0.5,1.0,1.0,1.0,0.97,1,3,1,1
0.0,-0.7426285825787022,0.0,0.0,0.93,1,4,1,3
0.0,0.47451686388045666,0.3333333333333333,0.3333333333333333,0.97,1,3,1,2
0.5,1.0,-1.0,1.0,0.97,1,2,2,1
0.0,1.0,0.0,0.0,0.93,1,2,1,1
0.5,0.7552723322926409,-1.0,1.0,0.97,1,2,1,4
-1.0,1.0,-1.0,1.0,0.97,2,3,1,1
-0.5,-1.0,-1.0,1.0,0.97,2,4,2,4
-0.5,0.8635425001992071,0.0,0.0,0.93,2,5,1,1
0.0,-0.49615650913657083,0.0,0.0,0.93,2,5,1,2
0.5,-1.0,0.6666666666666666,0.6666666666666666,0.97,2,3,1,4
0.0,-0.9231439461365833,0.0,0.0,0.76,1,4,1,3
0.0,1.0,-1.0,1.0,0.97,2,3,2,2
-1.0,-0.07119382046158249,-1.0,1.0,0.9600000000000001,2,6,1,2
0.0,0.9472843985244812,0.0,0.0,0.8400000000000001,2,3,1,2
0.5,-0.21645611375127854,0.3333333333333333,0.3333333333333333,0.97,2,4,1,4
-0.5,0.5738146368192709,-0.6666666666666666,0.6666666666666666,0.97,2,4,2,2
0.0,-0.7370868815211257,0.0,0.0,0.93,1,6,1,2
0.0,0.10772859659495015,0.3333333333333333,0.3333333333333333,0.97,1,4,6,2
0.0,0.6405346235846886,-0.6666666666666666,0.6666666666666666,0.97,2,4,2,1
0.0,-0.6430375853461396,-0.6666666666666666,0.6666666666666666,0.97,2,6,3,2
0.0,0.5099879076465872,0.0,0.0,0.93,1,2,1,2
0.0,0.8616888960650005,0.0,0.0,0.44999999999999996,1,2,1,3
0.5,0.2787966272303629,1.0,1.0,0.97,2,4,3,3
1.0,-1.0,1.0,1.0,0.97,1,6,1,4
0.5,-0.16941276159024368,0.3333333333333333,0.3333333333333333,0.97,1,3,1,3
0.0,-0.7792909974685012,0.6666666666666666,0.6666666666666666,0.5,1,6,3,2
0.5,-1.0,1.0,1.0,0.85,2,3,4,5
-0.5,0.2079258871282215,0.0,0.0,0.75,2,2,2,2
1.0,0.9597341823108477,1.0,1.0,0.97,1,4,1,1
0.5,0.6626134255158846,0.6666666666666666,0.6666666666666666,0.97,2,2,1,2
-0.5,-0.11551145273754088,-1.0,1.0,0.97,1,5,1,1
0.0,-0.3854502376387993,0.0,0.0,0.93,1,4,1,2
0.5,1.0,1.0,1.0,0.97,2,3,1,2
-1.0,-0.0992748449790301,-1.0,1.0,0.9600000000000001,2,5,1,2
-1.0,-1.0,-1.0,1.0,0.97,2,5,1,4
0.5,-0.6245110637900079,0.3333333333333333,0.3333333333333333,0.9400000000000001,1,3,6,3
0.0,-0.3073803302765939,0.3333333333333333,0.3333333333333333,0.97,1,5,3,1
0.0,-0.6699958861904615,0.0,0.0,0.93,2,5,1,3
0.5,-0.32796050026593326,0.3333333333333333,0.3333333333333333,0.97,2,3,1,4
0.0,0.8965684630401558,-1.0,1.0,0.97,2,3,2,1
-0.5,-1.0,-0.3333333333333333,0.3333333333333333,0.97,1,6,1,4
-0.5,0.9359220762830923,-1.0,1.0,0.97,1,1,1,4
0.0,1.0,0.0,0.0,0.93,1,1,2,1
-1.0,-0.31098516965206635,-1.0,1.0,0.97,2,5,3,2
-0.5,-1.0,-1.0,1.0,0.97,2,6,1,2
0.5,-0.050407548878481805,0.6666666666666666,0.6666666666666666,0.97,2,5,1,4
0.0,0.2681185139701997,-0.3333333333333333,0.3333333333333333,0.48999999999999994,2,3,3,2
-0.5,1.0,-1.0,1.0,0.47,2,2,1,1
0.0,-0.24983341631259978,0.6666666666666666,0.6666666666666666,0.97,2,5,6,2
0.5,-1.0,0.3333333333333333,0.3333333333333333,0.97,1,5,1,3
-0.5,0.8433874711851187,-0.3333333333333333,0.3333333333333333,0.97,1,3,4,1
-0.5,-0.5495689494604385,0.6666666666666666,0.6666666666666666,0.97,2,5,3,2
0.0,-0.0026631752179558867,-0.6666666666666666,0.6666666666666666,0.97,1,2,1,3
0.5,1.0,1.0,1.0,0.97,2,1,1,2
1.0,-0.02676711840894872,1.0,1.0,0.97,2,3,1,1
0.5,-0.4711064390956957,0.3333333333333333,0.3333333333333333,0.97,1,5,1,4
0.0,0.8335876601596458,-0.3333333333333333,0.3333333333333333,0.48999999999999994,1,3,1,2
0.0,0.21041910756412793,-0.3333333333333333,0.3333333333333333,0.97,2,5,1,1
0.0,-1.0,0.0,0.0,0.93,1,6,1,4
0.0,-0.3609543830183179,0.3333333333333333,0.3333333333333333,0.97,1,2,1,4
0.5,1.0,0.0,0.0,0.74,2,2,2,1
0.0,1.0,0.6666666666666666,0.6666666666666666,0.33999999999999997,2,3,1,1
0.0,0.20034382791789085,0.3333333333333333,0.3333333333333333,0.48999999999999994,2,3,3,4
0.0,0.05736587847699268,0.3333333333333333,0.3333333333333333,0.8,2,4,1,3
-0.5,-0.7538603457008802,-1.0,1.0,0.97,1,6,1,2
-1.0,-0.5702401701904929,0.0,0.0,0.93,1,5,1,1
0.5,0.39739033519253164,1.0,1.0,0.97,1,5,1,1
-0.5,0.32114849702411613,-1.0,1.0,0.97,2,2,1,2
1.0,-0.5804857878403351,1.0,1.0,0.97,1,2,1,4
1.0,-0.6135392631605188,1.0,1.0,0.97,2,2,1,4
0.0,0.9295549557843371,0.0,0.0,0.93,2,3,4,2
0.5,0.025071783354694222,0.6666666666666666,0.6666666666666666,0.97,2,2,1,4
0.0,-0.9164336400170061,0.0,0.0,0.93,2,5,1,3
-0.5,-0.43510656767626565,0.0,0.0,0.93,2,3,1,4
-0.5,0.24813796149486173,-1.0,1.0,0.89,1,3,2,1
-0.5,-1.0,-0.3333333333333333,0.3333333333333333,0.97,2,6,1,4
0.5,0.21165957772920857,1.0,1.0,0.39999999999999997,2,1,1,4
0.5,-0.32076166042147236,1.0,1.0,0.97,1,3,2,2
1.0,0.15240708178621273,1.0,1.0,0.9,2,3,3,2
0.5,0.8138377855879724,0.6666666666666666,0.6666666666666666,0.97,2,1,1,2
1.0,1.0,1.0,1.0,0.97,2,2,1,2
0.5,1.0,0.3333333333333333,0.3333333333333333,0.97,1,2,1,2
-0.5,0.15995782095362934,-1.0,1.0,0.87,2,3,1,1
0.0,-0.2809676331165231,0.0,0.0,0.93,1,5,2,1
-1.0,0.5476435848325344,0.0,0.0,0.76,1,3,2,4
-0.5,-1.0,-1.0,1.0,0.97,2,6,1,2
0.0,1.0,-1.0,1.0,0.9,2,3,2,1
-1.0,-0.552026026249264,-1.0,1.0,0.97,2,6,1,1
-1.0,0.44870200425218976,-0.3333333333333333,0.3333333333333333,0.97,2,5,1,1
-1.0,-0.3921412690509312,-1.0,1.0,0.97,2,5,1,2
0.0,0.25083645085725415,0.0,0.0,0.8200000000000001,1,2,1,3
1.0,0.5123793898452562,1.0,1.0,0.89,2,2,3,3
0.5,-0.5045686408815384,1.0,1.0,0.97,1,5,1,2
-0.5,0.8512673346773751,-1.0,1.0,0.97,2,2,2,2
1.0,0.20672186300733822,-1.0,1.0,0.57,1,2,5,2
0.0,1.0,0.3333333333333333,0.3333333333333333,0.33999999999999997,1,2,1,2
0.0,0.9771894281067621,-0.6666666666666666,0.6666666666666666,0.97,1,3,2,2
-0.5,-1.0,-0.6666666666666666,0.6666666666666666,0.97,1,6,4,1
0.0,-0.7052161137510031,0.0,0.0,0.8400000000000001,1,5,1,2
0.0,0.72108064837564,0.0,0.0,0.76,2,3,2,1
-1.0,-0.1901357305437642,-1.0,1.0,0.88,1,3,3,2
1.0,-1.0,1.0,1.0,0.97,1,4,1,4
0.0,-0.29692287867818984,-1.0,1.0,0.97,2,2,1,4
1.0,0.712263311564321,1.0,1.0,0.97,1,2,1,2
-1.0,-0.701604625550975,-1.0,1.0,0.97,2,2,1,4
0.0,-0.03226400784131774,0.3333333333333333,0.3333333333333333,0.97,1,5,1,1
-0.5,0.18362590235668355,-0.3333333333333333,0.3333333333333333,0.97,2,3,1,4
-0.5,0.85939500543262,-0.6666666666666666,0.6666666666666666,0.97,1,3,1,2
1.0,1.0,1.0,1.0,0.97,2,1,3,2
0.5,-0.9713628457475848,1.0,1.0,0.97,1,3,1,3
-0.5,-0.1714656155998389,-1.0,1.0,0.97,2,5,1,2
0.5,-0.8323824478956738,0.3333333333333333,0.3333333333333333,0.91,2,4,1,4
-0.5,0.5798764808568654,-0.6666666666666666,0.6666666666666666,0.93,2,4,2,1
-0.5,1.0,-1.0,1.0,0.97,1,2,2,1
-0.5,0.044191762239265964,-1.0,1.0,0.9500000000000001,1,2,1,3
0.5,-1.0,1.0,1.0,0.97,2,4,1,3
0.0,0.346224606437294,0.6666666666666666,0.6666666666666666,0.97,2,2,1,2
-1.0,1.0,-1.0,1.0,0.97,3,3,1,1
-1.0,0.4313192237038566,-1.0,1.0,0.42,1,3,2,2
1.0,-0.5831381693844038,1.0,1.0,0.86,1,2,7,4
1.0,-1.0,1.0,1.0,0.9400000000000001,2,5,6,2
-1.0,-1.0,0.0,0.0,0.93,2,4,1,5
1.0,-1.0,1.0,1.0,0.9500000000000001,2,4,1,4
0.0,0.6905767804781874,-0.3333333333333333,0.3333333333333333,0.31,2,3,1,2
0.0,0.6833686127854215,0.0,0.0,0.9,1,2,2,2
1.0,-1.0,1.0,1.0,0.97,2,5,1,3
-0.5,-1.0,-0.3333333333333333,0.3333333333333333,0.97,2,6,1,2
0.5,0.07311293005545001,1.0,1.0,0.97,1,4,1,2
0.5,-1.0,0.6666666666666666,0.6666666666666666,0.97,1,6,1,2
1.0,-0.44124536860425706,1.0,1.0,0.97,2,5,1,2
0.0,1.0,-0.6666666666666666,0.6666666666666666,0.91,2,2,3,1
0.5,-0.042830493810238394,1.0,1.0,0.97,2,3,1,3
0.0,0.8391360820404851,0.3333333333333333,0.3333333333333333,0.48999999999999994,1,1,2,2
0.0,0.5158786830766527,-0.6666666666666666,0.6666666666666666,0.97,1,2,1,2
1.0,-0.754551110996818,1.0,1.0,0.97,1,5,1,2
-0.5,1.0,-0.3333333333333333,0.3333333333333333,0.97,2,4,2,2
0.0,1.0,-0.6666666666666666,0.6666666666666666,0.5299999999999999,2,1,4,1
0.0,-0.7673124580670627,0.0,0.0,0.8,2,5,1,2
0.0,0.4687821623793224,-1.0,1.0,0.57,2,3,1,2
-0.5,-1.0,-0.3333333333333333,0.3333333333333333,0.97,1,6,2,2
0.0,0.6191882129439424,0.0,0.0,0.42,1,2,1,4
0.0,-1.0,-0.3333333333333333,0.3333333333333333,0.97,1,6,1,2
-0.5,-0.12808216665486954,0.0,0.0,0.27999999999999997,2,3,2,3
-0.5,0.36272173306808925,-0.3333333333333333,0.3333333333333333,0.97,2,4,1,2
0.0,-0.07868904517187404,0.0,0.0,0.93,1,6,7,2
0.0,1.0,0.0,0.0,0.44999999999999996,1,2,7,2
0.0,-0.4987777980756517,0.3333333333333333,0.3333333333333333,0.48999999999999994,2,3,1,4
0.0,-0.5732990233228878,-0.3333333333333333,0.3333333333333333,0.97,2,5,1,2
0.5,-1.0,0.3333333333333333,0.3333333333333333,0.97,1,6,1,4
-0.5,-0.47010504846680035,-0.6666666666666666,0.6666666666666666,0.48,2,5,1,2
1.0,-0.9922605772555675,1.0,1.0,0.97,2,5,1,2
-1.0,0.9090074674416035,-1.0,1.0,0.97,2,3,1,2
-1.0,1.0,-1.0,1.0,0.97,1,2,7,2
0.5,0.8758636039302374,1.0,1.0,0.97,2,2,1,2
0.0,0.6540086847842611,0.3333333333333333,0.3333333333333333,0.97,1,2,1,1
-1.0,-0.5145899641648188,-1.0,1.0,0.97,1,5,1,2
0.5,-0.5168508369841947,0.6666666666666666,0.6666666666666666,0.97,2,2,1,3
0.5,0.5939807537368996,1.0,1.0,0.97,2,2,1,2
1.0,0.603722659754851,1.0,1.0,0.97,1,2,1,2
0.0,1.0,-0.6666666666666666,0.6666666666666666,0.32999999999999996,1,2,1,1
-1.0,1.0,-0.3333333333333333,0.3333333333333333,0.97,1,3,1,1
0.0,1.0,0.0,0.0,0.44999999999999996,2,2,3,2
-1.0,1.0,-1.0,1.0,0.97,2,3,2,2
0.0,0.8161362166560453,-0.6666666666666666,0.6666666666666666,0.5299999999999999,1,2,2,3
0.0,0.5257332695896682,0.6666666666666666,0.6666666666666666,0.97,1,4,1,2
-0.5,1.0,-1.0,1.0,0.97,1,2,1,2
-0.5,-0.9316028563140043,-0.6666666666666666,0.6666666666666666,0.86,2,5,1,2
0.5,-0.7854559170749389,1.0,1.0,0.97,2,2,1,5
1.0,1.0,0.0,0.0,0.8500000000000001,1,2,6,1
-0.5,1.0,-1.0,1.0,0.97,1,1,1,2
-0.5,1.0,0.0,0.0,0.44999999999999996,1,1,3,1
-0.5,-1.0,-0.3333333333333333,0.3333333333333333,0.97,2,5,1,3
-1.0,-1.0,-1.0,1.0,0.97,2,6,1,3
0.0,1.0,0.0,0.0,0.25,1,2,1,3
-0.5,-1.0,-1.0,1.0,0.97,2,4,1,4
-1.0,-0.1868570363157494,-0.3333333333333333,0.3333333333333333,0.9,2,5,1,2
-1.0,1.0,-1.0,1.0,0.39,3,2,2,1
0.5,-0.8942365003254683,1.0,1.0,0.97,2,4,1,2
0.0,0.04105745569661998,-1.0,1.0,0.97,2,2,1,3
1.0,-0.29277330281020486,0.3333333333333333,0.3333333333333333,0.97,2,2,1,4
-1.0,-0.6729200834467748,-0.3333333333333333,0.3333333333333333,0.9400000000000001,2,5,4,3
-0.5,-1.0,-1.0,1.0,0.97,1,5,1,3
0.5,1.0,-1.0,1.0,0.97,2,1,6,2
1.0,-0.7703641893148102,1.0,1.0,0.97,2,3,2,3
0.0,1.0,-1.0,1.0,0.97,1,4,3,1
-1.0,-0.5099114209865205,-1.0,1.0,0.97,2,5,1,2
0.0,1.0,0.0,0.0,0.93,1,3,1,1
0.5,0.2535648321662593,0.0,0.0,0.93,1,1,1,4
0.5,0.5567085270614873,0.6666666666666666,0.6666666666666666,0.97,2,2,1,2
-1.0,-0.025140602241381607,-0.3333333333333333,0.3333333333333333,0.97,2,6,3,2
-0.5,-1.0,-0.6666666666666666,0.6666666666666666,0.5299999999999999,1,6,3,1
1.0,-0.46111390142360653,1.0,1.0,0.97,1,6,1,1
0.0,0.20308898412237908,0.6666666666666666,0.6666666666666666,0.97,2,3,1,1
0.5,-0.3378749767963636,0.3333333333333333,0.3333333333333333,0.97,1,5,1,1
-1.0,0.5041999074536239,-0.6666666666666666,0.6666666666666666,0.8099999999999999,3,3,1,1
0.0,-0.642959567210047,0.3333333333333333,0.3333333333333333,0.8600000000000001,1,5,6,1
0.0,-0.8906451618899737,0.6666666666666666,0.6666666666666666,0.91,2,4,1,4
1.0,-1.0,1.0,1.0,0.97,2,5,1,2
0.0,-1.0,0.0,0.0,0.93,1,6,1,2
0.5,-0.6548515160561875,1.0,1.0,0.97,2,6,1,1
-1.0,-1.0,-0.3333333333333333,0.3333333333333333,0.97,1,6,1,2
0.0,0.7295680629576076,-0.6666666666666666,0.6666666666666666,0.94,1,4,4,2
0.0,0.044875394559117994,-1.0,1.0,0.97,2,4,2,1
-1.0,-1.0,-1.0,1.0,0.97,2,5,2,5
0.0,0.04605125743970858,-0.6666666666666666,0.6666666666666666,0.37,1,4,2,1
1.0,0.8565863459146543,1.0,1.0,0.97,2,2,1,2
0.0,-0.704557749991446,0.0,0.0,0.91,1,5,1,4
-0.5,1.0,-0.6666666666666666,0.6666666666666666,0.86,1,2,1,2
-0.5,0.8087326688220252,-0.3333333333333333,0.3333333333333333,0.44999999999999996,1,3,2,2
0.0,0.6265526672535173,0.0,0.0,0.93,2,2,1,4
1.0,1.0,-1.0,1.0,0.97,1,2,2,2
0.5,-0.41660981303697914,0.6666666666666666,0.6666666666666666,0.91,2,5,1,2
0.0,1.0,-0.6666666666666666,0.6666666666666666,0.86,2,2,2,3
0.0,1.0,0.6666666666666666,0.6666666666666666,0.97,2,2,1,2
0.0,-0.8336452706808686,0.0,0.0,0.93,1,4,1,4
0.5,-1.0,1.0,1.0,0.97,2,5,2,4
0.0,0.36504798965881613,0.0,0.0,0.33999999999999997,1,2,1,1
0.0,0.5705785623814509,0.0,0.0,0.93,2,3,2,2
-0.5,-0.3934787392883313,-1.0,1.0,0.97,2,3,2,2
0.0,-0.9786667188509504,-1.0,1.0,0.97,2,5,1,1
-0.5,0.9405636717230905,-0.3333333333333333,0.3333333333333333,0.48999999999999994,2,3,6,1
-1.0,-1.0,-0.3333333333333333,0.3333333333333333,0.8200000000000001,1,5,1,4
0.5,-0.9731322265457314,0.3333333333333333,0.3333333333333333,0.8500000000000001,1,5,1,3
-0.5,-0.05250398217069203,-1.0,1.0,0.97,1,5,1,1
-0.5,0.9955423534314254,-1.0,1.0,0.97,1,2,2,2
1.0,-0.11773602714091938,1.0,1.0,0.9600000000000001,2,4,4,1
-0.5,-0.5576173074473538,-1.0,1.0,0.97,2,6,1,2
-1.0,-0.172058784702192,-1.0,1.0,0.97,1,5,1,1
1.0,-0.19539826605744046,0.6666666666666666,0.6666666666666666,0.85,1,3,1,4
0.5,-1.0,1.0,1.0,0.97,2,5,1,4
0.0,0.7456344451397741,-0.3333333333333333,0.3333333333333333,0.36999999999999994,2,3,3,1
0.0,0.9933952181246858,0.0,0.0,0.8500000000000001,1,3,3,2
0.0,1.0,-0.6666666666666666,0.6666666666666666,0.93,1,3,2,1
-0.5,-1.0,-1.0,1.0,0.97,1,6,1,4
-0.5,-0.713503172724485,-0.3333333333333333,0.3333333333333333,0.97,1,3,1,4
1.0,-0.8860603362988794,1.0,1.0,0.57,1,2,1,5
1.0,0.5547206231085633,0.3333333333333333,0.3333333333333333,0.97,2,2,3,2
0.0,-1.0,0.0,0.0,0.36,1,5,2,2
1.0,1.0,1.0,1.0,0.97,2,2,1,1
-1.0,0.8699361599952309,-1.0,1.0,0.97,2,1,1,4
1.0,0.48716872877985634,1.0,1.0,0.97,1,2,1,2
-1.0,-1.0,0.0,0.0,0.93,2,6,1,2
0.0,0.783629698238685,-0.6666666666666666,0.6666666666666666,0.8099999999999999,1,2,1,2
0.5,0.9712477280257897,0.6666666666666666,0.6666666666666666,0.82,1,3,1,2
1.0,-0.26594014768634544,1.0,1.0,0.97,2,2,1,4
0.0,-0.8493575895198645,-0.6666666666666666,0.6666666666666666,0.97,2,5,4,2
0.0,0.03305415009943456,-0.6666666666666666,0.6666666666666666,0.97,2,2,1,3
0.5,-0.12001333572150977,1.0,1.0,0.97,1,2,1,3
-0.5,0.6950674149091519,-1.0,1.0,0.85,1,3,1,2
1.0,-0.9802063488754913,1.0,1.0,0.97,2,4,1,4
1.0,-1.0,0.3333333333333333,0.3333333333333333,0.97,1,5,1,4
1.0,0.6644254799657131,1.0,1.0,0.97,1,3,2,3
-0.5,1.0,-1.0,1.0,0.57,1,2,1,1
-1.0,-1.0,-1.0,1.0,0.97,2,6,1,2
-0.5,0.7573731841101834,-0.3333333333333333,0.3333333333333333,0.48999999999999994,1,3,1,2
0.5,1.0,1.0,1.0,0.97,1,2,1,1
0.0,0.1146472129631449,-1.0,1.0,0.57,1,4,3,1
0.0,-1.0,-1.0,1.0,0.97,1,5,1,4
0.0,-1.0,0.0,0.0,0.93,1,4,5,3
0.0,1.0,-0.6666666666666666,0.6666666666666666,0.97,1,3,2,1
0.0,-0.6989872363653707,-1.0,1.0,0.97,1,5,3,3
-0.5,-1.0,-0.6666666666666666,0.6666666666666666,0.97,2,5,3,2
-1.0,-1.0,-1.0,1.0,0.97,2,5,1,3
0.5,0.005055941930364834,1.0,1.0,0.97,1,2,1,2
0.0,-0.7121643508145853,0.6666666666666666,0.6666666666666666,0.97,2,5,1,2
0.0,1.0,0.0,0.0,0.29,1,1,1,1
1.0,-0.21852701196258084,1.0,1.0,0.97,1,2,1,3
0.5,-0.561531814477654,0.3333333333333333,0.3333333333333333,0.92,1,5,1,3
0.0,0.1231786318868737,-0.3333333333333333,0.3333333333333333,0.97,1,5,1,2
0.0,-0.56166557727185,1.0,1.0,0.97,2,5,1,2
-1.0,0.19653717662268574,-1.0,1.0,0.97,2,4,1,1
0.5,-0.31887717527949655,1.0,1.0,0.97,1,5,1,2
0.5,-0.43733048024164617,1.0,1.0,0.54,1,3,1,4
0.0,-1.0,-1.0,1.0,0.93,2,4,2,3
0.0,-0.28751546192368366,-1.0,1.0,0.93,1,2,3,4
-0.5,-0.10044432724235436,-0.6666666666666666,0.6666666666666666,0.97,1,2,3,4
-1.0,-0.8390679441970661,-0.3333333333333333,0.3333333333333333,0.36,2,5,1,3
0.0,-1.0,0.3333333333333333,0.3333333333333333,0.97,2,6,2,2
-0.5,-0.4368279695465469,-0.3333333333333333,0.3333333333333333,0.97,1,5,2,2
-1.0,-1.0,-1.0,1.0,0.97,2,3,1,4
0.0,1.0,0.0,0.0,0.32,2,1,1,3
0.5,-0.5455041714261152,0.6666666666666666,0.6666666666666666,0.97,1,5,1,2
-0.5,0.913470631087939,0.3333333333333333,0.3333333333333333,0.3,1,3,1,4
-1.0,-0.3287552654378704,-1.0,1.0,0.9500000000000001,1,5,1,1
-0.5,-0.43758235570505516,-1.0,1.0,0.97,2,6,1,1
-0.5,0.09419493818433831,-1.0,1.0,0.97,2,5,1,4
-1.0,-0.4453758033938208,-1.0,1.0,0.97,2,5,4,2
0.5,-0.46253199839965353,0.6666666666666666,0.6666666666666666,0.97,2,3,1,4
-0.5,-1.0,-0.3333333333333333,0.3333333333333333,0.8,2,5,1,3
0.5,0.19509090702604434,0.6666666666666666,0.6666666666666666,0.97,2,6,1,1
-1.0,-0.6737308756041929,-1.0,1.0,0.97,2,4,1,2
0.5,-0.805245446297754,0.3333333333333333,0.3333333333333333,0.97,1,6,3,2
-1.0,-0.37387439998908245,-1.0,1.0,0.97,1,5,1,1
-1.0,0.7398535119579305,-0.3333333333333333,0.3333333333333333,0.97,1,3,1,1
-0.5,-1.0,-1.0,1.0,0.97,2,6,1,2
0.0,1.0,0.3333333333333333,0.3333333333333333,0.97,1,3,4,2
-0.5,-0.6931759044169933,-0.6666666666666666,0.6666666666666666,0.38,2,5,1,2
0.0,-1.0,0.0,0.0,0.93,2,5,8,2
0.5,-0.37171917603137,1.0,1.0,0.97,1,6,1,2
0.5,0.09230539439310828,1.0,1.0,0.97,1,4,2,1
-0.5,-0.37158768784026464,-1.0,1.0,0.97,2,5,1,2
1.0,1.0,0.3333333333333333,0.3333333333333333,0.48999999999999994,2,1,1,1
0.0,0.18386762857349512,0.0,0.0,0.93,2,4,1,2
0.5,-1.0,0.0,0.0,0.93,1,5,4,2
0.0,0.8424683006280731,-1.0,1.0,0.57,2,2,1,3
-1.0,-0.1780339193789586,-0.3333333333333333,0.3333333333333333,0.8300000000000001,2,5,1,1
0.0,-1.0,-1.0,1.0,0.97,2,6,2,2
-1.0,-0.6647159523941502,-0.6666666666666666,0.6666666666666666,0.91,2,6,1,1
0.5,-0.42828671259604695,0.3333333333333333,0.3333333333333333,0.97,2,3,1,2
0.0,1.0,0.0,0.0,0.44999999999999996,1,1,1,2
-1.0,0.12280413150134196,-0.3333333333333333,0.3333333333333333,0.79,4,3,1,1
0.5,-0.5771188225035621,1.0,1.0,0.97,2,3,1,4
1.0,0.49923796123383923,0.3333333333333333,0.3333333333333333,0.48999999999999994,2,3,1,2
-1.0,-0.4655343818314576,-1.0,1.0,0.97,2,6,7,2
1.0,0.4690202955111849,1.0,1.0,0.97,1,2,1,2
0.0,1.0,0.0,0.0,0.91,1,3,1,1
0.0,1.0,0.0,0.0,0.93,1,2,1,1
-0.5,-0.772791200048837,-1.0,1.0,0.97,1,5,1,2
0.5,-0.7074298448165326,1.0,1.0,0.97,1,5,1,1
0.0,-1.0,0.3333333333333333,0.3333333333333333,0.97,2,5,1,2
0.0,0.6801645411967738,0.6666666666666666,0.6666666666666666,0.5299999999999999,2,1,1,4
0.0,0.5122532165287982,-0.6666666666666666,0.6666666666666666,0.89,1,2,2,2
-1.0,0.6248918771165329,0.0,0.0,0.35,2,3,1,3
-1.0,-0.9041320547655401,-1.0,1.0,0.9500000000000001,1,5,2,2
0.5,-1.0,0.6666666666666666,0.6666666666666666,0.97,2,5,1,3
0.5,0.5398625448583682,0.3333333333333333,0.3333333333333333,0.97,2,3,1,2
-0.5,-0.36517841899054315,-0.3333333333333333,0.3333333333333333,0.8,2,3,1,3
0.0,1.0,0.0,0.0,0.44999999999999996,1,2,2,1
-1.0,0.45270737256579546,-1.0,1.0,0.97,2,4,1,2
1.0,-0.4857380236930532,0.3333333333333333,0.3333333333333333,0.97,2,5,1,2
0.5,0.9027998003845872,0.6666666666666666,0.6666666666666666,0.97,1,3,3,1
0.5,1.0,0.6666666666666666,0.6666666666666666,0.43999999999999995,2,2,2,2
0.0,-1.0,0.3333333333333333,0.3333333333333333,0.8500000000000001,1,6,1,2
0.0,0.26098458883131814,0.3333333333333333,0.3333333333333333,0.48999999999999994,1,2,1,4
0.0,0.9834025292582887,0.0,0.0,0.81,1,2,2,2
-1.0,1.0,-1.0,1.0,0.9,1,3,3,1
0.5,1.0,0.6666666666666666,0.6666666666666666,0.5299999999999999,2,3,1,1
0.0,-0.7134861315839333,0.3333333333333333,0.3333333333333333,0.48999999999999994,1,6,1,1
0.5,0.5372151557652843,0.3333333333333333,0.3333333333333333,0.48999999999999994,1,3,6,3
0.0,-0.15858623858107454,-0.6666666666666666,0.6666666666666666,0.8099999999999999,1,3,3,3
-1.0,-0.899748723737806,-1.0,1.0,0.97,2,6,1,2
0.5,0.25378782766769,0.0,0.0,0.93,2,3,1,2
0.5,1.0,0.0,0.0,0.93,1,2,1,2
0.0,-0.20262263821048457,-1.0,1.0,0.87,1,3,2,3
-0.5,0.4381509328961637,-1.0,1.0,0.97,2,3,1,4
0.0,-0.3922703453366519,0.6666666666666666,0.6666666666666666,0.97,2,6,1,3
-0.5,1.0,-0.6666666666666666,0.6666666666666666,0.97,2,2,1,2
0.0,0.2620735877106242,0.0,0.0,0.93,1,5,3,2
-0.5,0.031000360823399537,0.0,0.0,0.26,1,3,3,1
0.0,-0.81145832235374,0.0,0.0,0.93,2,4,1,2
-0.5,-0.11363783107319712,-0.6666666666666666,0.6666666666666666,0.32999999999999996,2,2,3,4
0.0,0.9210700155985454,-0.6666666666666666,0.6666666666666666,0.97,2,2,1,2
0.0,-0.22928266852434812,-0.6666666666666666,0.6666666666666666,0.96,1,5,1,1
0.0,-1.0,-0.6666666666666666,0.6666666666666666,0.97,1,5,4,2
0.5,0.539669118196735,0.3333333333333333,0.3333333333333333,0.97,2,4,1,2
-0.5,-0.32041477251079714,-0.3333333333333333,0.3333333333333333,0.97,2,6,1,3
-0.5,0.12537915755737705,-1.0,1.0,0.57,1,5,1,2
-0.5,-0.4595027151644161,-1.0,1.0,0.97,2,6,1,2
0.5,1.0,-1.0,1.0,0.97,2,2,3,2
0.0,-1.0,0.3333333333333333,0.3333333333333333,0.97,1,6,1,2
-1.0,-0.08711303503012789,-1.0,1.0,0.97,1,5,1,1
1.0,1.0,1.0,1.0,0.97,2,2,1,1
-1.0,-0.7922754307898157,-1.0,1.0,0.97,2,6,1,1
0.5,-1.0,0.6666666666666666,0.6666666666666666,0.97,2,5,1,4
0.0,0.15445388789601638,-0.6666666666666666,0.6666666666666666,0.97,2,3,1,4
-0.5,1.0,-0.6666666666666666,0.6666666666666666,0.97,1,2,1,3
-1.0,0.45416525486627746,-1.0,1.0,0.85,1,2,1,2
-1.0,0.2798680041796841,-1.0,1.0,0.97,1,3,1,2
0.5,-0.6905801047353112,1.0,1.0,0.97,2,3,1,4
1.0,-0.5708425529104891,1.0,1.0,0.97,1,6,1,1
-1.0,-0.8119232043619894,0.6666666666666666,0.6666666666666666,0.97,1,5,1,4
0.0,0.8993033782530624,-1.0,1.0,0.97,1,2,1,1
-1.0,0.024910970668521288,-0.3333333333333333,0.3333333333333333,0.97,1,5,3,2
-0.5,-1.0,-1.0,1.0,0.97,2,5,1,4
1.0,1.0,0.0,0.0,0.44999999999999996,1,2,1,1
-1.0,0.10236660839380074,-1.0,1.0,0.97,1,4,6,2
0.5,-1.0,0.3333333333333333,0.3333333333333333,0.97,1,5,1,4
0.5,0.7189761617592251,0.6666666666666666,0.6666666666666666,0.97,2,3,1,2
0.0,0.30027645557250093,-1.0,1.0,0.97,2,2,1,3
0.0,-0.10346212116062262,-0.3333333333333333,0.3333333333333333,0.97,2,3,1,1
0.0,-0.7337414909530093,0.3333333333333333,0.3333333333333333,0.8800000000000001,2,6,1,1
0.5,-0.7420239715177773,1.0,1.0,0.97,1,6,1,1
1.0,0.9675924492244712,1.0,1.0,0.97,2,1,1,1
-0.5,-1.0,-1.0,1.0,0.92,2,6,4,2
0.5,-0.6683089402710019,1.0,1.0,0.97,2,3,1,2
1.0,-1.0,0.0,0.0,0.93,1,5,1,3
0.0,0.18313931672899597,0.6666666666666666,0.6666666666666666,0.97,2,2,1,4
1.0,-0.43622276460860415,1.0,1.0,0.97,1,4,7,3
0.5,-0.28092142548172716,0.6666666666666666,0.6666666666666666,0.97,1,4,1,2
1.0,1.0,-1.0,1.0,0.97,1,2,4,1
0.0,-0.9590288137104143,-1.0,1.0,0.97,2,5,3,2
0.0,0.4829999736322041,0.0,0.0,0.93,2,2,1,3
0.0,0.9299212086475004,0.0,0.0,0.27999999999999997,1,2,2,2
-0.5,-1.0,-1.0,1.0,0.97,2,5,1,2
0.0,-0.40672271754630784,0.0,0.0,0.44999999999999996,1,5,2,2
-1.0,-0.47014309673931953,-1.0,1.0,0.97,2,6,1,1
1.0,-1.0,0.3333333333333333,0.3333333333333333,0.97,1,6,1,3
0.5,1.0,0.0,0.0,0.93,1,2,1,3
-0.5,0.34329362341980096,-0.6666666666666666,0.6666666666666666,0.33999999999999997,2,3,8,2
-0.5,-0.7540706451456272,-1.0,1.0,0.97,2,6,3,1
-0.5,-0.7691065990637167,-1.0,1.0,0.97,2,5,8,2
0.5,0.389555381338017,1.0,1.0,0.97,1,2,1,2
0.0,-0.18711691975791173,0.0,0.0,0.87,1,5,1,2
-0.5,0.5390540541573315,-0.3333333333333333,0.3333333333333333,0.97,1,2,2,2
0.0,1.0,0.3333333333333333,0.3333333333333333,0.97,2,2,2,1
-1.0,0.13453635068150407,-1.0,1.0,0.97,2,3,1,2
-1.0,0.32206122454370034,-0.6666666666666666,0.6666666666666666,0.88,2,3,1,1
0.5,-0.5023557044535026,0.6666666666666666,0.6666666666666666,0.97,2,3,3,2
0.0,0.5961777531801464,-0.3333333333333333,0.3333333333333333,0.97,2,3,1,1
-0.5,1.0,-1.0,1.0,0.88,1,2,4,2
-0.5,-0.9260980164037438,-1.0,1.0,0.97,1,6,1,2
0.5,1.0,0.6666666666666666,0.6666666666666666,0.97,2,2,1,2
-0.5,0.8716649747958353,-0.3333333333333333,0.3333333333333333,0.38999999999999996,2,2,2,3
0.0,0.6923261736447116,0.0,0.0,0.93,2,3,1,2
0.5,1.0,-1.0,1.0,0.57,2,2,1,3
0.0,-0.5983113953036762,-0.6666666666666666,0.6666666666666666,0.97,2,5,4,2
0.0,0.8724010216912382,-0.3333333333333333,0.3333333333333333,0.48999999999999994,1,3,1,1
0.0,0.41115955199983073,-0.6666666666666666,0.6666666666666666,0.9,2,3,2,2
0.5,0.7456200517448387,0.3333333333333333,0.3333333333333333,0.97,1,4,1,2
0.0,0.8405993381434755,-0.6666666666666666,0.6666666666666666,0.97,2,3,5,1
-0.5,0.5589927908143351,-0.6666666666666666,0.6666666666666666,0.38,2,2,3,2
0.0,-0.2988357036932623,1.0,1.0,0.97,1,6,1,1
-1.0,-0.011457644178796512,-1.0,1.0,0.41,3,3,1,2
1.0,0.6973183691029832,0.0,0.0,0.93,1,3,1,2
-1.0,0.6946376773072259,0.0,0.0,0.4,2,2,1,3
-0.5,-0.16451891512549421,-0.6666666666666666,0.6666666666666666,0.88,2,4,3,2
-1.0,0.7143009033455439,-1.0,1.0,0.53,2,3,2,2
0.0,-0.7260526016744181,0.0,0.0,0.91,2,2,1,4
1.0,0.5628952470570544,1.0,1.0,0.97,1,2,1,3
0.5,-0.8504472105704168,1.0,1.0,0.44999999999999996,2,6,1,1
0.0,1.0,-0.6666666666666666,0.6666666666666666,0.5299999999999999,2,2,2,1
-1.0,-0.4654704839172887,-1.0,1.0,0.97,2,5,1,2
0.5,-0.8604775802758017,0.3333333333333333,0.3333333333333333,0.97,2,5,1,2
-0.5,-1.0,0.3333333333333333,0.3333333333333333,0.97,1,5,1,2
1.0,-1.0,1.0,1.0,0.97,2,6,1,4
0.5,-0.1285892355955842,1.0,1.0,0.97,2,2,1,4
1.0,0.061762174118478536,0.6666666666666666,0.6666666666666666,0.39,2,2,1,3
-0.5,0.6539186762031821,-1.0,1.0,0.97,2,2,1,3
0.0,0.27612373755669944,0.0,0.0,0.93,1,4,1,2
0.5,0.3881250288210917,1.0,1.0,0.97,2,2,1,4
0.0,0.9097900721043871,0.3333333333333333,0.3333333333333333,0.48999999999999994,1,2,1,2
0.0,-1.0,-0.3333333333333333,0.3333333333333333,0.97,2,6,1,3
0.0,1.0,0.6666666666666666,0.6666666666666666,0.5299999999999999,2,2,1,2
0.0,0.5336893010125189,-0.6666666666666666,0.6666666666666666,0.47,2,4,3,1
-0.5,-0.32418061364452216,-1.0,1.0,0.97,2,5,1,2
0.0,-0.032714938326294456,-1.0,1.0,0.97,2,6,2,1
1.0,0.08484605438142803,1.0,1.0,0.97,2,2,1,4
1.0,-1.0,0.3333333333333333,0.3333333333333333,0.97,1,6,1,2
1.0,-0.9850274613348023,0.3333333333333333,0.3333333333333333,0.97,1,4,1,4
1.0,-0.15146970129512766,1.0,1.0,0.97,2,5,1,2
-1.0,-0.09886982708543629,-1.0,1.0,0.87,1,3,1,1
0.0,-1.0,-0.6666666666666666,0.6666666666666666,0.97,2,5,6,1
0.0,1.0,0.0,0.0,0.93,1,1,1,1
0.0,0.37123504404401236,0.0,0.0,0.93,2,3,1,4
-1.0,0.17489186211535304,-1.0,1.0,0.97,1,3,6,1
0.0,-0.9767832442981955,0.6666666666666666,0.6666666666666666,0.97,2,6,1,2
-0.5,-1.0,-1.0,1.0,0.97,2,6,1,2
0.5,0.7624505611013946,0.6666666666666666,0.6666666666666666,0.97,2,2,1,2
0.0,0.09538252745129078,0.0,0.0,0.93,1,4,1,2
1.0,-0.20159693829965067,0.0,0.0,0.44999999999999996,1,2,3,3
-0.5,-0.7066254781132684,-1.0,1.0,0.97,2,5,4,1
0.0,-0.7054920876890676,0.0,0.0,0.93,1,5,1,2
-1.0,-1.0,-1.0,1.0,0.97,2,5,1,4
0.0,0.3682930249144883,0.0,0.0,0.44,1,1,1,3
-0.5,1.0,-1.0,1.0,0.97,1,2,1,1
-1.0,-0.22419009695865133,-1.0,1.0,0.87,2,3,1,3
0.0,-1.0,-0.6666666666666666,0.6666666666666666,0.97,2,6,1,2
0.5,1.0,1.0,1.0,0.97,1,2,1,1
0.0,-0.6149907344144094,0.0,0.0,0.93,1,5,1,2
-0.5,0.8569587812195086,-1.0,1.0,0.97,1,3,1,2
-0.5,0.3491161152324725,-1.0,1.0,0.97,2,3,1,1
-1.0,-1.0,-0.3333333333333333,0.3333333333333333,0.97,1,6,1,2
-1.0,0.2545029762455395,-0.3333333333333333,0.3333333333333333,0.8500000000000001,2,3,1,2
0.5,-0.9979053494682566,0.3333333333333333,0.3333333333333333,0.97,1,6,1,2
0.5,-0.29451082737165374,0.0,0.0,0.44999999999999996,2,4,1,1
0.0,1.0,0.0,0.0,0.44999999999999996,2,1,1,1
-0.5,0.995147555670554,-0.6666666666666666,0.6666666666666666,0.5299999999999999,1,2,2,2
0.5,0.5014900601718668,1.0,1.0,0.5,2,2,1,2
-0.5,-1.0,-1.0,1.0,0.91,2,5,1,3
0.5,0.9241034598425434,0.6666666666666666,0.6666666666666666,0.97,1,3,1,2
-0.5,-0.8790683395264881,-0.6666666666666666,0.6666666666666666,0.5299999999999999,2,5,4,2
0.0,0.05649548118142629,0.0,0.0,0.93,1,5,1,2
0.0,-0.05010838104205614,0.0,0.0,0.93,1,4,1,2
0.0,1.0,0.0,0.0,0.93,1,2,6,2
-0.5,0.7282149397373581,-1.0,1.0,0.97,2,3,2,1
-0.5,-1.0,-0.6666666666666666,0.6666666666666666,0.97,2,5,1,2
1.0,-1.0,0.3333333333333333,0.3333333333333333,0.97,2,5,1,4
-0.5,-0.07093192734764234,-1.0,1.0,0.97,2,3,1,3
1.0,-1.0,1.0,1.0,0.97,1,6,1,4
-0.5,-0.52262059333717,-0.6666666666666666,0.6666666666666666,0.5299999999999999,2,3,6,2
0.0,-1.0,0.3333333333333333,0.3333333333333333,0.93,1,6,1,3
0.0,-0.11200759640367602,-0.3333333333333333,0.3333333333333333,0.48999999999999994,2,2,1,3
0.0,1.0,0.0,0.0,0.44999999999999996,2,2,1,2
1.0,-1.0,1.0,1.0,0.97,2,6,1,2
0.0,-0.6391064250917492,-0.6666666666666666,0.6666666666666666,0.97,2,6,1,2
-0.5,1.0,-1.0,1.0,0.97,1,2,1,2
0.0,0.6582063028420713,-0.3333333333333333,0.3333333333333333,0.97,2,3,1,2
-0.5,1.0,-0.6666666666666666,0.6666666666666666,0.97,2,3,3,1
-0.5,0.7154454904199531,-1.0,1.0,0.97,1,2,1,2
-1.0,1.0,-1.0,1.0,0.93,3,5,1,1
-1.0,0.19924759582561416,-1.0,1.0,0.85,2,3,1,1
-0.5,-1.0,-1.0,1.0,0.97,1,5,1,3
0.0,1.0,-1.0,1.0,0.97,2,2,2,2
0.0,-0.15202607722451708,-0.3333333333333333,0.3333333333333333,0.97,2,5,3,2
-0.5,0.6129791863347696,-1.0,1.0,0.97,1,4,2,1
-0.5,0.7718056781207651,-0.6666666666666666,0.6666666666666666,0.87,1,3,4,2
0.0,-0.1947067514178564,0.6666666666666666,0.6666666666666666,0.5299999999999999,2,2,2,2
0.0,1.0,0.0,0.0,0.93,2,1,1,2
-1.0,-0.23226723092982485,-1.0,1.0,0.97,1,5,1,1
1.0,1.0,1.0,1.0,0.57,2,1,1,4
0.5,-1.0,0.3333333333333333,0.3333333333333333,0.97,1,4,1,2
0.5,-0.29228737192816967,1.0,1.0,0.97,1,3,1,4
-0.5,0.12127134614234002,-0.6666666666666666,0.6666666666666666,0.97,2,3,1,2
0.0,1.0,-1.0,1.0,0.97,2,2,1,2
0.0,-0.863035562030126,0.0,0.0,0.93,2,6,4,2
0.0,-1.0,0.6666666666666666,0.6666666666666666,0.97,1,6,1,3
-1.0,-1.0,-1.0,1.0,0.97,1,4,1,4
0.0,-0.5772137733541234,0.6666666666666666,0.6666666666666666,0.97,2,5,1,2
0.0,-1.0,0.0,0.0,0.93,2,5,1,3
0.5,0.3153203497080282,0.3333333333333333,0.3333333333333333,0.48999999999999994,1,2,1,4
0.5,1.0,0.6666666666666666,0.6666666666666666,0.5299999999999999,1,2,1,1
0.5,-0.9505183114213215,1.0,1.0,0.97,2,6,1,2
1.0,-1.0,1.0,1.0,0.97,1,6,1,2
0.5,1.0,0.3333333333333333,0.3333333333333333,0.97,1,1,1,2
1.0,0.40174158966528395,1.0,1.0,0.97,2,5,1,3
0.0,1.0,0.3333333333333333,0.3333333333333333,0.31,1,3,4,2
-1.0,-1.0,-0.6666666666666666,0.6666666666666666,0.97,2,6,1,3
0.0,-0.514034937105007,-1.0,1.0,0.97,1,5,4,2
0.0,0.5446993963991299,0.6666666666666666,0.6666666666666666,0.97,2,2,1,4
-1.0,-0.22094348995995514,-1.0,1.0,0.97,1,5,1,1
-0.5,-0.7287624463494395,-1.0,1.0,0.97,2,4,1,3
-1.0,-0.26538849758644295,-0.6666666666666666,0.6666666666666666,0.97,2,5,1,1
0.5,1.0,1.0,1.0,0.97,2,2,3,2
0.0,-1.0,-1.0,1.0,0.97,2,6,1,1
-1.0,-0.40532811947745334,-1.0,1.0,0.97,2,6,1,2
0.5,-0.5767011847415807,0.6666666666666666,0.6666666666666666,0.97,2,5,1,2
-0.5,-1.0,1.0,1.0,0.93,2,5,1,2
0.0,0.0431250722952768,0.0,0.0,0.93,2,5,3,2
0.0,-0.9365842200090319,0.0,0.0,0.9,1,5,2,1
0.0,0.12562576816532803,0.0,0.0,0.93,2,3,3,2
0.5,-0.24497890178182655,0.3333333333333333,0.3333333333333333,0.8400000000000001,1,2,1,4
1.0,0.6988172984600425,0.3333333333333333,0.3333333333333333,0.97,1,3,1,4
0.5,0.4795577909575254,0.3333333333333333,0.3333333333333333,0.97,2,3,1,1
0.0,0.18989386840428274,1.0,1.0,0.97,1,2,3,1
0.5,-0.8528228853430913,1.0,1.0,0.92,1,5,3,2
1.0,-1.0,1.0,1.0,0.97,1,6,1,4
1.0,1.0,1.0,1.0,0.97,1,3,2,1
0.0,1.0,-1.0,1.0,0.97,2,3,3,1
0.0,1.0,0.3333333333333333,0.3333333333333333,0.97,2,3,2,1
1.0,-0.3283349713703976,1.0,1.0,0.97,1,3,1,4
0.5,-0.41288219012189364,1.0,1.0,0.97,2,2,1,4
-0.5,1.0,0.6666666666666666,0.6666666666666666,0.97,2,2,4,2
0.5,1.0,1.0,1.0,0.37,1,2,3,1
0.5,-0.4106730854979355,0.3333333333333333,0.3333333333333333,0.97,1,4,3,2
0.0,0.6804032842141795,-0.6666666666666666,0.6666666666666666,0.97,1,2,3,2
1.0,-0.6625252331783067,1.0,1.0,0.97,1,3,1,3
0.0,-0.36939234768493967,0.3333333333333333,0.3333333333333333,0.97,2,5,3,1
0.5,0.7770079281632651,-0.6666666666666666,0.6666666666666666,0.97,1,2,2,2
-0.5,0.8610051200519978,1.0,1.0,0.97,2,2,1,3
0.0,-1.0,-1.0,1.0,0.97,2,6,1,2
1.0,0.23384566854506808,-1.0,1.0,0.9600000000000001,2,2,2,2
0.0,-1.0,0.0,0.0,0.93,2,5,2,2
-0.5,0.5272298502030822,-0.6666666666666666,0.6666666666666666,0.38,2,3,1,2
0.0,-0.3888800314164151,-1.0,1.0,0.97,1,3,7,4
1.0,0.1862371764337436,1.0,1.0,0.97,1,2,1,3
1.0,-0.7927704363832514,1.0,1.0,0.97,1,5,1,2
-0.5,-0.8255330699982496,-1.0,1.0,0.97,2,6,1,2
0.0,1.0,-1.0,1.0,0.97,1,4,2,1
-1.0,0.0075073202561785485,-1.0,1.0,0.88,1,3,3,2
0.5,-0.5006129400304938,0.6666666666666666,0.6666666666666666,0.97,1,5,4,2
0.0,0.4381515053677193,-1.0,1.0,0.97,2,4,2,2
0.0,-0.4726151394416024,0.6666666666666666,0.6666666666666666,0.95,2,4,1,2
-0.5,-1.0,-0.3333333333333333,0.3333333333333333,0.9400000000000001,2,6,2,2
0.5,-1.0,0.3333333333333333,0.3333333333333333,0.97,2,6,1,3
0.5,-0.27141251674715205,1.0,1.0,0.97,2,3,1,2
0.0,-0.45881520948578963,0.0,0.0,0.81,1,5,1,2
0.5,-0.9528317657434526,0.6666666666666666,0.6666666666666666,0.97,1,5,1,3
0.0,-0.13552965524594807,0.0,0.0,0.44999999999999996,2,3,1,4
0.5,0.6982550377610848,0.0,0.0,0.93,2,2,2,1
0.0,1.0,-1.0,1.0,0.91,2,2,2,1
0.0,1.0,-0.6666666666666666,0.6666666666666666,0.97,1,3,1,2
-1.0,0.1215479359670007,-0.6666666666666666,0.6666666666666666,0.97,1,5,4,3
0.0,0.727447588138185,0.0,0.0,0.8500000000000001,1,2,1,4
-0.5,-0.6230271379740069,-0.6666666666666666,0.6666666666666666,0.41999999999999993,2,3,1,3
1.0,-0.6723979680168263,0.3333333333333333,0.3333333333333333,0.97,1,4,1,4
0.5,0.2236082068371957,1.0,1.0,0.97,2,2,1,3
0.0,0.9883614379756951,-0.6666666666666666,0.6666666666666666,0.51,1,3,1,1
0.5,-0.8926671184153905,0.0,0.0,0.93,2,4,1,3
-0.5,-1.0,-1.0,1.0,0.44999999999999996,1,5,4,1
-0.5,-0.24597326476648654,-1.0,1.0,0.97,1,4,1,2
0.0,-0.16784207460662096,0.3333333333333333,0.3333333333333333,0.9600000000000001,2,5,4,2
0.0,0.5684153123628862,0.3333333333333333,0.3333333333333333,0.97,2,3,2,2
0.0,-0.3958406000706497,1.0,1.0,0.97,2,6,1,1
0.5,-0.3134068948566243,0.6666666666666666,0.6666666666666666,0.97,2,3,1,4
1.0,-0.817109799942025,1.0,1.0,0.97,1,6,1,2
1.0,-1.0,1.0,1.0,0.97,2,5,1,4
0.5,0.7551769053253412,0.6666666666666666,0.6666666666666666,0.97,1,2,1,2
1.0,1.0,1.0,1.0,0.92,1,2,7,1
0.5,0.36812849218942895,0.6666666666666666,0.6666666666666666,0.97,2,5,1,2
-0.5,-0.47271406266495763,-1.0,1.0,0.97,2,5,4,2
0.5,-0.5249468292410869,0.6666666666666666,0.6666666666666666,0.97,1,5,1,2
-0.5,0.8933055868914775,-0.6666666666666666,0.6666666666666666,0.83,2,3,1,1
0.0,0.724849541050959,1.0,1.0,0.92,2,3,1,1
1.0,-0.2936748393264167,1.0,1.0,0.97,1,4,1,2
-0.5,0.04452298484515607,-1.0,1.0,0.97,1,4,1,2
0.5,-0.3907623180476747,0.6666666666666666,0.6666666666666666,0.97,2,5,2,1
-1.0,-0.6838514526609907,-1.0,1.0,0.97,1,6,1,1
-0.5,0.06220189205440016,-0.6666666666666666,0.6666666666666666,0.96,2,2,2,3
1.0,-0.008339503489185373,1.0,1.0,0.97,1,4,1,2
0.0,0.7239544491672572,-1.0,1.0,0.97,2,3,2,2
-1.0,-1.0,-1.0,1.0,0.97,2,6,1,3
0.5,-1.0,1.0,1.0,0.93,1,3,1,3
-1.0,-0.659378490367218,-1.0,1.0,0.97,4,5,1,3
0.0,-0.9664254025493723,0.0,0.0,0.93,1,6,1,2
-0.5,0.7999478961205948,-1.0,1.0,0.97,2,2,7,1
0.0,1.0,0.6666666666666666,0.6666666666666666,0.5299999999999999,2,2,1,1
-0.5,0.5871710225362763,-0.6666666666666666,0.6666666666666666,0.92,1,2,1,1
0.0,1.0,-0.3333333333333333,0.3333333333333333,0.48999999999999994,1,1,1,3
-0.5,-1.0,-1.0,1.0,0.9400000000000001,2,6,1,2
1.0,-1.0,1.0,1.0,0.97,1,6,1,2
-1.0,-0.03155413334571239,-1.0,1.0,0.97,1,5,1,1
-1.0,-0.580178695710309,-1.0,1.0,0.57,2,2,1,5
0.5,1.0,1.0,1.0,0.57,1,1,1,1
0.0,0.5120213156109423,-0.3333333333333333,0.3333333333333333,0.8700000000000001,1,2,3,2
0.5,-0.19200327695287905,-0.6666666666666666,0.6666666666666666,0.92,2,5,3,1
0.5,0.644634541542675,0.3333333333333333,0.3333333333333333,0.97,2,2,1,2
-0.5,-1.0,-1.0,1.0,0.48,2,5,4,1
0.0,1.0,0.0,0.0,0.44999999999999996,1,2,1,3
0.0,0.7711006395919896,0.6666666666666666,0.6666666666666666,0.5299999999999999,2,2,1,2
0.0,-0.5095557216110218,-0.3333333333333333,0.3333333333333333,0.97,2,5,1,1
0.0,-1.0,0.0,0.0,0.44999999999999996,1,6,1,2
0.5,1.0,0.6666666666666666,0.6666666666666666,0.5299999999999999,1,3,1,1
-1.0,-1.0,-0.3333333333333333,0.3333333333333333,0.97,1,5,1,2
-1.0,-0.05483932182594397,-1.0,1.0,0.97,1,5,1,1
0.5,0.5327905162025934,1.0,1.0,0.97,2,3,4,1
0.5,1.0,1.0,1.0,0.97,2,1,3,1
0.0,0.31991330408551827,0.3333333333333333,0.3333333333333333,0.97,2,2,1,2
0.0,0.9957728639696322,1.0,1.0,0.97,1,2,1,1
-0.5,-1.0,-1.0,1.0,0.97,2,5,1,4
1.0,0.5407478379642107,1.0,1.0,0.97,2,3,1,2
-0.5,-1.0,-0.3333333333333333,0.3333333333333333,0.97,2,6,2,1
0.0,-0.17295105715815856,-0.6666666666666666,0.6666666666666666,0.97,2,5,1,1
-1.0,0.40148947777508615,-1.0,1.0,0.97,3,4,1,2
-0.5,-0.5160461680766801,-1.0,1.0,0.97,1,4,1,1
1.0,-0.06835105756256318,0.0,0.0,0.39,1,4,1,2
-0.5,0.8222380901499677,-1.0,1.0,0.57,2,2,2,1
0.5,-1.0,0.3333333333333333,0.3333333333333333,0.97,2,5,1,2
-0.5,-0.8924734441701166,-0.3333333333333333,0.3333333333333333,0.97,2,6,1,2
0.0,-0.7133421057574377,0.0,0.0,0.93,2,3,1,4
0.5,-0.6438911567201738,0.3333333333333333,0.3333333333333333,0.97,1,3,1,3
0.0,-0.7562228952163711,-0.3333333333333333,0.3333333333333333,0.42,1,6,4,3
-1.0,1.0,0.0,0.0,0.8400000000000001,3,2,1,1
-1.0,-1.0,-1.0,1.0,0.97,1,3,1,4
0.5,-0.7791761712054849,0.6666666666666666,0.6666666666666666,0.83,1,3,1,3
0.0,0.18643917983625485,-0.3333333333333333,0.3333333333333333,0.97,1,5,1,1
0.0,-0.6968919570798154,-0.6666666666666666,0.6666666666666666,0.93,1,5,2,2
-1.0,0.2406894945267239,-1.0,1.0,0.9500000000000001,1,5,1,2
-0.5,-0.7058838975113442,-1.0,1.0,0.97,2,6,2,2
0.0,0.5744362599834975,0.0,0.0,0.42,1,3,1,2
0.5,-1.0,1.0,1.0,0.97,2,5,1,2
0.5,0.6752467772036321,1.0,1.0,0.97,1,3,1,2
-0.5,-0.2527541965679826,-1.0,1.0,0.97,2,3,1,2
0.5,0.1381170085204964,0.6666666666666666,0.6666666666666666,0.88,1,5,4,2
1.0,0.0964757710030514,1.0,1.0,0.97,2,5,1,1
0.5,-1.0,1.0,1.0,0.97,1,4,1,4
0.5,1.0,0.0,0.0,0.44999999999999996,2,2,1,1
0.0,1.0,-1.0,1.0,0.97,1,5,1,1
0.5,-0.6615738471658659,0.3333333333333333,0.3333333333333333,0.93,2,5,6,2
0.0,-0.25826287917895396,0.3333333333333333,0.3333333333333333,0.8200000000000001,1,5,1,2
0.0,-1.0,0.0,0.0,0.93,1,6,1,2
-0.5,0.10004174790358998,-1.0,1.0,0.97,1,2,1,4
0.0,-1.0,-1.0,1.0,0.97,2,6,2,2
-0.5,0.41690173229250443,-1.0,1.0,0.97,2,3,2,2
-1.0,0.5603436238478572,-1.0,1.0,0.57,2,1,1,4
-1.0,0.8194972708256102,-1.0,1.0,0.97,2,5,1,1
0.0,-0.4051386860779663,0.0,0.0,0.43,1,1,3,4
0.5,1.0,-1.0,1.0,0.9,1,2,2,1
-0.5,-1.0,-0.3333333333333333,0.3333333333333333,0.97,1,6,1,4
0.5,1.0,0.6666666666666666,0.6666666666666666,0.97,1,2,1,1
-0.5,0.8094431420153906,-0.6666666666666666,0.6666666666666666,0.5299999999999999,2,2,1,2
0.0,-0.9848620613531079,-0.3333333333333333,0.3333333333333333,0.97,1,5,1,2
0.0,-1.0,-0.3333333333333333,0.3333333333333333,0.38999999999999996,2,5,2,2
1.0,-1.0,1.0,1.0,0.97,1,6,1,2
1.0,0.5088625970300235,1.0,1.0,0.97,2,3,1,1
0.0,0.017926266445079074,0.0,0.0,0.93,2,1,2,4
1.0,0.9614036537065226,1.0,1.0,0.97,2,2,1,2
-0.5,-1.0,-1.0,1.0,0.97,2,5,1,3
-1.0,-1.0,-1.0,1.0,0.97,2,5,1,4
-1.0,-0.36266304498530133,-1.0,1.0,0.92,1,5,1,1
-0.5,1.0,0.0,0.0,0.8500000000000001,1,2,3,1
0.0,-0.22231833570937273,-0.3333333333333333,0.3333333333333333,0.48999999999999994,2,2,1,4
-0.5,-1.0,0.0,0.0,0.93,2,6,6,4
-0.5,-0.08016124095693991,-1.0,1.0,0.9600000000000001,2,5,1,1
1.0,-0.348695636413518,1.0,1.0,0.57,1,4,1,4
-0.5,0.9067391398628644,-1.0,1.0,0.97,1,3,1,1
-1.0,-0.8675291463668804,0.0,0.0,0.36,1,5,1,2
0.0,0.3525126868162481,0.0,0.0,0.93,1,3,1,2
0.0,-1.0,-0.3333333333333333,0.3333333333333333,0.97,2,6,1,2
-0.5,0.34397609378890764,-0.6666666666666666,0.6666666666666666,0.5299999999999999,2,3,2,2
-0.5,-1.0,-1.0,1.0,0.91,2,6,4,2
-0.5,-1.0,-1.0,1.0,0.97,2,4,1,4
-1.0,-0.5201439690462575,-1.0,1.0,0.93,1,5,1,1
0.0,-1.0,0.0,0.0,0.93,2,5,2,3
-0.5,0.998483402445417,0.0,0.0,0.44999999999999996,1,2,2,3
-1.0,-0.8781685965397612,-1.0,1.0,0.97,2,6,1,3
0.5,-0.5524396626551524,0.0,0.0,0.93,1,4,1,2
0.5,1.0,-1.0,1.0,0.5,1,2,2,1
0.0,1.0,0.3333333333333333,0.3333333333333333,0.48999999999999994,1,2,1,1
-0.5,-0.6044251958558453,-1.0,1.0,0.97,2,6,1,2
-0.5,1.0,-0.6666666666666666,0.6666666666666666,0.97,1,2,1,1
-1.0,-1.0,-1.0,1.0,0.97,2,6,1,3
0.0,0.6987840425063833,-1.0,1.0,0.87,1,3,2,2
0.0,-0.8604887961989851,0.3333333333333333,0.3333333333333333,0.8400000000000001,1,5,1,2
-1.0,0.1689113386675826,-1.0,1.0,0.91,2,5,1,2
0.5,-0.9703127876761471,0.3333333333333333,0.3333333333333333,0.97,1,5,2,3
1.0,0.9321975399839224,1.0,1.0,0.97,1,1,1,2
0.5,0.7788291026842065,0.6666666666666666,0.6666666666666666,0.97,2,2,1,2
0.5,1.0,1.0,1.0,0.97,2,1,1,4
1.0,-0.7705501783928433,1.0,1.0,0.97,2,5,1,2
0.5,0.4335763093261832,0.6666666666666666,0.6666666666666666,0.36,1,4,1,2
0.5,-0.7554015399050479,1.0,1.0,0.85,2,3,1,4
1.0,-0.8290858079138721,1.0,1.0,0.89,2,3,1,4
0.5,-0.0806473091903386,0.0,0.0,0.44999999999999996,1,3,1,4
0.5,0.4404748815478212,1.0,1.0,0.97,2,2,1,2
0.5,1.0,1.0,1.0,0.97,1,1,1,3
0.5,1.0,1.0,1.0,0.97,2,2,6,1
0.5,-0.041565155728148215,0.3333333333333333,0.3333333333333333,0.97,1,3,1,2
-1.0,-1.0,-0.6666666666666666,0.6666666666666666,0.95,2,6,2,2
0.5,-0.8354723626060107,1.0,1.0,0.97,2,5,1,2
-0.5,0.05805664809864166,-1.0,1.0,0.97,2,5,4,1
0.5,0.9262686778662976,0.6666666666666666,0.6666666666666666,0.97,2,4,1,2
0.5,0.22251399047548984,1.0,1.0,0.97,1,3,1,2
0.5,0.33551988289798074,1.0,1.0,0.97,2,2,1,4
-0.5,-0.836281925161701,-1.0,1.0,0.9500000000000001,1,3,1,5
0.5,0.42981306437162276,0.6666666666666666,0.6666666666666666,0.51,2,3,1,2
-0.5,-1.0,-1.0,1.0,0.97,1,6,1,3
-0.5,-0.5754495296956369,-0.6666666666666666,0.6666666666666666,0.97,2,5,2,1
0.0,0.05079071653964813,0.0,0.0,0.93,2,5,1,1
0.0,-0.7590632618616022,0.0,0.0,0.86,2,6,1,1
0.0,0.4242866161249134,-0.6666666666666666,0.6666666666666666,0.97,2,2,1,2
-1.0,-0.4969703002273554,-1.0,1.0,0.97,2,6,1,2
1.0,-1.0,1.0,1.0,0.97,2,5,1,4
1.0,-0.12469908726718182,1.0,1.0,0.97,2,3,1,3
1.0,1.0,1.0,1.0,0.97,1,2,3,2
0.0,-0.06475141912700334,0.0,0.0,0.32999999999999996,1,2,1,2
-0.5,-0.36114832582337414,-1.0,1.0,0.97,1,6,1,2
0.0,-1.0,-0.3333333333333333,0.3333333333333333,0.97,1,5,1,2
0.0,0.16630203531751397,-1.0,1.0,0.97,2,2,1,4
0.0,1.0,-1.0,1.0,0.51,1,2,1,1
1.0,-1.0,0.6666666666666666,0.6666666666666666,0.97,1,6,1,2
0.5,-0.7015422621563118,1.0,1.0,0.97,1,5,1,4
0.0,0.5477258644182312,-0.6666666666666666,0.6666666666666666,0.97,2,3,1,4
0.0,0.3010089427504819,-0.6666666666666666,0.6666666666666666,0.83,2,3,2,2
0.5,-1.0,0.6666666666666666,0.6666666666666666,0.37,1,5,1,4
-1.0,0.025008560633577724,-0.3333333333333333,0.3333333333333333,0.97,1,3,1,3
1.0,0.9639515588103679,1.0,1.0,0.97,2,2,1,4
1.0,-1.0,1.0,1.0,0.93,2,4,1,4
0.0,0.6152162790441308,0.0,0.0,0.35,1,3,1,2
0.0,-1.0,0.0,0.0,0.32,1,6,1,3
0.0,-1.0,-1.0,1.0,0.97,2,5,1,2
0.5,-0.7366208605400605,1.0,1.0,0.97,2,5,1,2
0.0,1.0,-1.0,1.0,0.97,1,2,1,2
1.0,-0.8918049633991927,1.0,1.0,0.97,1,5,1,2
0.5,1.0,1.0,1.0,0.97,2,2,1,1
0.0,1.0,0.0,0.0,0.33999999999999997,2,2,6,1
1.0,0.4706525691053141,1.0,1.0,0.9400000000000001,2,2,1,3
0.0,0.9626727648496175,0.6666666666666666,0.6666666666666666,0.5299999999999999,1,2,1,2
0.5,-1.0,-0.3333333333333333,0.3333333333333333,0.97,2,5,1,4
0.0,-1.0,0.0,0.0,0.93,1,5,1,3
0.5,0.9536112333215113,0.0,0.0,0.93,1,2,1,3
0.5,-0.8773924201859733,1.0,1.0,0.9600000000000001,2,4,1,4
0.0,0.06770048579186054,0.3333333333333333,0.3333333333333333,0.93,2,5,1,1
-1.0,-0.9596125847888368,-0.3333333333333333,0.3333333333333333,0.8700000000000001,2,6,1,2
1.0,1.0,0.6666666666666666,0.6666666666666666,0.5299999999999999,1,2,1,3
0.5,-0.1708549318314865,-0.6666666666666666,0.6666666666666666,0.97,1,2,2,4
-0.5,-0.12635763800748542,-0.6666666666666666,0.6666666666666666,0.97,2,5,6,3
-0.5,-1.0,-1.0,1.0,0.97,2,5,4,4
0.0,-0.5018311519512286,-0.6666666666666666,0.6666666666666666,0.97,2,5,7,4
-1.0,0.1960133622711104,-0.6666666666666666,0.6666666666666666,0.97,2,3,1,1
-0.5,-0.45033266827871515,-1.0,1.0,0.97,1,5,1,2
0.5,-0.27179336216461414,1.0,1.0,0.97,2,4,3,2
-1.0,0.4904200324892221,-1.0,1.0,0.93,2,3,1,2
0.0,1.0,0.6666666666666666,0.6666666666666666,0.47,1,2,1,2
1.0,-1.0,1.0,1.0,0.97,1,6,1,4
-1.0,-0.8107835194862136,-1.0,1.0,0.97,1,6,1,3
0.0,-0.29672776440188875,-1.0,1.0,0.97,1,2,3,4
0.5,-0.014910147376782791,0.6666666666666666,0.6666666666666666,0.97,2,3,1,2
0.0,0.847735642525617,-0.3333333333333333,0.3333333333333333,0.97,2,3,1,1
0.5,1.0,1.0,1.0,0.97,2,2,1,1
0.0,-1.0,-0.6666666666666666,0.6666666666666666,0.97,1,4,1,4
-0.5,-0.6285995545375375,-0.3333333333333333,0.3333333333333333,0.97,1,5,1,1
0.5,0.08214251918756957,1.0,1.0,0.97,2,5,1,2
0.0,-0.13531317310367932,-0.6666666666666666,0.6666666666666666,0.5299999999999999,1,2,1,4
0.5,1.0,0.3333333333333333,0.3333333333333333,0.97,2,3,1,2
0.5,-0.540606089252428,0.0,0.0,0.93,2,5,2,2
0.5,0.7576852429689931,0.6666666666666666,0.6666666666666666,0.97,1,3,1,2
0.0,0.7100463877074423,1.0,1.0,0.97,1,3,1,2
0.0,-0.9801441999086684,0.0,0.0,0.88,2,5,3,2
1.0,-0.23419060822629922,0.0,0.0,0.93,2,3,2,4
1.0,0.5855958888718921,0.0,0.0,0.44999999999999996,2,3,1,4
0.5,1.0,-1.0,1.0,0.97,2,2,1,2
1.0,-1.0,0.3333333333333333,0.3333333333333333,0.97,2,6,1,4
0.5,0.7812333233122462,1.0,1.0,0.97,2,3,1,2
0.0,0.5784188693581331,-0.3333333333333333,0.3333333333333333,0.97,2,3,1,2
0.0,0.9973430642604841,0.3333333333333333,0.3333333333333333,0.97,1,2,1,2
0.5,1.0,1.0,1.0,0.97,1,2,1,2
-0.5,0.3357587447682358,-0.6666666666666666,0.6666666666666666,0.97,1,4,1,2
-1.0,-1.0,-0.3333333333333333,0.3333333333333333,0.97,1,6,1,1
1.0,0.18508589651708487,1.0,1.0,0.97,2,2,1,4
-1.0,-0.643961605708218,-1.0,1.0,0.89,3,5,6,2
0.0,-0.7528979890522114,-0.3333333333333333,0.3333333333333333,0.91,1,5,1,2
-1.0,0.19338394843425763,-1.0,1.0,0.97,1,4,1,3
0.5,-0.9322904616669793,0.3333333333333333,0.3333333333333333,0.97,1,5,4,2
-1.0,-1.0,-1.0,1.0,0.97,1,6,1,4
0.5,-0.1895885917339461,0.6666666666666666,0.6666666666666666,0.97,2,6,1,1
0.0,-1.0,0.0,0.0,0.44999999999999996,1,5,1,2
-0.5,-1.0,-0.3333333333333333,0.3333333333333333,0.97,2,4,1,2
0.5,0.8941327541106188,0.3333333333333333,0.3333333333333333,0.31999999999999995,2,3,1,2
1.0,0.5005286204478949,1.0,1.0,0.97,2,3,1,2
0.5,1.0,-1.0,1.0,0.97,1,3,1,1
0.5,1.0,0.6666666666666666,0.6666666666666666,0.39,1,2,1,1
1.0,-1.0,1.0,1.0,0.97,2,4,1,4
-1.0,-0.7478843027822848,-1.0,1.0,0.97,2,5,6,1
0.0,1.0,0.3333333333333333,0.3333333333333333,0.91,1,2,1,1
0.0,-1.0,0.3333333333333333,0.3333333333333333,0.97,1,5,1,2
-1.0,0.036041542780137416,-1.0,1.0,0.97,2,5,2,1
0.0,-1.0,-1.0,1.0,0.97,2,6,4,2
0.0,1.0,-1.0,1.0,0.97,2,2,1,1
-1.0,-0.5259661316026407,-0.6666666666666666,0.6666666666666666,0.97,2,6,1,1
0.0,1.0,-0.6666666666666666,0.6666666666666666,0.97,2,2,4,1
0.5,0.3175114211043227,0.3333333333333333,0.3333333333333333,0.48999999999999994,2,2,1,4
0.0,-0.6677481415135816,0.3333333333333333,0.3333333333333333,0.8600000000000001,2,4,3,3
-0.5,0.9358851221684715,-1.0,1.0,0.97,2,3,1,1
0.5,-0.42336445308128934,0.3333333333333333,0.3333333333333333,0.97,1,5,1,2
0.0,-1.0,0.0,0.0,0.93,1,4,1,3
0.0,-0.5697504140587776,-0.6666666666666666,0.6666666666666666,0.97,2,4,1,4
0.0,0.4959180051321277,0.0,0.0,0.39,1,3,1,2
0.5,0.7133752640667951,-0.6666666666666666,0.6666666666666666,0.48,2,3,3,2
0.0,-1.0,-1.0,1.0,0.97,1,5,1,2
-0.5,-0.29101924315072797,-0.6666666666666666,0.6666666666666666,0.97,1,5,4,1
-1.0,-1.0,-1.0,1.0,0.97,2,6,1,1
-0.5,0.8081876809297205,-0.6666666666666666,0.6666666666666666,0.97,2,3,1,2
0.5,-1.0,0.6666666666666666,0.6666666666666666,0.97,2,3,1,4
-0.5,0.8338586401019774,-0.6666666666666666,0.6666666666666666,0.5299999999999999,1,2,1,1
0.0,0.6977608466215617,-0.6666666666666666,0.6666666666666666,0.82,2,3,1,2
0.0,-0.757517126818785,1.0,1.0,0.97,2,3,1,4
0.5,0.8339973384900773,1.0,1.0,0.97,2,2,1,1
0.0,1.0,-0.3333333333333333,0.3333333333333333,0.97,1,2,1,2
0.0,0.37246673888513443,-1.0,1.0,0.48,1,5,5,1
0.5,-0.6503600429173377,0.6666666666666666,0.6666666666666666,0.97,1,6,1,2
0.0,0.018660037187694847,0.0,0.0,0.44999999999999996,2,3,1,4
0.0,-0.18666685654709456,0.6666666666666666,0.6666666666666666,0.97,2,4,4,2
1.0,1.0,1.0,1.0,0.97,2,2,1,1
1.0,-0.767340484105176,1.0,1.0,0.9600000000000001,2,3,1,4
0.0,0.08315967358696615,-0.3333333333333333,0.3333333333333333,0.97,1,3,2,3
0.0,-0.8245098979030735,0.0,0.0,0.93,2,5,1,2
-0.5,-0.834851465598258,-0.6666666666666666,0.6666666666666666,0.5299999999999999,1,6,1,1
0.0,-0.23227595044567828,0.6666666666666666,0.6666666666666666,0.97,2,5,1,2
0.0,0.07473179159891556,-0.3333333333333333,0.3333333333333333,0.97,2,5,1,2
0.0,-0.8204008664943379,0.3333333333333333,0.3333333333333333,0.97,1,6,1,2
-0.5,0.5152203337828308,-1.0,1.0,0.97,1,3,1,4
-1.0,-0.9177809366539987,-1.0,1.0,0.97,1,5,1,2
0.0,-1.0,0.0,0.0,0.39,2,5,4,2
0.5,-0.654268698291227,0.3333333333333333,0.3333333333333333,0.97,2,6,1,2
-1.0,-0.9526060852477467,0.6666666666666666,0.6666666666666666,0.97,2,5,3,2
-0.5,-0.268921544387899,-1.0,1.0,0.92,2,5,1,1
0.0,-1.0,0.0,0.0,0.44999999999999996,2,5,4,2
0.0,-0.05501689075007322,-0.6666666666666666,0.6666666666666666,0.97,2,3,1,2
-0.5,-0.4318157150943948,-1.0,1.0,0.44,2,4,3,1
0.0,-0.8355010739039582,0.3333333333333333,0.3333333333333333,0.97,1,6,4,1
-1.0,0.6320901141926548,-1.0,1.0,0.91,2,3,1,1
1.0,-1.0,1.0,1.0,0.97,2,5,1,4
-1.0,-0.37852878831118253,-1.0,1.0,0.97,2,6,1,2
0.5,1.0,1.0,1.0,0.57,2,2,1,2
-0.5,-0.9770390896107941,-1.0,1.0,0.97,1,5,1,1
0.0,0.25422429276205766,-1.0,1.0,0.89,2,4,3,2
0.0,0.11390631788251253,0.0,0.0,0.44999999999999996,1,2,1,4
0.5,0.84804766963712,1.0,1.0,0.97,1,2,1,2
0.0,0.40525972948421646,-0.6666666666666666,0.6666666666666666,0.87,1,3,1,2
0.0,-0.9221214521962763,0.0,0.0,0.92,2,6,1,2
0.5,0.4759522793419261,1.0,1.0,0.89,2,3,1,1
-1.0,-0.04053550255768397,-1.0,1.0,0.97,2,2,1,4
0.0,0.6167956860021059,0.3333333333333333,0.3333333333333333,0.43,1,3,1,3
1.0,-0.31441639671288574,1.0,1.0,0.9400000000000001,1,2,1,4
-0.5,0.2984598196931869,-1.0,1.0,0.9600000000000001,1,3,3,1
0.0,-0.459421589746979,-1.0,1.0,0.97,2,3,2,4
0.0,-0.17650753772415934,-0.3333333333333333,0.3333333333333333,0.81,2,3,1,2
0.0,-0.8494531142414807,0.0,0.0,0.44999999999999996,1,2,1,4
0.5,-0.1256666369127614,1.0,1.0,0.97,1,2,1,4
0.0,1.0,0.6666666666666666,0.6666666666666666,0.5299999999999999,2,2,1,3
0.0,-0.14547116882238073,-0.6666666666666666,0.6666666666666666,0.91,2,5,2,1
0.0,-0.031424161437415304,-1.0,1.0,0.93,2,5,8,1
-1.0,-1.0,-1.0,1.0,0.97,2,4,1,4
-0.5,1.0,-0.6666666666666666,0.6666666666666666,0.35,1,2,1,2
0.0,-0.01603043654184462,0.0,0.0,0.93,2,4,1,2
-0.5,-1.0,-1.0,1.0,0.97,2,6,1,2
-0.5,-0.9349880122823027,-1.0,1.0,0.97,2,6,1,2
-0.5,0.928613392145835,-0.3333333333333333,0.3333333333333333,0.97,2,3,2,1
-0.5,0.2829161809455696,-1.0,1.0,0.97,2,3,2,1
0.5,0.7117244148020505,0.6666666666666666,0.6666666666666666,0.97,2,1,1,4
0.5,0.20162668297646805,0.3333333333333333,0.3333333333333333,0.97,2,3,1,4
-0.5,-0.6669954223300975,-1.0,1.0,0.97,2,5,1,2
0.5,0.44382430911397003,0.3333333333333333,0.3333333333333333,0.97,1,2,1,2
0.0,-0.15831058778397425,0.3333333333333333,0.3333333333333333,0.48999999999999994,1,4,1,2
-0.5,0.8659575029765342,-0.6666666666666666,0.6666666666666666,0.43999999999999995,2,3,4,2
1.0,-0.588747914270979,1.0,1.0,0.97,1,2,1,4
0.5,0.29889579839997066,0.0,0.0,0.93,1,3,2,3
0.0,-1.0,0.3333333333333333,0.3333333333333333,0.97,1,5,1,4
0.0,0.0019138399317775692,-0.3333333333333333,0.3333333333333333,0.8300000000000001,2,5,1,1
-0.5,0.12083602068220507,-0.6666666666666666,0.6666666666666666,0.82,2,3,1,2
-0.5,-0.8450520195383178,-0.6666666666666666,0.6666666666666666,0.97,1,5,1,2
-0.5,0.6746141180333027,-1.0,1.0,0.97,1,5,1,1
0.5,-0.8050039457782109,0.6666666666666666,0.6666666666666666,0.97,1,4,1,2
1.0,0.1296780812257393,1.0,1.0,0.92,2,5,1,1
0.5,1.0,1.0,1.0,0.57,1,1,1,4
1.0,-0.06703372944420774,1.0,1.0,0.97,2,3,1,4
-0.5,0.1402877888441244,-1.0,1.0,0.97,2,3,1,1
0.5,-1.0,1.0,1.0,0.57,2,3,1,4
