year,country,party,vote,seat,family,lrgen,galtan,country_name,econ_ideology,social_ideology
1999,1,ECOLO,7.3,7.3000002,7,1.888888835906982,1.25,Belgium,-0.6222222328186036,-0.75
1999,1,VB,9.9,10.0,1,9.88888931274414,9.75,Belgium,0.9777778625488281,0.95
1999,1,FDF,2.4,3.0,8,6.111111164093018,5.800000190734863,Belgium,0.2222222328186035,0.16000003814697267
1999,1,VU,5.6,5.3000002,8,5.125,4.0,Belgium,0.025,-0.2
1999,1,AGALEV,7.0,6.0,7,2.444444417953491,1.25,Belgium,-0.5111111164093017,-0.75
1999,1,FN,1.5,0.69999999,1,9.88888931274414,9.75,Belgium,0.9777778625488281,0.95
1999,1,PSC,5.9,6.6999998,4,5.222222328186035,6.428571224212646,Belgium,0.04444446563720703,0.2857142448425291
1999,1,SP,9.6,9.3000002,5,3.333333253860474,4.5,Belgium,-0.3333333492279052,-0.1
1999,1,PRL,7.7,9.0,3,6.666666507720947,4.714285850524902,Belgium,0.33333330154418944,-0.05714282989501953
1999,1,PVV/VLD,14.3,15.3,3,7.111111164093018,5.125,Belgium,0.4222222328186035,0.025
1999,1,CVP,14.1000003814697,14.7,4,5.777777671813965,7.375,Belgium,0.15555553436279296,0.475
1999,1,PS,10.2,12.7,5,3.111111164093018,3.875,Belgium,-0.3777777671813964,-0.225
2002,1,MR,10.1,12.0,3,6.35,4.6,Belgium,0.2699999999999999,-0.08000000000000007
2002,1,NVA,5.6,5.3000002,8,6.22,5.67,Belgium,0.24399999999999994,0.13399999999999998
2002,1,VB,9.9,10.0,1,9.55,9.37,Belgium,0.9100000000000001,0.8739999999999999
2002,1,PS,10.2,12.7,5,3.35,4.0,Belgium,-0.32999999999999996,-0.2
2002,1,AGALEV,7.0,6.0,7,2.64,1.55,Belgium,-0.472,-0.6900000000000001
2002,1,CDH,5.9,6.6999998,4,5.65,6.9,Belgium,0.13000000000000006,0.38000000000000006
2002,1,VLD,14.3,15.3,3,6.23,3.55,Belgium,0.24600000000000008,-0.29000000000000004
2002,1,CD&V,14.1,14.7,4,5.95,7.0,Belgium,0.19000000000000003,0.4
2002,1,ECOLO,7.3,7.3000002,7,2.56,1.6,Belgium,-0.488,-0.6799999999999999
2002,1,SP,9.6,9.3000002,5,3.5,3.27,Belgium,-0.3,-0.346
2006,1,MR,11.4,16.0,3,6.67,4.0,Belgium,0.33399999999999996,-0.2
2006,1,VLD,15.4,16.700001,3,6.78,3.0,Belgium,0.35600000000000004,-0.4
2006,1,NVA,3.1,0.69999999,8,7.89,8.57,Belgium,0.578,0.7140000000000001
2006,1,SPA,14.9,15.3,5,3.22,2.63,Belgium,-0.356,-0.47400000000000003
2006,1,ECOLO,3.1,2.7,7,2.83,1.67,Belgium,-0.434,-0.666
2006,1,CDH,5.5,5.3000002,4,5.5,6.67,Belgium,0.1,0.33399999999999996
2006,1,Groen,2.5,0.0,7,1.89,0.63,Belgium,-0.6220000000000001,-0.874
2006,1,CD&V,13.3,14.0,4,5.56,7.25,Belgium,0.11199999999999992,0.45
2006,1,PS,13.0,16.700001,5,3.5,2.83,Belgium,-0.3,-0.434
2006,1,VB,11.6,12.0,1,9.67,9.5,Belgium,0.9339999999999999,0.9
2010,1,PVDA,0.14,0.0,6,0.2857142686843872,2.272727251052856,Belgium,-0.9428571462631226,-0.5454545497894288
2010,1,NVA,17.4,18.0,8,7.571428298950195,7.866666793823242,Belgium,0.514285659790039,0.5733333587646484
2010,1,PS,13.7,17.299999,5,2.5,2.857142925262451,Belgium,-0.5,-0.4285714149475098
2010,1,CDH,5.52,6.0,4,4.5,5.285714149475098,Belgium,-0.1,0.05714282989501953
2010,1,ECOLO,4.8,5.3000002,7,2.285714387893677,2.0,Belgium,-0.5428571224212646,-0.6
2010,1,FN,0.51,0.0,1,9.214285850524902,9.666666984558104,Belgium,0.8428571701049805,0.9333333969116208
2010,1,VLD,8.64,8.6999998,3,6.928571224212646,3.199999809265137,Belgium,0.38571424484252914,-0.36000003814697257
2010,1,LDD,2.31,0.69999999,9,8.428571701049805,5.066666603088379,Belgium,0.6857143402099609,0.013333320617675781
2010,1,SPA,9.24,8.6999998,5,3.428571224212646,2.933333396911621,Belgium,-0.3142857551574708,-0.4133333206176758
2010,1,Groen,4.38,3.3,7,2.285714387893677,1.533333301544189,Belgium,-0.5428571224212646,-0.6933333396911622
2010,1,Spirit,0.1,0.0,3,2.769230842590332,1.909090995788574,Belgium,-0.4461538314819336,-0.6181818008422851
2010,1,CD&V,10.85,11.3,4,5.785714149475098,6.599999904632568,Belgium,0.15714282989501954,0.31999998092651366
2010,1,VB,7.76,8.0,1,9.857142448425291,9.600000381469728,Belgium,0.9714284896850582,0.9200000762939456
2010,1,MR,9.28,12.0,3,7.0,4.357142925262451,Belgium,0.4,-0.12857141494750976
2014,1,FDF,1.8,1.3,8,5.599999904632568,4.0,Belgium,0.11999998092651368,-0.2
2014,1,NVA,20.3,22.0,8,7.800000190734863,6.199999809265137,Belgium,0.5600000381469726,0.23999996185302735
2014,1,CD&V,11.6,12.0,4,5.400000095367432,5.599999904632568,Belgium,0.08000001907348633,0.11999998092651368
2014,1,ECOLO,3.3,4.0,7,2.200000047683716,1.200000047683716,Belgium,-0.5599999904632569,-0.7599999904632568
2014,1,PS,11.7,15.3,5,2.599999904632568,3.400000095367432,Belgium,-0.48000001907348644,-0.3199999809265136
2014,1,PVDA,3.7,1.3,6,0.4000000059604645,2.799999952316284,Belgium,-0.9199999988079071,-0.4400000095367432
2014,1,SPA,8.8,8.6999998,5,3.0,2.599999904632568,Belgium,-0.4,-0.48000001907348644
2014,1,CDH,5.0,6.0,4,4.400000095367432,5.0,Belgium,-0.11999998092651368,0.0
2014,1,Groen,5.3,4.0,7,2.200000047683716,1.200000047683716,Belgium,-0.5599999904632569,-0.7599999904632568
2014,1,VB,3.7,2.0,1,9.199999809265137,9.0,Belgium,0.8399999618530274,0.8
2014,1,VLD,9.8,9.3000002,3,7.0,2.400000095367432,Belgium,0.4,-0.5199999809265136
2014,1,PP,1.5,0.69999999,2,7.75,7.5,Belgium,0.55,0.5
2014,1,MR,9.6,13.3,3,7.0,3.0,Belgium,0.4,-0.4
2019,1,ECOLO,6.14,8.8000002,7,2.083333253860474,1.083333373069763,Belgium,-0.5833333492279051,-0.7833333253860474
2019,1,AGALEV,6.1,5.4000001,7,2.416666746139526,1.166666626930237,Belgium,-0.5166666507720948,-0.7666666746139527
2019,1,VLD/PVV,8.54,8.1000004,3,6.583333492279053,2.454545497894287,Belgium,0.3166666984558105,-0.5090909004211426
2019,1,CDV,8.89,8.1000004,4,5.583333492279053,6.25,Belgium,0.11666669845581054,0.25
2019,1,VU/NVA,16.03,16.9,8,7.916666507720947,6.090909004211426,Belgium,0.5833333015441895,0.21818180084228517
2019,1,PSC/CDH,3.7,3.4000001,4,4.583333492279053,5.0,Belgium,-0.08333330154418946,0.0
2019,1,PS,9.46,13.5,5,2.083333253860474,2.916666746139526,Belgium,-0.5833333492279051,-0.4166666507720948
2019,1,SP/SPA,6.71,6.0999999,5,3.083333253860474,2.75,Belgium,-0.3833333492279052,-0.45
2019,1,VB,11.95,12.2,1,9.583333015441896,8.0,Belgium,0.9166666030883792,0.6
2019,1,PVDA-PTB,8.62,8.1000004,6,0.3333333432674408,4.583333492279053,Belgium,-0.9333333313465119,-0.08333330154418946
2019,1,PRL/MR,7.56,9.5,3,6.5,3.181818246841431,Belgium,0.3,-0.3636363506317138
2024,1,LE,6.77,9.3000002,4,5.55555534362793,5.75,Belgium,0.11111106872558593,0.15
2024,1,Groen,4.65,4.0,7,2.5,1.600000023841858,Belgium,-0.5,-0.6799999952316285
2024,1,Ecolo,2.93,2.0,7,2.444444417953491,1.555555582046509,Belgium,-0.5111111164093017,-0.6888888835906982
2024,1,VB,13.77,13.3,1,9.199999809265137,8.899999618530273,Belgium,0.8399999618530274,0.7799999237060546
2024,1,CD&V,7.98,7.3000002,4,5.699999809265137,6.800000190734863,Belgium,0.13999996185302735,0.3600000381469727
2024,1,DeFl,1.2,0.69999999,8,6.0,3.75,Belgium,0.2,-0.25
2024,1,Open Vld,5.45,4.6999998,3,6.333333492279053,3.0,Belgium,0.26666669845581054,-0.4
2024,1,Vooruit,8.11,8.6999998,5,4.300000190734863,3.099999904632568,Belgium,-0.13999996185302735,-0.3800000190734864
2024,1,MR,10.26,13.3,3,7.44444465637207,5.222222328186035,Belgium,0.4888889312744141,0.04444446563720703
2024,1,PVDA-PTB,9.86,10.0,6,0.800000011920929,3.200000047683716,Belgium,-0.8399999976158142,-0.3599999904632568
2024,1,NVA,16.71,16.0,8,7.5,7.099999904632568,Belgium,0.5,0.4199999809265137
2024,1,PS,8.04,10.7,5,2.555555582046509,2.777777671813965,Belgium,-0.48888888359069826,-0.444444465637207
1999,2,V,24.0,23.5,3,7.142857074737549,5.599999904632568,Denmark,0.4285714149475098,0.11999998092651368
1999,2,SF,7.6,7.3000002,6,2.285714387893677,2.599999904632568,Denmark,-0.5428571224212646,-0.48000001907348644
1999,2,CD,4.3,4.5,3,5.571428775787354,6.199999809265137,Denmark,0.11428575515747089,0.23999996185302735
1999,2,KF,8.9,8.8999996,2,7.142857074737549,6.0,Denmark,0.4285714149475098,0.2
1999,2,SD,35.9,35.200001,5,3.857142925262451,5.0,Denmark,-0.22857141494750977,0.0
1999,2,KRF,2.4,2.2,10,5.428571224212646,5.400000095367432,Denmark,0.08571424484252912,0.08000001907348633
1999,2,EL,2.70000004768372,2.8,6,1.0,2.333333253860474,Denmark,-0.8,-0.5333333492279052
1999,2,RV,3.9,3.9000001,3,5.0,3.400000095367432,Denmark,0.0,-0.3199999809265136
1999,2,DF,7.4,7.3000002,1,8.857142448425293,8.0,Denmark,0.7714284896850586,0.6
1999,2,FP,2.4,2.2,1,9.285714149475098,7.599999904632568,Denmark,0.8571428298950196,0.5199999809265137
2002,2,DF,12.4,12.3,1,8.85,8.92,Denmark,0.7699999999999999,0.784
2002,2,SF,6.4,6.6999998,6,2.31,2.15,Denmark,-0.538,-0.5700000000000001
2002,2,V,31.3,31.200001,3,7.38,4.85,Denmark,0.476,-0.030000000000000072
2002,2,SD,29.1,29.1,5,4.0,4.38,Denmark,-0.2,-0.12400000000000003
2002,2,KF,9.1,8.8999996,2,7.0,7.23,Denmark,0.4,0.44600000000000006
2002,2,RV,5.2,5.0,3,5.08,2.54,Denmark,0.016000000000000014,-0.492
2006,2,RV,9.2,9.5,3,4.78,2.0,Denmark,-0.04399999999999995,-0.6
2006,2,DF,13.2,13.4,1,7.67,7.63,Denmark,0.534,0.526
2006,2,SF,6.0,6.0999999,6,2.33,2.13,Denmark,-0.534,-0.5740000000000001
2006,2,EL,3.4,3.4000001,6,1.0,1.63,Denmark,-0.8,-0.674
2006,2,KF,10.3,10.1,2,7.11,6.75,Denmark,0.42200000000000004,0.35
2006,2,V,29.0,29.1,3,7.22,4.88,Denmark,0.44399999999999995,-0.02400000000000002
2006,2,SD,25.8,26.299999,5,4.11,4.13,Denmark,-0.17799999999999994,-0.17400000000000002
2010,2,LA,2.8,2.8,3,8.199999809265137,3.111111164093018,Denmark,0.6399999618530273,-0.3777777671813964
2010,2,V,26.2,25.700001,3,7.0,5.900000095367432,Denmark,0.4,0.18000001907348634
2010,2,SD,25.5,25.1,5,4.181818008422852,5.0,Denmark,-0.1636363983154297,0.0
2010,2,SF,13.0,12.8,6,2.818181753158569,2.400000095367432,Denmark,-0.4363636493682862,-0.5199999809265136
2010,2,RV,5.1,5.0,3,5.181818008422852,1.5,Denmark,0.03636360168457031,-0.7
2010,2,DF,13.9,14.0,1,7.818181991577148,9.399999618530272,Denmark,0.5636363983154297,0.8799999237060543
2010,2,EL,2.2,2.2,6,1.0,1.700000047683716,Denmark,-0.8,-0.6599999904632569
2010,2,KF,10.4,10.1,2,7.545454978942871,6.699999809265137,Denmark,0.5090909957885742,0.33999996185302733
2014,2,LA,4.9,5.0,3,7.900000095367432,2.555555582046509,Denmark,0.5800000190734863,-0.48888888359069826
2014,2,SD,24.5,24.6,5,4.400000095367432,5.199999809265137,Denmark,-0.11999998092651368,0.039999961853027344
2014,2,V,26.4,26.299999,3,7.0,5.699999809265137,Denmark,0.4,0.13999996185302735
2014,2,SF,9.1,8.8999996,6,2.900000095367432,3.099999904632568,Denmark,-0.4199999809265136,-0.3800000190734864
2014,2,DF,12.2,12.3,1,6.900000095367432,8.399999618530273,Denmark,0.38000001907348635,0.6799999237060547
2014,2,RV,9.4,9.5,3,5.699999809265137,1.899999976158142,Denmark,0.13999996185302735,-0.6200000047683716
2014,2,KF,4.9,4.5,2,7.0,7.199999809265137,Denmark,0.4,0.43999996185302737
2014,2,EL,6.6,6.6999998,6,1.200000047683716,2.099999904632568,Denmark,-0.7599999904632568,-0.5800000190734864
2019,2,SD,25.9,27.4,5,4.0,5.0,Denmark,-0.2,0.0
2019,2,KF,6.6,6.9000001,2,7.071428775787354,6.071428775787354,Denmark,0.4142857551574709,0.2142857551574709
2019,2,RV,8.6,9.1000004,3,5.071428775787354,1.357142806053162,Denmark,0.01428575515747088,-0.7285714387893676
2019,2,SF,7.7,8.0,7,2.642857074737549,2.571428537368774,Denmark,-0.47142858505249025,-0.4857142925262452
2019,2,v,23.4,24.6,3,6.642857074737549,5.357142925262451,Denmark,0.32857141494750974,0.07142858505249024
2019,2,EL,6.9,7.4000001,6,1.0,1.071428537368774,Denmark,-0.8,-0.7857142925262453
2019,2,DF,8.7,9.1000004,1,6.928571224212646,8.0,Denmark,0.38571424484252914,0.6
2019,2,LA,2.3,2.3,3,8.0,3.857142925262451,Denmark,0.6,-0.22857141494750977
2019,2,NB,2.4,2.3,1,9.0,8.307692527770996,Denmark,0.8,0.6615385055541992
2019,2,A,3.0,2.9000001,7,2.5,0.9285714030265808,Denmark,-0.5,-0.8142857193946839
2024,2,SF,8.29,8.6000004,7,2.727272748947144,3.0,Denmark,-0.4545454502105712,-0.4
2024,2,NB,3.66,3.4000001,1,8.818181991577148,7.181818008422852,Denmark,0.7636363983154297,0.43636360168457033
2024,2,RV,3.79,4.0,3,4.909090995788574,1.727272748947144,Denmark,-0.018181800842285156,-0.6545454502105712
2024,2,M,9.27,9.1000004,3,5.545454502105713,3.818181753158569,Denmark,0.10909090042114258,-0.23636364936828622
2024,2,DD,8.08,8.0,1,7.545454502105713,6.545454502105713,Denmark,0.5090909004211426,0.30909090042114257
2024,2,S,27.54,28.6,5,4.0,4.0,Denmark,-0.2,-0.2
2024,2,ALT,3.33,3.4000001,7,2.0,1.727272748947144,Denmark,-0.6,-0.6545454502105712
2024,2,LA,7.87,8.0,3,7.818181991577148,4.545454502105713,Denmark,0.5636363983154297,-0.09090909957885743
2024,2,V,13.31,13.1,3,6.636363506317139,4.636363506317139,Denmark,0.3272727012634277,-0.07272729873657227
2024,2,DF,2.63,2.9000001,1,8.0,7.636363506317139,Denmark,0.6,0.5272727012634277
2024,2,DKF,5.51,5.6999998,2,7.0,5.909090995788574,Denmark,0.4,0.18181819915771485
2024,2,EL,5.16,5.0999999,6,1.272727251052856,1.909090876579285,Denmark,-0.7454545497894288,-0.6181818246841431
1999,3,CDU,28.4,29.6,4,5.866666793823242,6.333333492279053,Germany,0.17333335876464845,0.26666669845581054
1999,3,FDP,6.2,6.4000001,3,6.066666603088379,3.0,Germany,0.2133333206176758,-0.4
1999,3,DVU,1.20000004768372,0.0,1,9.769230842590332,9.75,Germany,0.9538461685180664,0.95
1999,3,CSU,6.7,7.0,4,7.199999809265137,7.800000190734863,Germany,0.43999996185302737,0.5600000381469726
1999,3,PDS,5.1,5.4000001,6,1.266666650772095,3.333333253860474,Germany,-0.746666669845581,-0.3333333492279052
1999,3,SPD,40.9,44.5,5,4.0,3.599999904632568,Germany,-0.2,-0.28000001907348643
1999,3,Grunen,6.7,7.0,7,3.0,1.200000047683716,Germany,-0.4,-0.7599999904632568
1999,3,REP,1.79999995231628,0.0,1,9.214285850524902,9.416666984558104,Germany,0.8428571701049805,0.8833333969116207
2002,3,CSU,9.0,9.6000004,4,7.36,7.64,Germany,0.4720000000000001,0.5279999999999999
2002,3,SPD,38.5,41.599998,5,4.0,4.57,Germany,-0.2,-0.08599999999999994
2002,3,CDU,29.5,31.5,4,5.93,6.64,Germany,0.18599999999999994,0.32799999999999996
2002,3,FDP,7.4,7.8000002,3,6.07,3.57,Germany,0.21400000000000005,-0.28600000000000003
2002,3,Grunen,8.6,9.1000004,7,3.36,1.93,Germany,-0.328,-0.6140000000000001
2002,3,PDS,4.0,0.30000001,6,1.64,4.27,Germany,-0.672,-0.14600000000000007
2006,3,CDU,27.8,29.299999,4,6.36,6.91,Germany,0.2720000000000001,0.382
2006,3,Linkspartei/PDS,8.7,8.8000002,6,1.27,3.18,Germany,-0.746,-0.364
2006,3,Grunen,8.1,8.3000002,7,3.09,1.45,Germany,-0.382,-0.71
2006,3,FDP,9.8,9.8999996,3,6.64,3.45,Germany,0.32799999999999996,-0.30999999999999994
2006,3,CSU,7.4,7.5,4,7.64,8.18,Germany,0.5279999999999999,0.6359999999999999
2006,3,SPD,34.2,36.200001,5,3.55,4.45,Germany,-0.29000000000000004,-0.10999999999999996
2010,3,Grunen,10.7,10.9,7,3.625,1.875,Germany,-0.275,-0.625
2010,3,CSU,6.5,7.1999998,4,7.066666603088379,7.125,Germany,0.4133333206176758,0.425
2010,3,SPD,23.0,23.5,5,3.625,4.5,Germany,-0.275,-0.1
2010,3,FDP,14.6,15.0,3,6.599999904632568,3.533333301544189,Germany,0.31999998092651366,-0.2933333396911622
2010,3,CDU,27.3,31.200001,4,6.125,6.25,Germany,0.225,0.25
2010,3,LINKE,11.9,12.2,6,1.3125,4.615384578704834,Germany,-0.7375,-0.0769230842590332
2014,3,DieTier,0.3,0.0,7,4.666666507720947,4.0,Germany,-0.06666669845581055,-0.2
2014,3,NPD,1.3,0.0,1,10.0,9.818181991577148,Germany,1.0,0.9636363983154297
2014,3,SPD,25.7,30.6,5,3.769230842590332,4.153846263885498,Germany,-0.2461538314819336,-0.16923074722290038
2014,3,Piraten,2.2,0.0,9,3.25,1.909090876579285,Germany,-0.35,-0.6181818246841431
2014,3,LINKE,8.6,10.1,6,1.230769276618958,4.92307710647583,Germany,-0.7538461446762084,-0.015384578704833984
2014,3,CDU,34.1,40.400002,4,5.92307710647583,6.0,Germany,0.184615421295166,0.2
2014,3,AfD,4.7,0.0,9,8.923076629638672,8.692307472229004,Germany,0.7846153259277344,0.7384614944458008
2014,3,FDP,4.8,0.0,3,6.538461685180664,3.384615421295166,Germany,0.3076923370361328,-0.3230769157409668
2014,3,CSU,7.4,8.8999996,4,7.230769157409668,7.92307710647583,Germany,0.4461538314819336,0.584615421295166
2014,3,Grunen,8.4,10.0,7,3.615384578704834,2.153846263885498,Germany,-0.2769230842590332,-0.5692307472229003
2019,3,CSU,6.2,6.5,4,7.190476417541504,7.285714149475098,Germany,0.4380952835083008,0.45714282989501953
2019,3,AfD,12.6,13.3,1,9.2380952835083,9.523809432983398,Germany,0.8476190567016602,0.9047618865966797
2019,3,FDP,10.7,11.3,3,6.428571224212646,3.428571462631226,Germany,0.2857142448425291,-0.3142857074737548
2019,3,CDU,26.8,28.200001,4,5.857142925262451,5.857142925262451,Germany,0.17142858505249023,0.17142858505249023
2019,3,LINKE,9.2,9.6999998,6,1.428571462631226,2.809523820877075,Germany,-0.7142857074737547,-0.438095235824585
2019,3,Grunen,8.9,9.3999996,7,3.238095283508301,1.095238089561462,Germany,-0.35238094329833985,-0.7809523820877076
2019,3,SPD,20.5,21.6,5,3.61904764175415,3.38095235824585,Germany,-0.27619047164917,-0.32380952835083
2024,3,Grunen,14.8,16.1,7,3.055555582046509,1.611111164093018,Germany,-0.38888888359069823,-0.6777777671813964
2024,3,FW,0.0,0.0,9,6.75,6.699999809265137,Germany,0.35,0.33999996185302733
2024,3,FDP,11.5,12.5,3,6.05555534362793,3.222222328186035,Germany,0.21111106872558594,-0.35555553436279297
2024,3,BSW,0.0,0.0,6,3.625,7.0625,Germany,-0.275,0.4125
2024,3,SPD,25.7,28.0,5,3.473684310913086,3.611111164093018,Germany,-0.3052631378173828,-0.2777777671813964
2024,3,CSU,6.2,6.0999999,4,7.571428775787354,7.538461685180664,Germany,0.5142857551574709,0.5076923370361328
2024,3,LINKE,4.9,5.3000002,6,1.421052575111389,2.29411768913269,Germany,-0.7157894849777222,-0.541176462173462
2024,3,CDU,18.9,20.700001,4,6.5789475440979,6.55555534362793,Germany,0.31578950881958007,0.3111110687255859
2024,3,AfD,10.3,11.3,1,9.263157844543455,9.38888931274414,Germany,0.8526315689086911,0.8777778625488282
1999,4,KKE,5.6,3.7,6,1.142857193946838,3.428571462631226,Greece,-0.7714285612106324,-0.3142857074737548
1999,4,PASOK,41.5,54.0,5,5.0,3.714285612106323,Greece,0.0,-0.25714287757873544
1999,4,POLA,2.9,0.0,2,7.571428775787354,7.0,Greece,0.5142857551574709,0.4
1999,4,SYN,5.1,3.3,6,3.428571462631226,2.428571462631226,Greece,-0.3142857074737548,-0.5142857074737548
1999,4,DIKKI,4.4,3.0,6,3.0,4.428571224212646,Greece,-0.4,-0.11428575515747089
1999,4,ND,38.1,36.0,2,6.571428775787354,7.142857074737549,Greece,0.31428575515747087,0.4285714149475098
2002,4,ND,42.7,41.700001,2,6.27,6.45,Greece,0.2539999999999999,0.29000000000000004
2002,4,KKE,5.5,3.7,6,0.82,6.05,Greece,-0.836,0.20999999999999996
2002,4,SYN,3.2,2.0,6,2.86,2.09,Greece,-0.42800000000000005,-0.5820000000000001
2002,4,PASOK,43.8,52.700001,5,3.91,3.86,Greece,-0.21799999999999997,-0.22800000000000004
2006,4,SYRIZA,3.3,2.0,6,1.89,1.57,Greece,-0.6220000000000001,-0.6859999999999999
2006,4,PASOK,40.6,39.0,5,4.11,3.25,Greece,-0.17799999999999994,-0.35
2006,4,KKE,5.9,4.0,6,0.22,6.14,Greece,-0.9560000000000001,0.22799999999999992
2006,4,LAOS,2.2,0.0,1,9.11,9.63,Greece,0.8219999999999998,0.9260000000000002
2006,4,ND,45.4,55.0,2,6.44,6.25,Greece,0.2880000000000001,0.25
2006,4,DIKKI,1.8,0.0,6,1.6,6.67,Greece,-0.6799999999999999,0.33399999999999996
2010,4,KKE,7.54,7.0,6,0.3636363744735718,6.090909004211426,Greece,-0.9272727251052857,0.21818180084228517
2010,4,ND,33.48,30.299999,2,6.818181991577148,7.300000190734863,Greece,0.3636363983154297,0.46000003814697266
2010,4,LAOS,5.63,5.0,1,8.818181991577148,9.545454978942873,Greece,0.7636363983154297,0.9090909957885746
2010,4,SYRIZA,4.6,4.3000002,6,1.545454502105713,1.909090995788574,Greece,-0.6909090995788574,-0.6181818008422851
2010,4,OP,2.53,0.0,7,2.25,0.625,Greece,-0.55,-0.875
2010,4,PASOK,43.92,53.299999,5,4.363636493682861,2.818181753158569,Greece,-0.12727270126342774,-0.4363636493682862
2014,4,ANEL,7.5,6.6999998,1,8.777777671813965,8.55555534362793,Greece,0.755555534362793,0.7111110687255859
2014,4,SYRIZA,26.9,23.700001,6,2.0,2.111111164093018,Greece,-0.6,-0.5777777671813964
2014,4,ND,29.7,43.0,2,7.222222328186035,7.0,Greece,0.444444465637207,0.4
2014,4,XA,6.9,6.0,1,9.88888931274414,10.0,Greece,0.9777778625488281,1.0
2014,4,DIMAR,6.3,5.6999998,5,3.222222328186035,2.555555582046509,Greece,-0.35555553436279297,-0.48888888359069826
2014,4,KKE,4.5,4.0,6,0.6666666865348816,5.777777671813965,Greece,-0.8666666626930237,0.15555553436279296
2014,4,LAOS,1.6,0.0,1,8.666666984558105,8.333333015441895,Greece,0.7333333969116211,0.6666666030883789
2014,4,PASOK,12.3,11.0,5,4.777777671813965,4.0,Greece,-0.04444446563720703,-0.2
2019,4,EL,3.7,3.3,1,9.0,9.375,Greece,0.8,0.875
2019,4,MR25,3.44,3.0,6,1.428571462631226,0.6666666865348816,Greece,-0.7142857074737547,-0.8666666626930237
2019,4,KKE,5.3,5.0,6,0.2222222238779068,6.625,Greece,-0.9555555552244186,0.325
2019,4,SYRIZA,31.53,28.799999,6,2.333333253860474,2.444444417953491,Greece,-0.5333333492279052,-0.5111111164093017
2019,4,ND,39.85,52.799999,2,7.111111164093018,7.44444465637207,Greece,0.4222222328186035,0.4888889312744141
2019,4,PASOK,7.0,6.4000001,5,4.333333492279053,3.888888835906982,Greece,-0.13333330154418946,-0.2222222328186036
2019,4,XA,2.93,0.0,1,10.0,10.0,Greece,1.0,1.0
2019,4,KIDISO,0.74,0.69999999,5,4.199999809265137,3.200000047683716,Greece,-0.16000003814697267,-0.3599999904632568
2024,4,FL,0.0,0.0,1,9.44444465637207,9.399999618530272,Greece,0.888888931274414,0.8799999237060543
2024,4,Niki,0.0,0.0,10,9.199999809265137,9.5,Greece,0.8399999618530274,0.9
2024,4,Spartans,0.0,0.0,1,10.0,9.800000190734863,Greece,1.0,0.9600000381469727
2024,4,PE,0.0,0.0,6,3.0,3.444444417953491,Greece,-0.4,-0.3111111164093018
2024,4,EL,4.45,5.3000002,1,8.899999618530273,9.199999809265137,Greece,0.7799999237060546,0.8399999618530274
2024,4,ND,40.79,48.700001,2,6.900000095367432,5.400000095367432,Greece,0.38000001907348635,0.08000001907348633
2024,4,PASOK,11.46,13.7,5,4.199999809265137,3.799999952316284,Greece,-0.16000003814697267,-0.24000000953674316
2024,4,SYRIZA,20.07,23.700001,6,3.0,1.5,Greece,-0.4,-0.7
2024,4,KKE,7.23,8.6999998,6,0.5,7.222222328186035,Greece,-0.9,0.444444465637207
1999,5,CiU,4.6,4.5999999,8,6.125,5.875,Spain,0.225,0.175
1999,5,CC,0.9,1.1,8,5.666666507720947,5.708333492279053,Spain,0.13333330154418946,0.14166669845581054
1999,5,ERC,0.7,0.30000001,8,3.041666746139526,3.375,Spain,-0.39166665077209484,-0.325
1999,5,UV,0.4,0.30000001,8,6.041666507720947,5.875,Spain,0.20833330154418944,0.175
1999,5,IU,10.5,6.0,6,2.125,2.541666746139526,Spain,-0.575,-0.4916666507720948
1999,5,EA,0.5,0.30000001,8,4.208333492279053,4.375,Spain,-0.15833330154418945,-0.125
1999,5,PNV,1.3,1.4,8,5.75,6.25,Spain,0.15,0.25
1999,5,EH,0.7,0.60000002,8,1.272727251052856,4.388888835906982,Spain,-0.7454545497894288,-0.12222223281860352
1999,5,PAR,0.200000002980232,0.0,8,6.181818008422852,5.958333492279053,Spain,0.23636360168457032,0.19166669845581055
1999,5,PP,38.8,44.599998,2,6.625,6.666666507720947,Spain,0.325,0.33333330154418944
1999,5,BNG,0.9,0.60000002,8,3.125,3.083333253860474,Spain,-0.375,-0.3833333492279052
1999,5,PSOE,37.6,40.299999,5,4.125,3.916666746139526,Spain,-0.175,-0.21666665077209482
1999,5,VERDE,0.25,0.0,7,2.888888835906982,1.888888835906982,Spain,-0.4222222328186036,-0.6222222328186036
2002,5,CC,1.1,1.1,8,5.91,5.7,Spain,0.18200000000000002,0.14000000000000004
2002,5,CiU,4.2,4.3000002,8,6.15,6.23,Spain,0.23000000000000007,0.24600000000000008
2002,5,PA,0.9,0.30000001,8,5.2,4.43,Spain,0.040000000000000036,-0.11400000000000006
2002,5,EA,0.4,0.30000001,8,4.36,4.89,Spain,-0.12799999999999995,-0.022000000000000065
2002,5,PNV,1.5,2.0,8,5.85,6.58,Spain,0.16999999999999993,0.316
2002,5,PSOE,34.1,35.700001,5,4.0,3.69,Spain,-0.2,-0.262
2002,5,IU,5.5,2.3,6,2.46,2.54,Spain,-0.508,-0.492
2002,5,BNG,1.3,0.89999998,8,3.25,3.73,Spain,-0.35,-0.254
2002,5,PP,44.6,52.299999,2,6.92,7.62,Spain,0.384,0.524
2006,5,CC,0.9,0.89999998,8,6.36,5.9,Spain,0.2720000000000001,0.18000000000000008
2006,5,EA,0.3,0.30000001,8,4.6,4.4,Spain,-0.08000000000000007,-0.11999999999999993
2006,5,ERC,2.5,2.3,8,2.18,2.09,Spain,-0.564,-0.5820000000000001
2006,5,CiU,3.2,2.9000001,8,6.25,6.54,Spain,0.25,0.308
2006,5,CHA,0.4,0.30000001,8,2.75,1.88,Spain,-0.45,-0.624
2006,5,BNG,0.8,0.60000002,8,2.36,2.0,Spain,-0.528,-0.6
2006,5,PP,37.6,42.299999,2,8.0,8.46,Spain,0.6,0.6920000000000002
2006,5,PNV,1.6,2.0,8,6.17,6.42,Spain,0.23399999999999999,0.284
2006,5,PSOE,42.6,46.900002,5,3.58,2.15,Spain,-0.284,-0.5700000000000001
2006,5,IU,5.0,1.4,6,1.92,1.0,Spain,-0.616,-0.8
2010,5,CiU,3.1,3.0999999,8,6.0,6.333333492279053,Spain,0.2,0.26666669845581054
2010,5,PP,40.1,43.700001,2,7.333333015441895,8.166666984558105,Spain,0.4666666030883791,0.633333396911621
2010,5,ERC,1.2,0.89999998,8,3.0,2.0,Spain,-0.4,-0.6
2010,5,UPyD,1.2,0.30000001,9,5.545454502105713,3.545454502105713,Spain,0.10909090042114258,-0.2909090995788574
2010,5,CHA,0.15,0.0,8,2.900000095367432,2.0,Spain,-0.4199999809265136,-0.6
2010,5,PSOE,43.7,48.299999,5,3.666666507720947,2.333333253860474,Spain,-0.26666669845581065,-0.5333333492279052
2010,5,EA,0.2,0.0,8,4.0,4.099999904632568,Spain,-0.2,-0.18000001907348634
2010,5,PNV,1.2,1.7,8,6.083333492279053,6.25,Spain,0.21666669845581055,0.25
2010,5,IU,3.8,0.60000002,6,1.833333253860474,1.166666746139526,Spain,-0.6333333492279052,-0.7666666507720948
2010,5,BNG,0.8,0.60000002,8,2.363636255264282,1.727272748947144,Spain,-0.5272727489471436,-0.6545454502105712
2010,5,CC,0.6,0.60000002,8,6.181818008422852,6.0,Spain,0.23636360168457032,0.2
2014,5,BNG,0.8,0.60000002,8,2.444444417953491,1.777777791023254,Spain,-0.5111111164093017,-0.6444444417953492
2014,5,PP,41.9,53.099998,2,7.300000190734863,8.0,Spain,0.46000003814697266,0.6
2014,5,EA,0.2,0.30000001,8,4.333333492279053,4.5,Spain,-0.13333330154418946,-0.1
2014,5,CC,0.6,0.60000002,8,6.0,5.25,Spain,0.2,0.05
2014,5,IU,5.0,2.3,6,2.0,1.399999976158142,Spain,-0.6,-0.7200000047683716
2014,5,Amaiur,1.2,1.7,8,1.888888835906982,2.142857074737549,Spain,-0.6222222328186036,-0.5714285850524903
2014,5,ICV,1.3,0.60000002,7,2.111111164093018,0.8888888955116272,Spain,-0.5777777671813964,-0.8222222208976746
2014,5,PSOE,28.8,31.4,5,3.799999952316284,2.200000047683716,Spain,-0.24000000953674316,-0.5599999904632569
2014,5,CiU,4.2,4.5999999,8,6.199999809265137,6.199999809265137,Spain,0.23999996185302735,0.23999996185302735
2014,5,EAJ/PNV,1.4,1.4,8,6.300000190734863,6.400000095367432,Spain,0.26000003814697265,0.2800000190734863
2014,5,UPyD,4.8,1.4,3,5.666666507720947,3.111111164093018,Spain,0.13333330154418946,-0.3777777671813964
2014,5,ERC,1.1,0.89999998,8,3.666666746139526,2.111111164093018,Spain,-0.26666665077209484,-0.5777777671813964
2019,5,Vox,15.08,15.2,1,9.714285850524902,9.666666984558104,Spain,0.9428571701049805,0.9333333969116208
2019,5,ERC,3.61,3.8,8,3.200000047683716,2.866666555404663,Spain,-0.3599999904632568,-0.4266666889190674
2019,5,Pais,2.4,0.89999998,7,2.733333349227905,1.666666626930237,Spain,-0.453333330154419,-0.6666666746139527
2019,5,Podemos,8.81,7.5999999,6,1.933333277702332,1.333333373069763,Spain,-0.6133333444595336,-0.7333333253860473
2019,5,PdeCat,2.19,2.3,8,6.666666507720947,5.866666793823242,Spain,0.33333330154418944,0.17333335876464845
2019,5,EHB,1.14,1.5,8,1.285714268684387,1.75,Spain,-0.7428571462631226,-0.65
2019,5,Cs,6.8,2.9000001,3,7.199999809265137,5.466666698455811,Spain,0.43999996185302737,0.09333333969116228
2019,5,PP,20.81,26.1,2,8.066666603088379,8.0,Spain,0.6133333206176758,0.6
2019,5,PSOE,28.0,35.200001,5,3.599999904632568,2.933333396911621,Spain,-0.28000001907348643,-0.4133333206176758
2019,5,IU,2.2,1.8,6,1.866666674613953,2.200000047683716,Spain,-0.6266666650772094,-0.5599999904632569
2019,5,PNV,1.56,1.8,8,6.0,5.666666507720947,Spain,0.2,0.13333330154418946
2019,5,BNG,0.5,0.30000001,8,3.142857074737549,3.083333253860474,Spain,-0.3714285850524902,-0.3833333492279052
2019,5,CC,0.51,0.60000002,8,6.714285850524902,6.307692527770996,Spain,0.34285717010498046,0.2615385055541992
2024,5,EHB,1.36,1.7,8,2.375,2.200000047683716,Spain,-0.525,-0.5599999904632569
2024,5,IU,1.98,1.4,6,1.733333349227905,2.266666650772095,Spain,-0.653333330154419,-0.546666669845581
2024,5,UPN,0.21,0.30000001,8,7.625,7.230769157409668,Spain,0.525,0.4461538314819336
2024,5,Podemos,1.59,1.1,6,1.5625,1.4375,Spain,-0.6875,-0.7125
2024,5,PSOE,31.68,34.599998,5,3.8125,2.9375,Spain,-0.2375,-0.4125
2024,5,Junts,1.6,2.0,8,6.599999904632568,5.928571224212646,Spain,0.31999998092651366,0.18571424484252913
2024,5,ERC,1.89,2.0,8,3.400000095367432,2.571428537368774,Spain,-0.3199999809265136,-0.4857142925262452
2024,5,CC,0.47,0.30000001,8,6.0,6.166666507720947,Spain,0.2,0.23333330154418946
2024,5,Sumar,8.76,6.3000002,6,2.3125,1.200000047683716,Spain,-0.5375,-0.7599999904632568
2024,5,EAJ/PNV,1.12,1.4,8,6.125,6.199999809265137,Spain,0.225,0.23999996185302735
2024,5,Salf,0.0,0.0,1,8.933333396911621,8.428571701049805,Spain,0.7866666793823243,0.6857143402099609
2024,5,BNG,0.62,0.30000001,8,2.6875,2.533333301544189,Spain,-0.4625,-0.4933333396911622
2024,5,Vox,12.38,9.3999996,1,9.375,9.5,Spain,0.875,0.9
2024,5,PP,33.06,39.099998,2,7.1875,7.0,Spain,0.4375,0.4
1999,6,PRG,1.5,2.0999999,6,4.428571224212646,4.714285850524902,France,-0.11428575515747089,-0.05714282989501953
1999,6,VERTS,3.6,1.4,7,3.142857074737549,2.0,France,-0.3714285850524902,-0.6
1999,6,FN,14.9,0.2,1,10.0,10.0,France,1.0,1.0
1999,6,RPF,2.4,0.30000001,1,7.714285850524902,8.071428298950195,France,0.5428571701049805,0.614285659790039
1999,6,RPR,16.8,24.1,2,7.214285850524902,7.285714149475098,France,0.4428571701049805,0.45714282989501953
1999,6,UDF,14.7,18.9,3,6.428571224212646,6.0,France,0.2857142448425291,0.2
1999,6,PS,25.5,42.599998,5,3.428571462631226,3.666666746139526,France,-0.3142857074737548,-0.26666665077209484
1999,6,PCF,9.9,6.4000001,6,1.571428537368774,6.142857074737549,France,-0.6857142925262452,0.22857141494750977
2002,6,DL,0.4,,2,7.07,5.92,France,0.41400000000000003,0.184
2002,6,RPR,33.4,63.299999,2,7.0,7.25,France,0.4,0.45
2002,6,PCF,4.9,3.5999999,6,1.62,4.5,France,-0.6759999999999999,-0.1
2002,6,PRG,1.5,,6,3.62,4.0,France,-0.27599999999999997,-0.2
2002,6,FN,11.1,0.0,1,9.92,9.8,France,0.984,0.9600000000000002
2002,6,VERTS,4.4,0.5,7,2.75,1.5,France,-0.45,-0.7
2002,6,PS,25.3,24.4,5,3.85,3.17,France,-0.22999999999999998,-0.366
2002,6,UDF,4.8,5.0,3,5.85,5.58,France,0.16999999999999993,0.11600000000000002
2006,6,UMP,33.4,63.299999,2,7.44,7.13,France,0.4880000000000001,0.426
2006,6,PRG,1.5,0.0,6,4.11,4.0,France,-0.17799999999999994,-0.2
2006,6,PS,25.3,24.4,5,2.89,2.75,France,-0.422,-0.45
2006,6,FN,11.1,0.0,1,10.0,9.25,France,1.0,0.85
2006,6,UDF,4.8,5.0,3,5.33,4.63,France,0.06600000000000002,-0.07400000000000002
2006,6,MPF,1.2,0.2,1,8.63,8.86,France,0.7260000000000002,0.7719999999999999
2006,6,VERTS,4.4,0.5,7,2.56,1.63,France,-0.488,-0.674
2006,6,PCF,4.9,3.5999999,6,0.89,3.75,France,-0.8220000000000001,-0.25
2010,6,NC,1.6,3.8,3,5.833333492279053,4.666666507720947,France,0.16666669845581056,-0.06666669845581055
2010,6,VERTS,3.2,0.69999999,7,2.555555582046509,1.555555582046509,France,-0.48888888359069826,-0.6888888835906982
2010,6,MODEM,7.6,0.69999999,3,5.111111164093018,4.777777671813965,France,0.022222232818603516,-0.04444446563720703
2010,6,PCF,4.3,3.0999999,6,1.111111164093018,3.75,France,-0.7777777671813964,-0.25
2010,6,FN,4.7,0.0,1,9.88888931274414,9.55555534362793,France,0.9777778625488281,0.9111110687255859
2010,6,PRG,3.4,0.0,6,3.625,2.857142925262451,France,-0.275,-0.4285714149475098
2010,6,PS,26.1,35.5,5,2.777777671813965,2.333333253860474,France,-0.444444465637207,-0.5333333492279052
2010,6,MPF,1.2,,1,9.0,9.0,France,0.8,0.8
2010,6,UMP,40.3,54.099998,2,7.222222328186035,6.333333492279053,France,0.444444465637207,0.26666669845581054
2014,6,EELV,5.5,2.9000001,7,3.083333253860474,1.416666626930237,France,-0.3833333492279052,-0.7166666746139526
2014,6,PRG,1.7,2.0999999,6,3.818181753158569,3.416666746139526,France,-0.23636364936828622,-0.3166666507720948
2014,6,UMP,27.1,33.599998,2,7.666666507720947,7.166666507720947,France,0.5333333015441895,0.4333333015441895
2014,6,PRV,1.2,1.0,3,6.142857074737549,5.857142925262451,France,0.22857141494750977,0.17142858505249023
2014,6,PS,29.4,48.5,5,3.833333253860474,3.363636255264282,France,-0.2333333492279052,-0.32727274894714364
2014,6,NC,2.2,2.0999999,3,6.272727489471436,6.222222328186035,France,0.25454549789428726,0.24444446563720704
2014,6,PG,0.7,0.2,6,1.700000047683716,2.400000095367432,France,-0.6599999904632569,-0.5199999809265136
2014,6,AC,0.6,0.30000001,3,6.599999904632568,6.166666507720947,France,0.31999998092651366,0.23333330154418946
2014,6,MPF,0.23,0.0,1,9.100000381469728,8.909090995788574,France,0.8200000762939457,0.7818181991577149
2014,6,MODEM,1.8,0.30000001,3,5.909090995788574,5.363636493682861,France,0.18181819915771485,0.07272729873657227
2014,6,FN,13.6,0.30000001,1,9.636363983154297,8.916666984558105,France,0.9272727966308594,0.7833333969116211
2014,6,PCF,4.8,1.2,6,1.75,3.909090995788574,France,-0.65,-0.21818180084228517
2019,6,FI,11.03,3.2,6,1.25,3.125,France,-0.75,-0.375
2019,6,RN,13.2,1.5,1,9.75,8.125,France,0.95,0.625
2019,6,DLF,1.17,0.2,1,9.0,8.285714149475098,France,0.8,0.6571428298950195
2019,6,EELV,4.3,0.2,7,2.5,1.625,France,-0.5,-0.675
2019,6,PS,7.44,5.6999998,5,3.0,2.75,France,-0.4,-0.45
2019,6,MoDem,4.12,7.9000001,3,6.125,4.5,France,0.225,-0.1
2019,6,LREM,28.21,58.200001,3,6.333333492279053,3.166666746139526,France,0.26666669845581054,-0.3666666507720948
2019,6,LR,15.77,21.200001,2,7.875,6.875,France,0.575,0.375
2019,6,PCF,2.72,1.9,6,1.125,3.75,France,-0.775,-0.25
2024,6,RN,37.06,25.5,1,8.818181991577148,8.363636016845703,France,0.7636363983154297,0.6727272033691406
2024,6,PCF,1.22,1.6,6,1.727272748947144,3.545454502105713,France,-0.6545454502105712,-0.2909090995788574
2024,6,MoDem,5.096,5.9000001,3,5.363636493682861,4.5,France,0.07272729873657227,-0.1
2024,6,Horizons,4.018,4.6999998,3,6.599999904632568,5.300000190734863,France,0.31999998092651366,0.060000038146972655
2024,6,REC,0.75,0.0,1,9.727272987365724,9.100000381469728,France,0.9454545974731449,0.8200000762939457
2024,6,LR,9.01,11.8,2,7.727272510528564,7.181818008422852,France,0.5454545021057127,0.43636360168457033
2024,6,LE/EELV,4.8,6.0999999,7,2.299999952316284,1.700000047683716,France,-0.5400000095367432,-0.6599999904632569
2024,6,RE,15.41,17.6,3,6.272727489471436,4.090909004211426,France,0.25454549789428726,-0.18181819915771485
2024,6,FI,11.19,14.2,6,0.8181818127632141,1.818181872367859,France,-0.8363636374473572,-0.6363636255264282
2024,6,PS,9.9,12.6,5,3.454545497894287,2.727272748947144,France,-0.30909090042114257,-0.4545454502105712
1999,7,LP,10.4,10.2,5,4.0,3.166666746139526,Ireland,-0.2,-0.3666666507720948
1999,7,PD,4.7,2.4000001,3,8.0,3.166666746139526,Ireland,0.6,-0.3666666507720948
1999,7,SP,0.7,0.60000002,6,1.333333373069763,2.25,Ireland,-0.7333333253860473,-0.55
1999,7,GREENS,2.8,1.2,7,2.333333253860474,2.0,Ireland,-0.5333333492279052,-0.6
1999,7,FG,28.0,32.5,4,6.5,5.166666507720947,Ireland,0.3,0.03333330154418945
1999,7,SF,2.6,0.60000002,8,2.5,6.0,Ireland,-0.5,0.2
1999,7,FF,39.3,46.400002,2,6.5,7.0,Ireland,0.3,0.4
2002,7,FF,41.5,48.799999,2,5.63,7.13,Ireland,0.12599999999999997,0.426
2002,7,GP,3.8,3.5999999,7,2.13,2.38,Ireland,-0.5740000000000001,-0.524
2002,7,PD,4.0,4.8000002,3,7.75,4.38,Ireland,0.55,-0.12400000000000003
2002,7,FG,22.5,18.700001,4,5.88,6.25,Ireland,0.176,0.25
2002,7,SF,6.5,3.0,8,2.75,6.0,Ireland,-0.45,0.2
2002,7,Lab,10.8,12.7,5,3.25,3.75,Ireland,-0.35,-0.25
2006,7,GP,3.8,3.5999999,7,2.8,1.89,Ireland,-0.44000000000000006,-0.6220000000000001
2006,7,FF,41.5,48.799999,2,6.2,6.56,Ireland,0.24000000000000005,0.31199999999999994
2006,7,Lab,10.8,12.7,5,4.1,2.89,Ireland,-0.18000000000000008,-0.422
2006,7,SF,6.5,3.0,8,2.0,3.5,Ireland,-0.6,-0.3
2006,7,PD,4.0,4.8000002,3,8.1,4.11,Ireland,0.6199999999999999,-0.17799999999999994
2006,7,FG,22.5,18.700001,4,6.6,6.22,Ireland,0.31999999999999995,0.24399999999999994
2010,7,SP,0.64,0.0,6,1.25,2.0,Ireland,-0.75,-0.6
2010,7,FF,41.56,47.0,2,7.25,7.25,Ireland,0.45,0.45
2010,7,LAB,10.13,12.0,5,3.875,3.75,Ireland,-0.225,-0.25
2010,7,GP,4.69,3.5999999,7,3.5,2.0,Ireland,-0.3,-0.6
2010,7,SF,6.94,2.4000001,8,2.125,4.625,Ireland,-0.575,-0.075
2010,7,FG,27.32,30.700001,4,7.25,6.375,Ireland,0.45,0.275
2014,7,Lab,19.5,22.4,5,4.125,3.75,Ireland,-0.175,-0.25
2014,7,FF,17.5,11.5,2,5.875,7.25,Ireland,0.175,0.45
2014,7,SP,1.2,1.2,6,0.875,1.857142806053162,Ireland,-0.825,-0.6285714387893676
2014,7,GP,1.9,0.0,7,3.75,2.625,Ireland,-0.25,-0.475
2014,7,SF,9.9,8.5,8,2.125,5.125,Ireland,-0.575,0.025
2014,7,FG,36.1,46.099998,4,6.625,6.375,Ireland,0.325,0.275
2014,7,PBPA,1.0,1.2,6,0.7142857313156128,1.200000047683716,Ireland,-0.8571428537368775,-0.7599999904632568
2019,7,DS,3.01,2.2,5,3.0,2.833333253860474,Ireland,-0.4,-0.4333333492279052
2019,7,I4C,1.47,2.9000001,6,3.25,3.0,Ireland,-0.35,-0.4
2019,7,RI,2.18,0.0,4,8.0,7.800000190734863,Ireland,0.6,0.5600000381469726
2019,7,Lab,6.61,5.0,5,3.571428537368774,2.857142925262451,Ireland,-0.2857142925262452,-0.4285714149475098
2019,7,FG,25.52,36.0,4,5.857142925262451,4.285714149475098,Ireland,0.17142858505249023,-0.14285717010498047
2019,7,FF,24.35,31.700001,2,5.428571224212646,5.714285850524902,Ireland,0.08571424484252912,0.14285717010498047
2019,7,GP,2.72,1.4,7,3.142857074737549,2.142857074737549,Ireland,-0.3714285850524902,-0.5714285850524903
2019,7,SF,13.85,16.5,8,2.571428537368774,4.428571224212646,Ireland,-0.4857142925262452,-0.11428575515747089
2019,7,S-PBP,3.9,4.3000002,6,0.800000011920929,2.0,Ireland,-0.8399999976158142,-0.6
2024,7,Lab,4.7,7.1999998,5,3.461538553237915,2.384615421295166,Ireland,-0.307692289352417,-0.5230769157409668
2024,7,FG,20.8,24.799999,4,6.153846263885498,3.923076868057251,Ireland,0.23076925277709961,-0.2153846263885498
2024,7,SF,19.0,25.5,8,2.692307710647583,4.07692289352417,Ireland,-0.4615384578704834,-0.184615421295166
2024,7,Aon,3.9,1.3,2,6.5,8.230769157409668,Ireland,0.3,0.6461538314819336
2024,7,S-PBP,2.8,2.0,6,1.076923131942749,1.769230723381042,Ireland,-0.7846153736114502,-0.6461538553237915
2024,7,FF,21.9,31.4,2,5.307692527770996,5.230769157409668,Ireland,0.06153850555419922,0.046153831481933597
2024,7,SD,4.8,7.1999998,5,2.769230842590332,2.230769157409668,Ireland,-0.4461538314819336,-0.5538461685180665
2024,7,GP,3.0,0.69999999,7,3.461538553237915,2.0,Ireland,-0.307692289352417,-0.6
1999,8,SVP,1.70000004768372,0.5,8,5.800000190734863,6.800000190734863,Italy,0.16000003814697267,0.3600000381469727
1999,8,PDS,21.1000003814697,27.1,5,3.0,2.833333253860474,Italy,-0.4,-0.4333333492279052
1999,8,CDU,2.9,1.0,4,6.333333492279053,7.666666507720947,Italy,0.26666669845581054,0.5333333015441895
1999,8,LN,10.1000003814697,9.3999996,8,7.0,6.166666507720947,Italy,0.4,0.23333330154418946
1999,8,RI,4.3,1.3,9,4.833333492279053,5.199999809265137,Italy,-0.03333330154418945,0.039999961853027344
1999,8,CCD,2.9,1.0,4,6.0,7.5,Italy,0.2,0.5
1999,8,MS,0.9,0.0,1,9.666666984558104,9.600000381469728,Italy,0.9333333969116208,0.9200000762939456
1999,8,FI,20.6000003814697,19.5,2,6.833333492279053,6.833333492279053,Italy,0.36666669845581057,0.36666669845581057
1999,8,AN,15.7,14.8,1,8.166666984558105,8.666666984558105,Italy,0.633333396911621,0.7333333969116211
1999,8,UD,1.70000004768372,0.5,3,5.0,5.0,Italy,0.0,0.0
1999,8,PRI,1.70000004768372,0.5,3,5.0,5.166666507720947,Italy,0.0,0.03333330154418945
1999,8,FdV,2.5,2.5,7,3.833333253860474,1.333333373069763,Italy,-0.2333333492279052,-0.7333333253860473
1999,8,PPI,1.70000004768372,0.5,4,4.833333492279053,6.333333492279053,Italy,-0.03333330154418945,0.26666669845581054
1999,8,RC,8.6,5.5999999,6,0.6000000238418579,3.166666746139526,Italy,-0.8799999952316284,-0.3666666507720948
1999,8,PsDA,0.7,0.0,8,4.199999809265137,6.25,Italy,-0.16000003814697267,0.25
2002,8,RI,1.2,1.1,9,5.23,5.83,Italy,0.04600000000000008,0.166
2002,8,FI,29.4,29.200001,2,6.93,6.31,Italy,0.38599999999999995,0.2619999999999999
2002,8,UDEUR,1.2,1.1,3,5.57,6.64,Italy,0.11400000000000006,0.32799999999999996
2002,8,DEM,7.25,6.5999999,3,3.92,4.1,Italy,-0.21600000000000003,-0.18000000000000008
2002,8,CDU,1.6,3.3,4,6.0,7.85,Italy,0.2,0.57
2002,8,IdV,3.9,0.0,3,5.0,6.45,Italy,0.0,0.29000000000000004
2002,8,CCD,1.6,3.3,4,5.86,7.62,Italy,0.17200000000000007,0.524
2002,8,DS,16.6,22.700001,5,3.14,2.54,Italy,-0.372,-0.492
2002,8,AN,12.0,16.299999,1,7.79,8.71,Italy,0.558,0.7420000000000002
2002,8,RC,5.0,1.8,6,1.93,2.62,Italy,-0.6140000000000001,-0.476
2002,8,LN,3.9,4.9000001,8,7.71,8.23,Italy,0.542,0.6460000000000001
2002,8,PPI,4.6,4.1999998,4,4.42,5.38,Italy,-0.11600000000000002,0.07599999999999998
2006,8,NPSI,0.7,0.60000002,9,5.43,3.57,Italy,0.08599999999999994,-0.28600000000000003
2006,8,MRE,1.56,0.0,3,4.33,3.83,Italy,-0.13399999999999998,-0.23399999999999999
2006,8,UDC,6.8,6.1999998,4,5.86,7.63,Italy,0.17200000000000007,0.526
2006,8,RAD,1.05,1.1,3,3.83,0.13,Italy,-0.23399999999999999,-0.974
2006,8,RC,5.7,6.5,6,1.29,0.75,Italy,-0.742,-0.85
2006,8,UDEUR,1.4,1.6,3,5.0,7.75,Italy,0.0,0.55
2006,8,LN,4.5,4.0999999,8,8.71,8.75,Italy,0.7420000000000002,0.75
2006,8,PP,0.9,0.0,2,5.75,8.0,Italy,0.15,0.6
2006,8,DS,18.7,22.0,5,2.71,2.88,Italy,-0.458,-0.42400000000000004
2006,8,PdCI,2.3,2.5,6,0.86,0.88,Italy,-0.828,-0.8240000000000001
2006,8,IdV,2.3,2.7,3,4.83,5.43,Italy,-0.03399999999999999,0.08599999999999994
2006,8,DL,10.9,12.9,3,4.0,5.13,Italy,-0.2,0.025999999999999978
2006,8,SDI,1.46,1.7,5,3.86,1.38,Italy,-0.22800000000000004,-0.724
2006,8,AN,12.3,11.3,1,8.0,8.88,Italy,0.6,0.7760000000000001
2006,8,FI,23.6,22.200001,2,7.14,7.0,Italy,0.42799999999999994,0.4
2006,8,SVP,0.5,0.60000002,8,5.0,7.0,Italy,0.0,0.4
2006,8,VERDI,2.0,2.4000001,7,2.29,0.63,Italy,-0.542,-0.874
2010,8,SVP,0.4,0.30000001,8,5.75,6.833333492279053,Italy,0.15,0.36666669845581057
2010,8,PD,34.0,34.400002,5,3.222222328186035,3.111111164093018,Italy,-0.35555553436279297,-0.3777777671813964
2010,8,LN,8.3,9.5,8,8.55555534362793,8.44444465637207,Italy,0.7111110687255859,0.6888889312744141
2010,8,PDL,38.2,43.799999,2,7.55555534362793,8.44444465637207,Italy,0.511111068725586,0.6888889312744141
2010,8,SD,0.78,0.0,6,2.142857074737549,1.142857193946838,Italy,-0.5714285850524903,-0.7714285612106324
2010,8,MpA,1.1,1.3,8,6.285714149475098,6.833333492279053,Italy,0.2571428298950195,0.36666669845581057
2010,8,IdV,4.5,4.5999999,3,4.0,3.5,Italy,-0.2,-0.3
2010,8,UDC,5.8,5.6999998,4,5.333333492279053,7.44444465637207,Italy,0.06666669845581055,0.4888889312744141
2010,8,PdCI,0.78,0.0,6,0.7999999523162842,1.285714387893677,Italy,-0.8400000095367431,-0.7428571224212647
2010,8,VERDI,0.78,0.0,7,1.75,0.75,Italy,-0.65,-0.85
2010,8,PSI,1.1,0.0,5,4.142857074737549,1.5,Italy,-0.17142858505249023,-0.7
2010,8,RC,0.78,0.0,6,0.5555555820465088,0.7777777910232544,Italy,-0.8888888835906983,-0.8444444417953492
2014,8,SC,8.3,6.0,3,5.428571224212646,5.428571224212646,Italy,0.08571424484252912,0.08571424484252912
2014,8,SEL,3.2,6.0,5,1.285714268684387,0.2857142984867096,Italy,-0.7428571462631226,-0.9428571403026581
2014,8,PD,25.4,47.299999,5,3.571428537368774,2.428571462631226,Italy,-0.2857142925262452,-0.5142857074737548
2014,8,FdI,2.0,1.5,1,7.857142925262451,9.285714149475098,Italy,0.5714285850524903,0.8571428298950196
2014,8,LN,4.1,2.9000001,8,8.857142448425293,9.142857551574709,Italy,0.7714284896850586,0.8285715103149418
2014,8,UDC,1.8,1.3,4,5.285714149475098,7.857142925262451,Italy,0.05714282989501953,0.5714285850524903
2014,8,CD,0.5,1.0,11,5.0,6.285714149475098,Italy,0.0,0.2571428298950195
2014,8,VdA,0.01,1.0,8,4.833333492279053,6.0,Italy,-0.03333330154418945,0.2
2014,8,M5S,25.6,17.5,9,4.666666507720947,2.571428537368774,Italy,-0.06666669845581055,-0.4857142925262452
2014,8,RC,2.3,0.0,6,0.2857142984867096,1.0,Italy,-0.9428571403026581,-0.8
2014,8,SVP,0.4,0.80000001,8,5.0,7.25,Italy,0.0,0.45
2014,8,FI,21.6,15.7,2,6.714285850524902,7.285714149475098,Italy,0.34285717010498046,0.45714282989501953
2019,8,LN,17.39,20.1,1,8.789473533630371,9.210526466369627,Italy,0.7578947067260742,0.8421052932739255
2019,8,FdI,4.35,5.0,1,9.052631378173828,9.421052932739258,Italy,0.8105262756347656,0.8842105865478516
2019,8,SVP,0.41,0.60000002,8,5.166666507720947,6.666666507720947,Italy,0.03333330154418945,0.33333330154418944
2019,8,FI,14.0,17.200001,2,6.947368621826172,6.842105388641357,Italy,0.38947372436523436,0.3684210777282715
2019,8,PD,18.76,18.1,5,3.21052622795105,2.263157844543457,Italy,-0.35789475440979,-0.5473684310913086
2019,8,SI,3.39,2.3,5,1.444444417953491,0.6875,Italy,-0.7111111164093018,-0.8625
2019,8,M5S,33.33,36.700001,9,4.777777671813965,3.736842155456543,Italy,-0.04444446563720703,-0.25263156890869143
2024,8,+E,2.83,0.5,3,4.333333492279053,1.333333373069763,Italy,-0.13333330154418946,-0.7333333253860473
2024,8,FDI,25.98,30.6,1,8.466666221618652,9.133333206176758,Italy,0.6933332443237304,0.8266666412353516
2024,8,Lega,8.79,17.0,1,8.666666984558105,8.866666793823242,Italy,0.7333333969116211,0.7733333587646485
2024,8,FI,8.11,11.6,2,6.733333110809326,6.071428775787354,Italy,0.3466666221618652,0.2142857551574709
2024,8,EV,1.8,1.5,7,2.142857074737549,1.714285731315613,Italy,-0.5714285850524903,-0.6571428537368774
2024,8,MS5,15.43,13.4,9,3.333333253860474,3.266666650772095,Italy,-0.3333333492279052,-0.346666669845581
2024,8,A,7.78,5.4000001,3,4.428571224212646,3.461538553237915,Italy,-0.11428575515747089,-0.307692289352417
2024,8,PD,19.04,17.700001,5,2.933333396911621,2.333333253860474,Italy,-0.4133333206176758,-0.5333333492279052
2024,8,SVP,0.42,0.80000001,8,4.916666507720947,5.083333492279053,Italy,-0.016666698455810546,0.016666698455810546
2024,8,SI,1.8,1.5,5,1.230769276618958,1.692307710647583,Italy,-0.7538461446762084,-0.6615384578704834
1999,10,SGP,1.79999995231628,2.0,10,7.699999809265137,9.363636016845703,Netherlands,0.5399999618530273,0.8727272033691407
1999,10,SP,3.8,3.3,6,1.100000023841858,5.0,Netherlands,-0.7799999952316284,0.0
1999,10,GPV,1.2,1.3,10,6.699999809265137,8.636363983154297,Netherlands,0.33999996185302733,0.7272727966308594
1999,10,VVD,24.7,25.299999,3,6.900000095367432,4.909090995788574,Netherlands,0.38000001907348635,-0.018181800842285156
1999,10,PvdA,29.0,30.0,5,3.799999952316284,3.636363744735718,Netherlands,-0.24000000953674316,-0.27272725105285633
1999,10,CDA,18.3999996185303,19.299999,4,5.199999809265137,6.727272510528564,Netherlands,0.039999961853027344,0.3454545021057127
1999,10,RPF,2.0,2.0,10,6.800000190734863,8.545454978942871,Netherlands,0.3600000381469727,0.7090909957885743
1999,10,GL,7.3,7.3000002,7,2.599999904632568,1.909090876579285,Netherlands,-0.48000001907348644,-0.6181818246841431
1999,10,D66,9.0,9.3000002,3,4.400000095367432,2.272727251052856,Netherlands,-0.11999998092651368,-0.5454545497894288
2002,10,SP,5.9,6.0,6,1.63,3.33,Netherlands,-0.674,-0.33399999999999996
2002,10,CU,2.5,2.7,10,6.63,8.78,Netherlands,0.32599999999999996,0.7559999999999999
2002,10,LPF,17.0,17.299999,1,8.375,5.44,Netherlands,0.675,0.08800000000000008
2002,10,GL,7.0,6.6999998,7,2.5,1.44,Netherlands,-0.5,-0.712
2002,10,SGP,1.7,1.3,10,8.0,9.38,Netherlands,0.6,0.8760000000000001
2002,10,CDA,27.9,28.700001,4,6.13,6.89,Netherlands,0.22599999999999998,0.37799999999999995
2002,10,D66,5.1,4.6999998,3,4.63,1.44,Netherlands,-0.07400000000000002,-0.712
2002,10,VVD,15.4,16.0,3,7.38,5.56,Netherlands,0.476,0.11199999999999992
2002,10,PvdA,15.1,15.3,5,4.0,3.25,Netherlands,-0.2,-0.35
2006,10,D66,2.0,2.0,3,4.45,2.5,Netherlands,-0.10999999999999996,-0.5
2006,10,CDA,26.5,27.299999,4,6.09,6.7,Netherlands,0.21799999999999997,0.34
2006,10,CU,4.0,4.0,10,6.0,8.4,Netherlands,0.2,0.68
2006,10,SP,16.6,16.700001,6,1.64,5.22,Netherlands,-0.672,0.04399999999999995
2006,10,GL,4.6,4.6999998,7,2.18,2.4,Netherlands,-0.564,-0.52
2006,10,VVD,14.6,14.7,3,7.45,5.1,Netherlands,0.49000000000000005,0.019999999999999928
2006,10,PvdA,21.2,22.0,5,3.73,3.7,Netherlands,-0.254,-0.25999999999999995
2006,10,PVV,5.9,6.0,1,8.8,6.57,Netherlands,0.7600000000000001,0.31400000000000006
2010,10,SP,9.8,10.0,6,1.642857074737549,5.214285850524902,Netherlands,-0.6714285850524903,0.04285717010498047
2010,10,GL,6.7,6.6999998,7,2.571428537368774,1.928571462631226,Netherlands,-0.4857142925262452,-0.6142857074737548
2010,10,CU,3.2,3.3,10,5.357142925262451,7.428571701049805,Netherlands,0.07142858505249024,0.48571434020996096
2010,10,SGP,1.7,1.3,10,7.785714149475098,9.285714149475098,Netherlands,0.5571428298950195,0.8571428298950196
2010,10,VVD,20.5,20.700001,3,7.857142448425293,4.785714149475098,Netherlands,0.5714284896850585,-0.04285717010498047
2010,10,CDA,13.6,14.0,4,6.285714149475098,7.142857551574707,Netherlands,0.2571428298950195,0.4285715103149414
2010,10,PVV,15.5,16.0,1,8.615385055541992,7.15384578704834,Netherlands,0.7230770111083984,0.430769157409668
2010,10,D66,7.0,6.6999998,3,5.0,1.571428537368774,Netherlands,0.0,-0.6857142925262452
2010,10,PvdD,1.3,1.3,7,3.363636493682861,3.800000190734863,Netherlands,-0.32727270126342783,-0.23999996185302744
2010,10,PvdA,19.6,20.0,5,3.857142925262451,4.0,Netherlands,-0.22857141494750977,-0.2
2014,10,GL,2.3,2.7,7,2.333333253860474,1.0,Netherlands,-0.5333333492279052,-0.8
2014,10,SP,9.7,10.0,6,1.0,4.111111164093018,Netherlands,-0.8,-0.17777776718139648
2014,10,PvdD,1.9,1.3,7,2.888888835906982,2.333333253860474,Netherlands,-0.4222222328186036,-0.5333333492279052
2014,10,D66,8.0,8.0,3,5.55555534362793,1.0,Netherlands,0.11111106872558593,-0.8
2014,10,50PLUS,1.9,1.3,9,5.25,4.333333492279053,Netherlands,0.05,-0.13333330154418946
2014,10,PVV,10.1,10.0,1,9.25,7.777777671813965,Netherlands,0.85,0.5555555343627929
2014,10,CU,3.1,3.3,10,5.44444465637207,7.666666507720947,Netherlands,0.08888893127441407,0.5333333015441895
2014,10,PvdA,24.8,25.299999,5,3.666666746139526,3.0,Netherlands,-0.26666665077209484,-0.4
2014,10,VVD,26.6,27.299999,3,7.888888835906982,5.125,Netherlands,0.5777777671813965,0.025
2014,10,SGP,2.1,2.0,10,8.11111068725586,9.44444465637207,Netherlands,0.6222221374511718,0.888888931274414
2014,10,CDA,8.5,8.6999998,4,6.777777671813965,6.44444465637207,Netherlands,0.35555553436279297,0.28888893127441406
2019,10,PvdA,5.7,6.0,5,3.615384578704834,3.076923131942749,Netherlands,-0.2769230842590332,-0.3846153736114502
2019,10,PVdD,3.2,3.3,7,2.384615421295166,2.923076868057251,Netherlands,-0.5230769157409668,-0.4153846263885498
2019,10,50PLUS,3.1,2.7,9,5.083333492279053,5.599999904632568,Netherlands,0.016666698455810546,0.11999998092651368
2019,10,CDA,12.4,12.7,4,6.846153736114502,7.153846263885498,Netherlands,0.3692307472229004,0.4307692527770996
2019,10,PVV,13.1,13.3,1,8.692307472229004,7.230769157409668,Netherlands,0.7384614944458008,0.4461538314819336
2019,10,CU,3.4,3.3,10,5.07692289352417,8.15384578704834,Netherlands,0.015384578704833984,0.630769157409668
2019,10,D66,12.2,12.7,3,5.153846263885498,1.384615421295166,Netherlands,0.03076925277709961,-0.7230769157409668
2019,10,SGP,2.1,2.0,10,8.538461685180664,9.923076629638672,Netherlands,0.7076923370361328,0.9846153259277344
2019,10,VVD,21.3,22.0,3,7.615384578704834,5.0,Netherlands,0.5230769157409668,0.0
2019,10,GL,9.1,9.3000002,7,2.307692289352417,0.8461538553237915,Netherlands,-0.5384615421295166,-0.8307692289352417
2019,10,SP,9.1,9.3000002,6,1.384615421295166,4.307692527770996,Netherlands,-0.7230769157409668,-0.13846149444580078
2019,10,FvD,1.8,1.3,1,9.538461685180664,8.333333015441895,Netherlands,0.9076923370361328,0.6666666030883789
2019,10,DENK,2.1,2.0,9,4.363636493682861,7.545454502105713,Netherlands,-0.12727270126342774,0.5090909004211426
2024,10,SP,3.15,3.4000001,6,1.166666626930237,4.666666507720947,Netherlands,-0.7666666746139527,-0.06666669845581055
2024,10,DENK,2.37,2.0,9,3.888888835906982,6.285714149475098,Netherlands,-0.2222222328186036,0.2571428298950195
2024,10,D66,6.29,6.0,3,4.666666507720947,1.333333373069763,Netherlands,-0.06666669845581055,-0.7333333253860473
2024,10,PVV,23.49,24.799999,1,9.083333015441896,8.090909004211426,Netherlands,0.8166666030883792,0.6181818008422851
2024,10,NSC,12.88,13.4,4,6.583333492279053,6.666666507720947,Netherlands,0.3166666984558105,0.33333330154418944
2024,10,CU,2.04,2.0,10,4.583333492279053,6.916666507720947,Netherlands,-0.08333330154418946,0.38333330154418943
2024,10,PvdA,7.88,8.6999998,5,3.0,2.583333253860474,Netherlands,-0.4,-0.48333334922790516
2024,10,PvdD,2.25,2.0,7,1.5,2.25,Netherlands,-0.7,-0.55
2024,10,CDA,3.31,3.4000001,4,5.75,6.5,Netherlands,0.15,0.3
2024,10,SGP,2.08,2.0,10,8.0,9.416666984558104,Netherlands,0.6,0.8833333969116207
2024,10,BBB,4.65,4.6999998,9,7.75,7.666666507720947,Netherlands,0.55,0.5333333015441895
2024,10,GL,7.88,8.1000004,7,2.5,0.9166666865348816,Netherlands,-0.5,-0.8166666626930237
2024,10,Volt,1.71,1.3,3,4.545454502105713,1.090909123420715,Netherlands,-0.09090909957885743,-0.781818175315857
2024,10,VVD,15.24,16.1,3,7.666666507720947,5.916666507720947,Netherlands,0.5333333015441895,0.18333330154418945
2024,10,FvD,2.23,2.0,1,9.833333015441896,9.833333015441896,Netherlands,0.9666666030883793,0.9666666030883793
1999,11,PLAID,0.5,0.60000002,8,3.25,3.625,United Kingdom,-0.35,-0.275
1999,11,LibDem,16.8,7.0,3,4.0,2.772727251052856,United Kingdom,-0.2,-0.4454545497894288
1999,11,SNP,2.0,0.89999998,8,3.416666746139526,3.636363744735718,United Kingdom,-0.3166666507720948,-0.27272725105285633
1999,11,UKIP,0.3,0.0,1,7.245833396911621,7.571428775787354,United Kingdom,0.44916667938232424,0.5142857551574709
1999,11,GREEN,0.200000002980232,0.0,7,2.25,1.777777791023254,United Kingdom,-0.55,-0.6444444417953492
1999,11,CONS,30.7,25.0,2,6.92307710647583,7.083333492279053,United Kingdom,0.384615421295166,0.41666669845581056
1999,11,LAB,43.2,63.599998,5,4.730769157409668,4.5,United Kingdom,-0.05384616851806641,-0.1
2002,11,SNP,1.8,0.80000001,8,3.0,4.5,United Kingdom,-0.4,-0.1
2002,11,PLAID,0.7,0.60000002,8,3.2,4.19,United Kingdom,-0.36,-0.16199999999999992
2002,11,LibDem,18.3,7.9000001,3,3.82,2.5,United Kingdom,-0.23600000000000004,-0.5
2002,11,LAB,40.7,62.5,5,5.18,4.83,United Kingdom,0.03599999999999994,-0.03399999999999999
2002,11,CONS,31.7,25.200001,2,7.72,8.17,United Kingdom,0.5439999999999999,0.634
2006,11,GREEN,1.0,0.0,7,2.89,2.25,United Kingdom,-0.422,-0.55
2006,11,SNP,1.5,0.89999998,8,3.89,4.0,United Kingdom,-0.22199999999999998,-0.2
2006,11,UKIP,2.2,0.0,1,8.44,8.13,United Kingdom,0.688,0.6260000000000001
2006,11,LAB,35.2,55.0,5,4.88,4.67,United Kingdom,-0.02400000000000002,-0.06600000000000002
2006,11,LibDem,22.0,9.6000004,3,4.33,2.56,United Kingdom,-0.13399999999999998,-0.488
2006,11,PLAID,0.6,0.5,8,3.1,3.5,United Kingdom,-0.38,-0.3
2006,11,CONS,32.4,30.700001,2,6.56,6.0,United Kingdom,0.31199999999999994,0.2
2010,11,CONS,36.1,47.200001,2,7.133333206176758,6.266666889190674,United Kingdom,0.4266666412353516,0.25333337783813475
2010,11,LibDem,23.0,8.8000002,3,5.0,2.733333349227905,United Kingdom,0.0,-0.453333330154419
2010,11,SNP,1.7,0.89999998,8,3.333333492279053,3.583333492279053,United Kingdom,-0.3333333015441894,-0.28333330154418934
2010,11,PLAID,0.6,0.5,8,3.0,3.230769157409668,United Kingdom,-0.4,-0.3538461685180664
2010,11,UKIP,3.1,0.0,1,8.785714149475098,7.615385055541992,United Kingdom,0.7571428298950196,0.5230770111083984
2010,11,LAB,29.0,39.700001,5,4.0,4.066666603088379,United Kingdom,-0.2,-0.18666667938232423
2010,11,GREEN,1.0,0.2,7,2.533333301544189,1.428571462631226,United Kingdom,-0.4933333396911622,-0.7142857074737547
2010,11,BNP,1.9,0.0,1,9.928571701049805,9.533333778381348,United Kingdom,0.985714340209961,0.9066667556762695
2014,11,GREEN,1.0,0.2,7,1.857142806053162,1.0,United Kingdom,-0.6285714387893676,-0.8
2014,11,SNP,1.7,0.89999998,8,3.0,4.599999904632568,United Kingdom,-0.4,-0.08000001907348633
2014,11,PLAID,0.6,0.5,8,3.25,4.333333492279053,United Kingdom,-0.35,-0.13333330154418946
2014,11,CONS,36.1,47.200001,2,7.0,6.142857074737549,United Kingdom,0.4,0.22857141494750977
2014,11,LibDem,23.0,8.8000002,3,4.857142925262451,2.428571462631226,United Kingdom,-0.028571414947509765,-0.5142857074737548
2014,11,UKIP,3.1,0.0,1,9.142857551574709,9.285714149475098,United Kingdom,0.8285715103149418,0.8571428298950196
2014,11,LAB,29.0,39.700001,5,3.571428537368774,3.428571462631226,United Kingdom,-0.2857142925262452,-0.3142857074737548
2019,11,UKIP,0.1,0.0,1,8.6875,8.199999809265137,United Kingdom,0.7375,0.6399999618530273
2019,11,GREEN,2.7,0.2,7,2.0,0.8125,United Kingdom,-0.6,-0.8375
2019,11,BREXIT,2.01,0.0,1,8.199999809265137,8.615385055541992,United Kingdom,0.6399999618530273,0.7230770111083984
2019,11,SNP,3.88,7.5999999,8,3.5,2.666666746139526,United Kingdom,-0.3,-0.4666666507720948
2019,11,PLAID,0.48,0.60000002,8,3.090909004211426,3.0,United Kingdom,-0.38181819915771487,-0.4
2019,11,LibDem,11.55,1.7,3,4.235294342041016,1.529411792755127,United Kingdom,-0.15294113159179687,-0.6941176414489746
2019,11,LAB,32.16,32.099998,5,1.941176414489746,2.29411768913269,United Kingdom,-0.6117647171020508,-0.541176462173462
2019,11,CONS,43.63,57.799999,2,7.117647171020508,6.176470756530762,United Kingdom,0.42352943420410155,0.23529415130615233
2024,11,LibDem,12.2,11.5,3,3.857142925262451,1.761904716491699,United Kingdom,-0.22857141494750977,-0.6476190567016602
2024,11,SNP,2.5,1.4,8,3.315789461135864,2.823529481887817,United Kingdom,-0.33684210777282725,-0.4352941036224366
2024,11,PLAID,0.7,0.60000002,8,3.125,3.454545497894287,United Kingdom,-0.375,-0.30909090042114257
2024,11,LAB,33.7,65.699997,5,3.809523820877075,3.333333253860474,United Kingdom,-0.23809523582458497,-0.3333333492279052
2024,11,REF UK,14.3,0.80000001,1,9.2380952835083,9.100000381469728,United Kingdom,0.8476190567016602,0.8200000762939457
2024,11,GREEN,6.4,0.60000002,7,2.049999952316284,1.450000047683716,United Kingdom,-0.5900000095367431,-0.7099999904632568
2024,11,CONS,23.7,19.299999,2,7.666666507720947,7.142857074737549,United Kingdom,0.5333333015441895,0.4285714149475098
1999,12,BE,2.4,0.89999998,6,2.5,2.5,Portugal,-0.5,-0.5
1999,12,PSD,32.3,35.200001,3,5.599999904632568,6.800000190734863,Portugal,0.11999998092651368,0.3600000381469727
1999,12,CDU,9.0,7.4000001,6,2.799999952316284,3.0,Portugal,-0.4400000095367432,-0.4
1999,12,PS,44.1,50.0,5,3.599999904632568,3.200000047683716,Portugal,-0.28000001907348643,-0.3599999904632568
1999,12,CDS-PP,8.3,6.5,2,8.199999809265137,8.399999618530273,Portugal,0.6399999618530273,0.6799999237060547
2002,12,PS,37.8,41.700001,5,4.0,3.43,Portugal,-0.2,-0.31399999999999995
2002,12,CDS-PP,8.7,6.0999999,2,8.14,9.14,Portugal,0.6280000000000001,0.8280000000000001
2002,12,CDU,6.9,5.1999998,6,1.57,2.43,Portugal,-0.6859999999999999,-0.514
2002,12,PSD,40.2,45.700001,3,6.43,7.0,Portugal,0.2859999999999999,0.4
2006,12,CDS-PP,7.3,5.1999998,2,7.2,8.9,Portugal,0.44000000000000006,0.78
2006,12,BE,6.4,3.5,6,1.4,0.9,Portugal,-0.72,-0.82
2006,12,PS,45.0,52.599998,5,4.3,3.8,Portugal,-0.14000000000000004,-0.24000000000000005
2006,12,PSD,28.8,32.599998,3,6.7,7.0,Portugal,0.34,0.4
2006,12,CDU,7.6,6.0999999,6,2.3,2.5,Portugal,-0.54,-0.5
2010,12,PS,36.56,42.200001,5,4.166666507720947,2.333333253860474,Portugal,-0.16666669845581056,-0.5333333492279052
2010,12,BE,9.81,7.0,6,1.166666746139526,0.1666666269302368,Portugal,-0.7666666507720948,-0.9666666746139526
2010,12,PSD,29.11,35.200001,3,6.666666507720947,6.833333492279053,Portugal,0.33333330154418944,0.36666669845581057
2010,12,CDU,7.86,6.5,6,0.6666666269302368,1.666666746139526,Portugal,-0.8666666746139526,-0.6666666507720949
2010,12,CDS-PP,10.43,9.1000004,2,8.0,8.800000190734863,Portugal,0.6,0.7600000381469727
2014,12,CDU,8.2,7.0,6,0.5,4.166666507720947,Portugal,-0.9,-0.16666669845581056
2014,12,PSD,40.3,47.0,3,6.666666507720947,5.666666507720947,Portugal,0.33333330154418944,0.13333330154418946
2014,12,MPT,0.4,0.0,7,6.75,6.333333492279053,Portugal,0.35,0.26666669845581054
2014,12,PS,29.2,32.200001,5,4.5,3.166666746139526,Portugal,-0.1,-0.3666666507720948
2014,12,BE,5.4,3.5,6,1.333333373069763,0.6666666865348816,Portugal,-0.7333333253860473,-0.8666666626930237
2014,12,PP,12.2,10.4,2,8.0,7.333333492279053,Portugal,0.6,0.46666669845581055
2019,12,PSD,29.19,34.799999,3,6.375,7.0,Portugal,0.275,0.4
2019,12,PS,38.21,47.599998,5,4.125,4.375,Portugal,-0.175,-0.125
2019,12,PEV,1.11,0.89999998,7,1.142857193946838,4.875,Portugal,-0.7714285612106324,-0.025
2019,12,CDS-PP,4.44,2.2,2,8.5,8.875,Portugal,0.7,0.775
2019,12,PAN,3.49,1.8,7,3.428571462631226,4.0,Portugal,-0.3142857074737548,-0.2
2019,12,BE,10.01,8.3999996,6,0.875,1.75,Portugal,-0.825,-0.65
2019,12,PCP,5.55,4.4000001,6,0.875,5.125,Portugal,-0.825,0.025
2024,12,CDS-PP,2.5,0.89999998,2,7.636363506317139,8.090909004211426,Portugal,0.5272727012634277,0.6181818008422851
2024,12,PPD/PSD,28.8,33.900002,3,6.909090995788574,6.727272510528564,Portugal,0.38181819915771487,0.3454545021057127
2024,12,PAN,2.0,0.40000001,7,3.400000095367432,1.666666626930237,Portugal,-0.3199999809265136,-0.6666666746139527
2024,12,Chega,18.1,21.700001,1,9.272727012634276,9.636363983154297,Portugal,0.8545454025268551,0.9272727966308594
2024,12,CDU,3.2,1.7,6,1.181818127632141,3.5,Portugal,-0.7636363744735718,-0.3
2024,12,IL,4.9,3.5,3,6.909090995788574,3.363636255264282,Portugal,0.38181819915771487,-0.32727274894714364
2024,12,PS,28.0,33.900002,5,4.181818008422852,2.818181753158569,Portugal,-0.1636363983154297,-0.4363636493682862
2024,12,L,3.2,1.7,7,3.299999952316284,1.333333373069763,Portugal,-0.34000000953674314,-0.7333333253860473
2024,12,BE,4.4,2.2,6,1.363636374473572,0.7272727489471436,Portugal,-0.7272727251052856,-0.8545454502105713
1999,13,SPO,33.2,35.5,5,4.0,4.0,Austria,-0.2,-0.2
1999,13,OVP,26.9,28.4,4,6.199999809265137,6.5,Austria,0.23999996185302735,0.3
1999,13,Grune,7.4,7.6999998,7,2.900000095367432,2.0,Austria,-0.4199999809265136,-0.6
1999,13,LIF,3.7,0.0,3,4.599999904632568,1.799999952316284,Austria,-0.08000001907348633,-0.6400000095367432
1999,13,FPO,26.9,28.4,1,7.900000095367432,7.099999904632568,Austria,0.5800000190734863,0.4199999809265137
2002,13,Grune,9.5,9.3000002,7,2.83,1.38,Austria,-0.434,-0.724
2002,13,OVP,42.3,43.200001,4,7.0,8.25,Austria,0.4,0.65
2002,13,SPO,36.5,37.700001,5,3.75,3.38,Austria,-0.25,-0.324
2002,13,FPO,10.0,9.8000002,1,8.63,9.0,Austria,0.7260000000000002,0.8
2002,13,LIF,1.0,0.0,3,4.6,2.4,Austria,-0.08000000000000007,-0.52
2006,13,FPO,11.0,11.5,1,9.67,9.67,Austria,0.9339999999999999,0.9339999999999999
2006,13,BZO,4.1,3.8,1,8.83,8.83,Austria,0.766,0.766
2006,13,OVP,34.3,36.099998,4,7.0,7.67,Austria,0.4,0.534
2006,13,MARTIN,2.8,0.0,9,4.2,3.4,Austria,-0.15999999999999998,-0.32
2006,13,SPO,35.3,37.200001,5,3.38,3.5,Austria,-0.324,-0.3
2006,13,Grune,11.1,11.5,7,2.17,0.83,Austria,-0.5660000000000001,-0.834
2010,13,Grune,10.43,10.9,7,2.285714387893677,1.5,Austria,-0.5428571224212646,-0.7
2010,13,SPO,29.26,31.1,5,3.357142925262451,3.928571224212646,Austria,-0.32857141494750974,-0.21428575515747078
2010,13,BZO,10.7,11.5,1,8.285714149475098,7.785714149475098,Austria,0.6571428298950195,0.5571428298950195
2010,13,OVP,25.98,27.9,4,7.071428298950195,7.214285850524902,Austria,0.41428565979003906,0.4428571701049805
2010,13,FPO,17.54,18.6,1,8.928571701049805,8.714285850524902,Austria,0.7857143402099609,0.7428571701049804
2014,13,NEOS,5.0,4.9000001,3,6.0,2.900000095367432,Austria,0.2,-0.4199999809265136
2014,13,BZO,3.5,0.0,1,7.800000190734863,7.199999809265137,Austria,0.5600000381469726,0.43999996185302737
2014,13,TeamStronach,5.7,6.0,9,7.599999904632568,7.199999809265137,Austria,0.5199999809265137,0.43999996185302737
2014,13,SPO,26.8,28.4,5,3.900000095367432,4.0,Austria,-0.21999998092651357,-0.2
2014,13,OVP,24.0,25.700001,4,6.099999904632568,7.199999809265137,Austria,0.21999998092651368,0.43999996185302737
2014,13,FPO,20.5,21.9,1,8.699999809265137,8.800000190734863,Austria,0.7399999618530273,0.7600000381469727
2014,13,Grune,12.4,13.1,7,3.0,1.700000047683716,Austria,-0.4,-0.6599999904632569
2019,13,NEOS,8.1,8.1999998,3,5.900000095367432,2.299999952316284,Austria,0.18000001907348634,-0.5400000095367432
2019,13,Grune,13.9,14.2,7,2.5,1.399999976158142,Austria,-0.5,-0.7200000047683716
2019,13,FPO,16.2,16.9,1,9.100000381469728,8.899999618530273,Austria,0.8200000762939457,0.7799999237060546
2019,13,SPO,21.2,21.9,5,4.0,3.799999952316284,Austria,-0.2,-0.24000000953674316
2019,13,OVP,37.5,38.799999,4,6.900000095367432,7.099999904632568,Austria,0.38000001907348635,0.4199999809265137
2024,13,SPO,21.1,22.4,5,3.166666746139526,4.083333492279053,Austria,-0.3666666507720948,-0.18333330154418945
2024,13,Grune,8.2,8.6999998,7,2.666666746139526,1.583333373069763,Austria,-0.4666666507720948,-0.6833333253860474
2024,13,NEOS,9.1,9.8000002,3,5.833333492279053,2.25,Austria,0.16666669845581056,-0.55
2024,13,FPO,28.8,31.1,1,9.333333015441896,9.5,Austria,0.8666666030883793,0.9
2024,13,OVP,26.3,27.9,4,7.166666507720947,7.25,Austria,0.4333333015441895,0.45
1999,14,VAS,10.8999996185303,10.0,6,2.0,3.799999952316284,Finland,-0.6,-0.24000000953674316
1999,14,KESK,22.4,24.0,11,5.599999904632568,7.599999904632568,Finland,0.11999998092651368,0.5199999809265137
1999,14,SFP,5.1,5.5,8,6.599999904632568,4.599999904632568,Finland,0.31999998092651366,-0.08000001907348633
1999,14,KOK,21.0,23.0,2,7.599999904632568,5.400000095367432,Finland,0.5199999809265137,0.08000001907348633
1999,14,SDP,22.8999996185303,25.5,5,3.400000095367432,4.599999904632568,Finland,-0.3199999809265136,-0.08000001907348633
1999,14,KIPU,0.4,0.5,7,4.75,3.75,Finland,-0.05,-0.25
1999,14,VIHR,7.3,5.5,7,3.799999952316284,3.599999904632568,Finland,-0.24000000953674316,-0.28000001907348643
1999,14,REM,1.10000002384186,0.5,9,6.599999904632568,6.800000190734863,Finland,0.31999998092651366,0.3600000381469727
1999,14,SKL,4.2,5.0,10,7.0,7.599999904632568,Finland,0.4,0.5199999809265137
1999,14,PS,1.0,0.5,11,6.800000190734863,7.800000190734863,Finland,0.3600000381469727,0.5600000381469726
2002,14,VAS,10.9,10.0,6,2.44,3.67,Finland,-0.512,-0.266
2002,14,KESK,22.4,24.0,11,6.11,7.22,Finland,0.22200000000000006,0.44399999999999995
2002,14,SFP,5.1,5.5,8,6.56,4.25,Finland,0.31199999999999994,-0.15
2002,14,KOK,21.0,23.0,2,7.0,5.78,Finland,0.4,0.15600000000000006
2002,14,SKL,4.2,5.0,10,6.89,8.0,Finland,0.37799999999999995,0.6
2002,14,SDP,22.9,25.5,5,3.67,3.89,Finland,-0.266,-0.22199999999999998
2002,14,VIHR,7.3,5.5,7,3.67,2.22,Finland,-0.266,-0.5559999999999999
2006,14,VIHR,8.0,7.0,7,4.0,2.18,Finland,-0.2,-0.564
2006,14,VAS,9.9,9.5,6,2.27,3.5,Finland,-0.546,-0.3
2006,14,PS,1.6,1.5,1,6.3,7.64,Finland,0.25999999999999995,0.5279999999999999
2006,14,KESK,24.7,27.5,11,5.45,6.9,Finland,0.09000000000000004,0.38000000000000006
2006,14,SFP,4.6,4.0,8,6.18,3.56,Finland,0.23599999999999993,-0.288
2006,14,KOK,18.6,20.0,3,6.91,5.22,Finland,0.382,0.04399999999999995
2006,14,KD,5.3,3.5,4,6.55,8.38,Finland,0.30999999999999994,0.6760000000000002
2006,14,SDP,24.5,26.5,5,3.64,5.0,Finland,-0.27199999999999996,0.0
2010,14,PS,4.1,2.5,1,5.400000095367432,7.5,Finland,0.08000001907348633,0.5
2010,14,SFP,4.6,4.5,8,6.800000190734863,4.099999904632568,Finland,0.3600000381469727,-0.18000001907348634
2010,14,VIHR,8.5,7.5,7,4.599999904632568,2.099999904632568,Finland,-0.08000001907348633,-0.5800000190734864
2010,14,KD,4.9,3.5,4,6.599999904632568,8.100000381469727,Finland,0.31999998092651366,0.6200000762939453
2010,14,KOK,22.3,25.0,3,7.5,4.5,Finland,0.5,-0.1
2010,14,VAS,8.8,8.5,6,2.200000047683716,3.400000095367432,Finland,-0.5599999904632569,-0.3199999809265136
2010,14,KESK,23.1,25.5,11,5.699999809265137,6.400000095367432,Finland,0.13999996185302735,0.2800000190734863
2010,14,SDP,21.4,22.5,5,4.0,4.699999809265137,Finland,-0.2,-0.060000038146972655
2014,14,VIHR,7.3,5.0,7,4.44444465637207,0.7777777910232544,Finland,-0.11111106872558593,-0.8444444417953492
2014,14,KOK,20.4,22.0,3,7.666666507720947,4.75,Finland,0.5333333015441895,-0.05
2014,14,KD,4.0,3.0,10,6.222222328186035,9.0,Finland,0.24444446563720704,0.8
2014,14,VAS,8.1,7.0,6,1.888888835906982,1.888888835906982,Finland,-0.6222222328186036,-0.6222222328186036
2014,14,PS,19.1,19.5,1,5.111111164093018,9.11111068725586,Finland,0.022222232818603516,0.8222221374511719
2014,14,KESK,15.8,17.5,11,5.55555534362793,7.0,Finland,0.11111106872558593,0.4
2014,14,RKP/SFP,4.3,4.5,8,7.44444465637207,2.111111164093018,Finland,0.4888889312744141,-0.5777777671813964
2014,14,SDP,19.1,21.0,5,4.0,3.222222328186035,Finland,-0.2,-0.35555553436279297
2019,14,KD,3.9,2.5,10,6.857142925262451,8.785714149475098,Finland,0.3714285850524902,0.7571428298950196
2019,14,VIHR,11.5,10.1,7,3.714285612106323,0.9285714030265808,Finland,-0.25714287757873544,-0.8142857193946839
2019,14,SFP,4.5,4.5,8,6.0,2.714285612106323,Finland,0.2,-0.45714287757873545
2019,14,VAS,8.2,8.1000004,6,1.5,1.5,Finland,-0.7,-0.7
2019,14,SDP,17.7,20.200001,5,3.142857074737549,3.285714387893677,Finland,-0.3714285850524902,-0.34285712242126454
2019,14,KOK,17.0,19.200001,2,7.714285850524902,5.071428775787354,Finland,0.5428571701049805,0.01428575515747088
2019,14,KESK,13.8,15.7,11,5.857142925262451,6.714285850524902,Finland,0.17142858505249023,0.34285717010498046
2019,14,PS,17.5,19.700001,1,7.571428775787354,8.785714149475098,Finland,0.5142857551574709,0.7571428298950196
2024,14,KD,4.2,2.5,10,7.545454502105713,8.818181991577148,Finland,0.5090909004211426,0.7636363983154297
2024,14,Liik,2.4,0.5,3,7.55555534362793,4.857142925262451,Finland,0.511111068725586,-0.028571414947509765
2024,14,KESK,11.3,11.5,11,5.727272510528564,6.454545497894287,Finland,0.1454545021057127,0.2909090995788574
2024,14,SFP/RKP,4.3,4.5,8,6.363636493682861,3.090909004211426,Finland,0.27272729873657225,-0.38181819915771487
2024,14,AS,0.37,0.5,8,6.666666507720947,4.5,Finland,0.33333330154418944,-0.1
2024,14,VAS,7.1,5.5,6,1.545454502105713,1.363636374473572,Finland,-0.6909090995788574,-0.7272727251052856
2024,14,SDP,19.95,21.5,5,3.545454502105713,2.909090995788574,Finland,-0.2909090995788574,-0.4181818008422852
2024,14,KOK,20.8,24.0,2,7.818181991577148,5.272727489471436,Finland,0.5636363983154297,0.05454549789428729
2024,14,PS,20.1,23.0,1,8.181818008422852,8.909090995788574,Finland,0.6363636016845703,0.7818181991577149
2024,14,VIHR,7.04,6.5,7,3.909090995788574,0.8181818127632141,Finland,-0.21818180084228517,-0.8363636374473572
1999,16,MP,4.5,4.5999999,7,3.222222328186035,2.75,Sweden,-0.35555553436279297,-0.45
1999,16,M,22.8999996185303,23.5,2,7.666666507720947,6.0,Sweden,0.5333333015441895,0.2
1999,16,C,5.1,5.1999998,11,5.666666507720947,7.0,Sweden,0.13333330154418946,0.4
1999,16,V,12.0,12.3,6,1.555555582046509,2.5,Sweden,-0.6888888835906982,-0.5
1999,16,KD,11.8000001907349,12.0,4,7.25,8.125,Sweden,0.45,0.625
1999,16,SAP,36.4,37.5,5,3.444444417953491,5.5,Sweden,-0.3111111164093018,0.1
1999,16,FP,4.7,4.9000001,3,6.888888835906982,3.125,Sweden,0.3777777671813965,-0.375
2002,16,FP,13.4,13.8,3,6.25,2.82,Sweden,0.25,-0.43600000000000005
2002,16,M,15.3,15.8,2,7.75,4.64,Sweden,0.55,-0.07200000000000006
2002,16,C,6.2,6.3000002,11,5.58,6.25,Sweden,0.11600000000000002,0.25
2002,16,MP,4.6,4.9000001,7,3.33,2.42,Sweden,-0.33399999999999996,-0.516
2002,16,KD,9.1,9.5,4,7.25,7.5,Sweden,0.45,0.5
2002,16,V,8.4,8.6000004,6,1.67,3.17,Sweden,-0.666,-0.366
2002,16,SAP,39.9,41.299999,5,3.5,4.83,Sweden,-0.3,-0.03399999999999999
2006,16,V,5.8,6.3000002,6,1.67,2.78,Sweden,-0.666,-0.44400000000000006
2006,16,FP,7.5,8.0,3,6.67,3.56,Sweden,0.33399999999999996,-0.288
2006,16,KD,6.6,6.9000001,4,6.89,7.56,Sweden,0.37799999999999995,0.5119999999999999
2006,16,C,7.9,8.3000002,11,6.33,5.38,Sweden,0.266,0.07599999999999998
2006,16,MP,5.2,5.4000001,7,3.33,2.78,Sweden,-0.33399999999999996,-0.44400000000000006
2006,16,M,26.1,27.799999,2,7.56,6.0,Sweden,0.5119999999999999,0.2
2006,16,SAP,35.2,37.200001,5,3.56,4.22,Sweden,-0.288,-0.15600000000000006
2010,16,SD,5.7,5.6999998,1,8.384614944458008,8.25,Sweden,0.6769229888916015,0.65
2010,16,FP,7.1,6.9000001,3,7.071428298950195,3.692307472229004,Sweden,0.41428565979003906,-0.2615385055541992
2010,16,MP,7.3,7.1999998,7,3.5,2.846153736114502,Sweden,-0.3,-0.4307692527770996
2010,16,M,30.1,30.700001,2,7.285714149475098,5.214285850524902,Sweden,0.45714282989501953,0.04285717010498047
2010,16,SAP,30.7,32.099998,5,3.285714149475098,4.214285850524902,Sweden,-0.3428571701049804,-0.15714282989501954
2010,16,PIRAT,0.7,0.0,9,5.111111164093018,2.125,Sweden,0.022222232818603516,-0.575
2010,16,V,5.6,5.4000001,6,1.428571462631226,3.142857074737549,Sweden,-0.7142857074737547,-0.3714285850524902
2010,16,C,6.6,6.5999999,11,7.0,5.0,Sweden,0.4,0.0
2010,16,KD,5.6,5.4000001,4,7.071428298950195,7.0,Sweden,0.41428565979003906,0.4
2014,16,V,5.7,6.0,6,1.714285731315613,1.952380895614624,Sweden,-0.6571428537368774,-0.6095238208770752
2014,16,FI,3.1,0.0,9,1.809523820877075,0.8095238208770752,Sweden,-0.6380952358245849,-0.838095235824585
2014,16,SD,12.9,14.0,1,7.761904716491699,9.2380952835083,Sweden,0.5523809432983399,0.8476190567016602
2014,16,C,6.1,6.3000002,11,7.238095283508301,3.047619104385376,Sweden,0.44761905670166013,-0.3904761791229248
2014,16,FP,5.4,5.4000001,3,7.047618865966797,3.142857074737549,Sweden,0.40952377319335936,-0.3714285850524902
2014,16,KD,4.6,4.5999999,4,7.476190567016602,6.952381134033203,Sweden,0.4952381134033203,0.3904762268066406
2014,16,SAP,31.0,32.400002,5,3.761904716491699,3.61904764175415,Sweden,-0.24761905670166015,-0.27619047164917
2014,16,PIRAT,0.4,0.0,9,5.0,1.235294103622437,Sweden,0.0,-0.7529411792755126
2014,16,MP,6.9,7.1999998,7,3.285714387893677,1.61904764175415,Sweden,-0.34285712242126454,-0.67619047164917
2014,16,M,23.3,24.1,2,7.428571224212646,4.666666507720947,Sweden,0.4857142448425291,-0.06666669845581055
2019,16,S/SAP,28.3,28.700001,5,3.882352828979492,4.411764621734619,Sweden,-0.22352943420410157,-0.11764707565307617
2019,16,KD,6.3,6.3000002,4,7.823529243469238,7.058823585510254,Sweden,0.5647058486938477,0.41176471710205076
2019,16,SD,17.5,17.799999,1,8.470588684082031,8.764705657958984,Sweden,0.6941177368164062,0.7529411315917969
2019,16,MP,4.4,4.5999999,7,3.29411768913269,1.588235259056091,Sweden,-0.341176462173462,-0.6823529481887818
2019,16,M,19.8,20.1,2,7.705882549285889,5.941176414489746,Sweden,0.5411765098571777,0.18823528289794922
2019,16,L,5.5,5.6999998,3,6.529411792755127,3.235294103622437,Sweden,0.3058823585510254,-0.3529411792755126
2019,16,C,8.6,8.8999996,11,6.823529243469238,2.235294103622437,Sweden,0.36470584869384765,-0.5529411792755126
2019,16,V,8.0,8.0,6,1.70588231086731,1.941176414489746,Sweden,-0.658823537826538,-0.6117647171020508
2024,16,SD,20.5,20.9,1,8.526315689086914,9.0,Sweden,0.7052631378173828,0.8
2024,16,V,6.8,6.9000001,6,1.578947424888611,2.421052694320679,Sweden,-0.6842105150222778,-0.5157894611358642
2024,16,KD,5.3,5.4000001,4,8.0,7.789473533630371,Sweden,0.6,0.5578947067260742
2024,16,L,4.6,4.5999999,3,6.736842155456543,4.473684310913086,Sweden,0.3473684310913086,-0.10526313781738281
2024,16,MP,5.1,5.1999998,7,2.736842155456543,1.947368383407593,Sweden,-0.4526315689086914,-0.6105263233184814
2024,16,SAP,30.3,30.700001,5,3.736842155456543,4.736842155456543,Sweden,-0.25263156890869143,-0.052631568908691403
2024,16,M,19.1,19.5,2,7.5789475440979,6.473684310913086,Sweden,0.5157895088195801,0.2947368621826172
2024,16,C,6.7,6.9000001,11,5.947368621826172,2.947368383407593,Sweden,0.18947372436523438,-0.4105263233184814
2002,20,NDSV,42.7,50.0,3,5.64,5.1,Bulgaria,0.12799999999999995,0.019999999999999928
2002,20,ODS,18.2,21.299999,2,7.18,4.1,Bulgaria,0.43599999999999994,-0.18000000000000008
2002,20,G-VMRO,3.6,0.0,2,6.25,6.43,Bulgaria,0.25,0.2859999999999999
2002,20,KzB,17.1,20.0,5,2.27,6.89,Bulgaria,-0.546,0.37799999999999995
2002,20,KSII,3.4,0.0,9,6.86,6.33,Bulgaria,0.37200000000000005,0.266
2002,20,DPS,7.5,8.8000002,3,4.91,6.11,Bulgaria,-0.01799999999999997,0.22200000000000006
2006,20,ODS,7.7,8.3000002,2,7.08,4.33,Bulgaria,0.41600000000000004,-0.13399999999999998
2006,20,BNS,5.2,5.4000001,9,5.8,5.44,Bulgaria,0.15999999999999998,0.08800000000000008
2006,20,DSB,6.4,7.0999999,2,7.85,4.5,Bulgaria,0.57,-0.1
2006,20,NOA,8.2,8.8000002,1,5.46,9.17,Bulgaria,0.092,0.834
2006,20,NDSV,22.9,22.1,3,6.08,4.0,Bulgaria,0.21600000000000003,-0.2
2006,20,DPS,12.8,14.2,3,4.58,7.08,Bulgaria,-0.08399999999999999,0.41600000000000004
2006,20,KzB,31.0,34.200001,5,3.31,5.83,Bulgaria,-0.33799999999999997,0.166
2010,20,NOA,9.4,8.8000002,1,6.272727489471436,9.272727012634276,Bulgaria,0.25454549789428726,0.8545454025268551
2010,20,L,3.3,0.0,2,6.0,8.199999809265137,Bulgaria,0.2,0.6399999618530273
2010,20,NDSV,3.02,0.0,3,5.818181991577148,4.199999809265137,Bulgaria,0.1636363983154297,-0.16000003814697267
2010,20,DPS,14.5,15.8,3,4.272727489471436,7.636363983154297,Bulgaria,-0.1454545021057127,0.5272727966308594
2010,20,RZS,4.1,4.1999998,2,6.5,8.0,Bulgaria,0.3,0.6
2010,20,GERB,39.72,48.299999,2,6.083333492279053,6.909090995788574,Bulgaria,0.21666669845581055,0.38181819915771487
2010,20,DSB,3.4,3.2,2,8.083333015441895,4.363636493682861,Bulgaria,0.616666603088379,-0.12727270126342774
2010,20,ODS,3.4,3.2,2,7.0,3.818181991577148,Bulgaria,0.4,-0.2363636016845704
2010,20,KzB,17.7,16.700001,5,3.0,6.272727489471436,Bulgaria,-0.4,0.25454549789428726
2014,20,DPS,14.8,15.8,3,4.6875,6.588235378265381,Bulgaria,-0.0625,0.31764707565307615
2014,20,DBG,2.7,2.9000001,9,6.133333206176758,3.588235378265381,Bulgaria,0.22666664123535157,-0.28235292434692383
2014,20,BSP,14.6,15.4,5,3.6875,5.9375,Bulgaria,-0.2625,0.1875
2014,20,GERB,32.7,35.0,2,6.5,5.117647171020508,Bulgaria,0.3,0.023529434204101564
2014,20,BBT,5.7,6.3000002,9,6.083333492279053,7.454545497894287,Bulgaria,0.21666669845581055,0.4909090995788574
2014,20,ABV,4.2,4.5999999,5,3.466666698455811,5.375,Bulgaria,-0.3066666603088378,0.075
2014,20,NFSB,4.2,4.5999999,2,6.857142925262451,8.0,Bulgaria,0.3714285850524902,0.6
2014,20,DSB,3.5,3.8,2,7.5625,4.117647171020508,Bulgaria,0.5125,-0.17647056579589843
2014,20,SDS,1.5,1.7,2,7.133333206176758,3.5,Bulgaria,0.4266666412353516,-0.3
2014,20,VMRO-BND,3.1,3.3,2,6.07692289352417,8.625,Bulgaria,0.215384578704834,0.725
2014,20,ATAKA,4.5,4.5999999,1,5.357142925262451,9.647058486938477,Bulgaria,0.07142858505249024,0.9294116973876954
2019,20,DB,2.96,0.0,7,6.050000190734863,2.799999952316284,Bulgaria,0.21000003814697266,-0.4400000095367432
2019,20,DPS,9.24,10.8,3,4.714285850524902,6.142857074737549,Bulgaria,-0.05714282989501953,0.22857141494750977
2019,20,Volya,4.26,5.0,1,5.55555534362793,8.526315689086914,Bulgaria,0.11111106872558593,0.7052631378173828
2019,20,GERB,33.54,39.599998,2,6.095238208770752,5.761904716491699,Bulgaria,0.2190476417541504,0.15238094329833984
2019,20,DSB,2.54,0.0,2,7.449999809265137,4.684210300445557,Bulgaria,0.48999996185302735,-0.06315793991088867
2019,20,BSP,27.93,33.299999,5,3.25,7.142857074737549,Bulgaria,-0.35,0.4285714149475098
2019,20,NFSB,9.31,11.3,2,7.349999904632568,8.899999618530273,Bulgaria,0.4699999809265137,0.7799999237060546
2024,20,SDS,0.0,0.0,1,7.0,6.079999923706055,Bulgaria,0.4,0.21599998474121093
2024,20,Velichie,3.87,0.0,1,6.300000190734863,8.82608699798584,Bulgaria,0.26000003814697265,0.765217399597168
2024,20,BSP,7.32,8.3000002,5,3.680000066757202,8.15384578704834,Bulgaria,-0.26399998664855956,0.630769157409668
2024,20,MECh,4.44,5.0,1,5.894736766815186,8.458333015441895,Bulgaria,0.1789473533630373,0.6916666030883789
2024,20,ITN,6.56,7.5,1,6.639999866485596,8.0,Bulgaria,0.32799997329711916,0.6
2024,20,DB,6.8,7.5,7,6.28000020980835,3.423076868057251,Bulgaria,0.2560000419616699,-0.3153846263885498
2024,20,GERB,25.52,28.700001,2,6.440000057220459,6.42307710647583,Bulgaria,0.2880000114440918,0.28461542129516604
2024,20,DPS - Novo nachalo,11.17,12.5,3,5.25,5.956521511077881,Bulgaria,0.05,0.19130430221557618
2024,20,PP,6.9,7.9000001,7,5.119999885559082,3.192307710647583,Bulgaria,0.023999977111816406,-0.3615384578704834
2024,20,Vazrazhdane,12.92,14.6,1,8.199999809265137,9.692307472229004,Bulgaria,0.6399999618530273,0.9384614944458007
2024,20,APS,7.23,7.9000001,3,4.833333492279053,5.519999980926514,Bulgaria,-0.03333330154418945,0.10399999618530273
2002,21,KDU-CSL,10.29,11.0,4,4.86,7.56,Czech Republic,-0.027999999999999935,0.5119999999999999
2002,21,CSSD,30.2,35.0,5,3.33,4.69,Czech Republic,-0.33399999999999996,-0.06199999999999992
2002,21,ODS,24.5,29.0,2,7.08,3.89,Czech Republic,0.41600000000000004,-0.22199999999999998
2002,21,US-DEU,4.15,4.5,2,6.78,2.58,Czech Republic,0.35600000000000004,-0.484
2002,21,KSCM,18.5,20.5,6,0.91,7.82,Czech Republic,-0.818,0.5640000000000001
2006,21,CSSD,32.3,37.0,5,3.43,4.86,Czech Republic,-0.31399999999999995,-0.027999999999999935
2006,21,KDU-CSL,7.2,6.5,4,5.71,7.17,Czech Republic,0.142,0.434
2006,21,ODS,35.4,40.5,2,7.71,3.75,Czech Republic,0.542,-0.25
2006,21,KSCM,12.8,13.0,6,0.86,7.67,Czech Republic,-0.828,0.534
2006,21,SNK-ED,2.1,,2,6.67,2.8,Czech Republic,0.33399999999999996,-0.44000000000000006
2006,21,SZ,6.3,3.0,7,4.86,2.0,Czech Republic,-0.027999999999999935,-0.6
2010,21,KDU-CSL,4.4,0.0,4,5.263157844543457,8.0,Czech Republic,0.052631568908691403,0.6
2010,21,CSSD,22.1,28.0,5,2.894736766815186,3.5789475440979,Czech Republic,-0.4210526466369628,-0.28421049118042
2010,21,TOP09,16.7,20.5,2,7.894737243652344,5.833333492279053,Czech Republic,0.5789474487304688,0.16666669845581056
2010,21,ODS,20.2,26.5,2,7.736842155456543,6.111111164093018,Czech Republic,0.5473684310913086,0.2222222328186035
2010,21,KSCM,11.3,13.0,6,1.105263233184814,5.666666507720947,Czech Republic,-0.7789473533630372,0.13333330154418946
2010,21,VV,10.9,12.0,3,5.888888835906982,4.3125,Czech Republic,0.17777776718139648,-0.1375
2010,21,SZ,2.4,0.0,7,5.333333492279053,1.684210538864136,Czech Republic,0.06666669845581055,-0.6631578922271728
2014,21,SVOBODNI,2.5,0.0,3,8.714285850524902,4.857142925262451,Czech Republic,0.7428571701049804,-0.028571414947509765
2014,21,SZ,3.2,0.0,7,3.857142925262451,1.285714268684387,Czech Republic,-0.22857141494750977,-0.7428571462631226
2014,21,TOP09,12.0,10.5,2,7.214285850524902,5.5,Czech Republic,0.4428571701049805,0.1
2014,21,CSSD,20.5,25.0,5,3.142857074737549,4.428571224212646,Czech Republic,-0.3714285850524902,-0.11428575515747089
2014,21,ANO2011,18.7,23.5,9,5.785714149475098,4.454545497894287,Czech Republic,0.15714282989501954,-0.10909090042114258
2014,21,ODS,7.7,8.0,2,8.0,6.0,Czech Republic,0.6,0.2
2014,21,KDU-CSL,6.8,7.0,4,5.928571224212646,7.642857074737549,Czech Republic,0.18571424484252913,0.5285714149475098
2014,21,USVIT,6.9,7.0,1,7.692307472229004,7.714285850524902,Czech Republic,0.5384614944458008,0.5428571701049805
2014,21,KSCM,14.9,16.5,6,1.071428537368774,6.571428775787354,Czech Republic,-0.7857142925262453,0.31428575515747087
2019,21,KSCM,7.76,7.5,6,1.14814817905426,8.074073791503906,Czech Republic,-0.770370364189148,0.6148147583007812
2019,21,ANO2011,29.64,39.0,9,4.692307472229004,5.730769157409668,Czech Republic,-0.06153850555419922,0.1461538314819336
2019,21,Pirates,10.79,11.0,9,4.28000020980835,1.0,Czech Republic,-0.14399995803833007,-0.8
2019,21,SPD,10.64,11.0,1,8.84615421295166,9.370369911193848,Czech Republic,0.769230842590332,0.8740739822387695
2019,21,STAN,5.18,3.0,3,6.269230842590332,4.07692289352417,Czech Republic,0.2538461685180664,-0.184615421295166
2019,21,TOP09,5.31,3.5,2,7.407407283782959,4.851851940155029,Czech Republic,0.4814814567565918,-0.029629611968994142
2019,21,ODS,11.32,12.5,2,7.777777671813965,7.037036895751953,Czech Republic,0.5555555343627929,0.4074073791503906
2019,21,CSSD,7.27,7.5,5,2.740740776062012,4.92307710647583,Czech Republic,-0.45185184478759755,-0.015384578704833984
2019,21,KDU-CSL,5.8,5.0,4,5.888888835906982,7.777777671813965,Czech Republic,0.17777776718139648,0.5555555343627929
2024,21,TOP09,5.48,7.0,2,6.875,4.243902206420898,Czech Republic,0.375,-0.15121955871582032
2024,21,SPD,9.56,10.0,1,8.75,9.439023971557615,Czech Republic,0.75,0.887804794311523
2024,21,SOCDEM,4.66,0.0,5,2.769230842590332,4.783783912658691,Czech Republic,-0.4461538314819336,-0.04324321746826172
2024,21,Přísaha,4.68,0.0,9,7.666666507720947,7.548387050628662,Czech Republic,0.5333333015441895,0.5096774101257324
2024,21,ANO2011,27.13,36.0,9,4.216216087341309,6.949999809265137,Czech Republic,-0.15675678253173828,0.3899999618530273
2024,21,KSCM,3.61,0.0,6,1.078947424888611,8.0,Czech Republic,-0.7842105150222778,0.6
2024,21,STAN,13.9,16.5,3,5.800000190734863,4.050000190734863,Czech Republic,0.16000003814697267,-0.18999996185302734
2024,21,Pirates,1.69,2.0,7,4.199999809265137,1.585365891456604,Czech Republic,-0.16000003814697267,-0.6829268217086792
2024,21,ODS,13.31,17.0,2,7.125,6.512195110321045,Czech Republic,0.425,0.302439022064209
2024,21,KDU-CSL,9.0,11.5,4,6.0,7.849999904632568,Czech Republic,0.2,0.5699999809265137
2024,21,MOTO,0.0,0.0,1,8.411765098571777,8.25,Czech Republic,0.6823530197143555,0.65
2006,22,SDE,7.0,5.9000001,5,4.4,3.4,Estonia,-0.11999999999999993,-0.32
2006,22,ER,17.7,18.799999,3,7.4,5.6,Estonia,0.4800000000000001,0.11999999999999993
2006,22,IRL,7.3,6.9000001,2,7.6,7.6,Estonia,0.5199999999999999,0.5199999999999999
2006,22,EK,25.4,27.700001,3,4.4,4.2,Estonia,-0.11999999999999993,-0.15999999999999998
2006,22,ERL,13.0,12.9,11,4.2,6.0,Estonia,-0.15999999999999998,0.2
2010,22,IRL,17.9,18.799999,2,7.230769157409668,6.571428775787354,Estonia,0.4461538314819336,0.31428575515747087
2010,22,ER,27.8,30.700001,3,7.076923370361328,4.857142925262451,Estonia,0.41538467407226565,-0.028571414947509765
2010,22,SDE,10.6,9.8999996,5,3.230769157409668,3.0,Estonia,-0.3538461685180664,-0.4
2010,22,ERL,7.1,5.9000001,11,4.0,7.142857551574707,Estonia,-0.2,0.4285715103149414
2010,22,EK,26.1,28.700001,3,3.461538314819336,5.428571224212646,Estonia,-0.3076923370361328,0.08571424484252912
2010,22,EER,7.1,5.9000001,7,4.545454502105713,2.833333253860474,Estonia,-0.09090909957885743,-0.4333333492279052
2014,22,EK,23.3,25.700001,3,4.25,6.625,Estonia,-0.15,0.325
2014,22,SDE,17.1,18.799999,5,4.875,2.5,Estonia,-0.025,-0.5
2014,22,IRL,20.5,22.799999,2,7.75,6.625,Estonia,0.55,0.325
2014,22,ER,28.6,32.700001,3,7.25,3.125,Estonia,0.45,-0.375
2014,22,EER,3.8,0.0,7,5.75,4.285714149475098,Estonia,0.15,-0.14285717010498047
2019,22,SDE,9.8,9.8999996,5,3.076923131942749,1.692307710647583,Estonia,-0.3846153736114502,-0.6615384578704834
2019,22,IRL,11.4,11.9,2,7.538461685180664,7.384615421295166,Estonia,0.5076923370361328,0.4769230842590332
2019,22,ER,28.9,33.700001,3,6.461538314819336,3.076923131942749,Estonia,0.2923076629638672,-0.3846153736114502
2019,22,EKRE,17.8,18.799999,1,8.461538314819336,9.538461685180664,Estonia,0.6923076629638671,0.9076923370361328
2019,22,EK,23.1,25.700001,3,4.461538314819336,4.615384578704834,Estonia,-0.10769233703613282,-0.0769230842590332
2019,22,E200,4.4,0.0,3,5.153846263885498,2.153846263885498,Estonia,0.03076925277709961,-0.5692307472229003
2024,22,EK,15.28,15.8,3,4.166666507720947,5.611111164093018,Estonia,-0.16666669845581056,0.12222223281860352
2024,22,ER,31.24,36.599998,3,6.631578922271729,2.473684310913086,Estonia,0.3263157844543459,-0.5052631378173829
2024,22,SDE,9.27,8.8999996,5,3.21052622795105,1.842105269432068,Estonia,-0.35789475440979,-0.6315789461135864
2024,22,EKRE,16.05,16.799999,1,8.947368621826172,9.263157844543455,Estonia,0.7894737243652343,0.8526315689086911
2024,22,Isaama,8.21,7.9000001,2,7.789473533630371,7.5789475440979,Estonia,0.5578947067260742,0.5157895088195801
2024,22,Parempoolsed,2.3,0.0,3,8.0,3.875,Estonia,0.6,-0.225
2024,22,E200,13.33,13.9,3,6.263157844543457,2.0,Estonia,0.25263156890869143,-0.6
2024,22,Vasakliit,2.4,0.0,6,1.555555582046509,7.599999904632568,Estonia,-0.6888888835906982,0.5199999809265137
2002,23,SzDSz,5.6,5.1999998,3,4.21,1.46,Hungary,-0.158,-0.708
2002,23,MSzP,42.1,46.099998,5,3.39,3.38,Hungary,-0.32199999999999995,-0.324
2002,23,MDF,5.14,6.1999998,2,6.43,7.35,Hungary,0.2859999999999999,0.4699999999999999
2002,23,Fidesz-M,35.11,42.5,2,7.64,8.15,Hungary,0.5279999999999999,0.6300000000000001
2002,23,CP,3.9,0.0,9,4.83,5.55,Hungary,-0.03399999999999999,0.10999999999999996
2002,23,MIEP,4.4,0.0,1,9.71,9.69,Hungary,0.9420000000000002,0.938
2006,23,SzDSz,6.5,5.1999998,3,4.83,2.17,Hungary,-0.03399999999999999,-0.5660000000000001
2006,23,MSzP,43.2,49.200001,5,3.67,4.0,Hungary,-0.266,-0.2
2006,23,Fidesz-M,36.13,36.5,2,6.67,7.0,Hungary,0.33399999999999996,0.4
2006,23,KDNP,5.9,6.0,4,7.5,8.33,Hungary,0.5,0.666
2006,23,MDF,5.04,2.8,2,5.4,5.8,Hungary,0.08000000000000007,0.15999999999999998
2010,23,SZDSZ,0.25,0.0,3,4.0,1.428571462631226,Hungary,-0.2,-0.7142857074737547
2010,23,KDNP,7.32,9.3000002,4,7.588234901428223,8.29411792755127,Hungary,0.5176469802856445,0.6588235855102539
2010,23,MDF,2.67,0.0,2,6.333333492279053,6.400000095367432,Hungary,0.26666669845581054,0.2800000190734863
2010,23,LMP,7.5,4.0999999,7,3.529411792755127,1.411764621734619,Hungary,-0.2941176414489746,-0.7176470756530762
2010,23,Fidesz-M,45.35,58.799999,2,6.882352828979492,7.235294342041016,Hungary,0.37647056579589844,0.44705886840820314
2010,23,MSZP,19.3,15.3,5,3.352941036224365,3.882352828979492,Hungary,-0.32941179275512705,-0.22352943420410157
2010,23,JOBBIK,16.67,12.2,1,9.470588684082031,9.411765098571776,Hungary,0.8941177368164063,0.8823530197143551
2014,23,LMP,5.3,2.5,7,4.285714149475098,2.928571462631226,Hungary,-0.14285717010498047,-0.4142857074737548
2014,23,JOBBIK,20.2,11.6,1,9.714285850524902,9.5,Hungary,0.9428571701049805,0.9
2014,23,Fidesz,39.5,58.799999,2,7.928571224212646,8.642857551574707,Hungary,0.5857142448425291,0.7285715103149414
2014,23,E14,2.1,1.5,9,3.642857074737549,2.357142925262451,Hungary,-0.27142858505249023,-0.5285714149475098
2014,23,MSZP,20.6,14.6,5,3.428571462631226,4.071428775787354,Hungary,-0.3142857074737548,-0.18571424484252913
2014,23,DK,2.8,2.0,5,3.357142925262451,2.571428537368774,Hungary,-0.32857141494750974,-0.4857142925262452
2019,23,JOBBIK,19.06,14.4,1,7.733333110809326,8.066666603088379,Hungary,0.5466666221618652,0.6133333206176758
2019,23,E14,0.66,0.60000002,9,3.571428537368774,1.428571462631226,Hungary,-0.2857142925262452,-0.7142857074737547
2019,23,MM,3.06,0.0,6,4.400000095367432,1.600000023841858,Hungary,-0.11999998092651368,-0.6799999952316285
2019,23,LMP,7.06,4.4000001,7,3.933333396911621,3.066666603088379,Hungary,-0.2133333206176758,-0.38666667938232424
2019,23,DK,5.37,5.0,5,3.333333253860474,2.133333444595337,Hungary,-0.3333333492279052,-0.5733333110809327
2019,23,Fidesz-KDNP,49.28,64.599998,1,8.333333015441895,9.199999809265137,Hungary,0.6666666030883789,0.8399999618530274
2019,23,MSZP,11.91,11.0,5,3.400000095367432,3.733333349227905,Hungary,-0.3199999809265136,-0.25333333015441906
2024,23,Momentum,6.47,5.0999999,3,4.166666507720947,1.444444417953491,Hungary,-0.16666669845581056,-0.7111111164093018
2024,23,Tisza,0.0,0.0,4,6.166666507720947,5.25,Hungary,0.23333330154418946,0.05
2024,23,MSZP,7.12,5.5999999,5,3.0,3.75,Hungary,-0.4,-0.25
2024,23,MHM,5.88,3.0,1,9.29411792755127,9.529411315917969,Hungary,0.858823585510254,0.9058822631835938
2024,23,Fidesz-KDNP,34.33,68.199997,1,8.61111068725586,9.277777671813965,Hungary,0.7222221374511719,0.855555534362793
2024,23,DK,9.71,7.5999999,5,4.277777671813965,3.333333253860474,Hungary,-0.14444446563720703,-0.3333333492279052
2024,23,LMP-MZP,7.12,5.5999999,7,3.785714387893677,3.071428537368774,Hungary,-0.24285712242126456,-0.38571429252624523
2024,23,MKKP,3.27,0.0,9,3.5,1.333333373069763,Hungary,-0.3,-0.7333333253860473
2024,23,JOBBIK,6.47,5.0999999,1,6.470588207244873,6.8125,Hungary,0.2941176414489746,0.3625
2002,24,LSDSP,4.0,0.0,5,2.75,7.67,Latvia,-0.45,0.534
2002,24,JL,23.9,26.0,2,6.75,6.33,Latvia,0.35,0.266
2002,24,PCTVL,19.0,25.0,6,1.25,6.33,Latvia,-0.75,0.266
2002,24,TP,16.6,20.0,2,7.0,6.0,Latvia,0.4,0.2
2002,24,LPP,9.5,10.0,4,5.5,8.33,Latvia,0.1,0.666
2002,24,ZZS,9.4,0.1,7,3.75,6.33,Latvia,-0.25,0.266
2002,24,TB-LNNK,5.4,7.0,1,7.75,6.67,Latvia,0.55,0.33399999999999996
2002,24,LC,4.9,0.0,3,5.5,3.67,Latvia,0.1,-0.266
2006,24,LPP,5.76,6.6999998,4,7.0,8.0,Latvia,0.4,0.6
2006,24,ZZS,16.71,18.0,7,5.0,5.75,Latvia,0.0,0.15
2006,24,TP,19.56,23.0,2,7.25,5.75,Latvia,0.45,0.15
2006,24,LC,2.84,3.3,3,6.75,6.0,Latvia,0.35,0.2
2006,24,SC,14.42,17.0,5,3.0,4.25,Latvia,-0.4,-0.15
2006,24,PCTVL,6.03,6.0,6,1.25,4.5,Latvia,-0.75,-0.1
2006,24,LSDSP,3.5,0.0,5,2.25,6.0,Latvia,-0.55,0.2
2006,24,JL,16.38,18.0,2,7.0,5.0,Latvia,0.4,0.0
2006,24,TB-LNNK,6.94,8.0,1,9.0,8.5,Latvia,0.8,0.7
2010,24,SC,28.36,31.0,5,3.25,5.333333492279053,Latvia,-0.35,0.06666669845581055
2010,24,ZZS,12.22,13.0,7,5.44444465637207,6.0,Latvia,0.08888893127441407,0.2
2010,24,,13.88,14.0,1,7.75,6.666666507720947,Latvia,0.55,0.33333330154418944
2010,24,V,18.83,20.0,3,6.75,5.25,Latvia,0.35,0.05
2010,24,ZRP,20.82,22.0,2,6.375,5.142857074737549,Latvia,0.275,0.028571414947509765
2014,24,ZZS,19.5,21.0,7,5.900000095367432,7.222222328186035,Latvia,0.18000001907348634,0.444444465637207
2014,24,,16.6,17.0,1,8.300000190734863,8.11111068725586,Latvia,0.6600000381469726,0.6222221374511718
2014,24,LKS,1.6,0.0,6,3.25,8.285714149475098,Latvia,-0.35,0.6571428298950195
2014,24,SDPS,23.0,24.0,5,4.0,7.0,Latvia,-0.2,0.4
2014,24,V,21.9,23.0,3,6.900000095367432,4.0,Latvia,0.38000001907348635,-0.2
2014,24,LRA,6.7,8.0,8,5.666666507720947,7.0,Latvia,0.13333330154418946,0.4
2014,24,NSL,6.9,7.0,2,5.142857074737549,7.714285850524902,Latvia,0.028571414947509765,0.5428571701049805
2019,24,JKP,13.67,16.0,3,7.272727489471436,7.090909004211426,Latvia,0.4545454978942873,0.4181818008422852
2019,24,SDPS,19.92,23.0,5,3.454545497894287,6.272727489471436,Latvia,-0.30909090042114257,0.25454549789428726
2019,24,KPV LV,14.33,16.0,2,5.699999809265137,5.5,Latvia,0.13999996185302735,0.1
2019,24,V,6.74,8.0,3,6.909090995788574,4.818181991577148,Latvia,0.38181819915771487,-0.03636360168457031
2019,24,AP!,12.12,13.0,3,5.818181991577148,1.909090876579285,Latvia,0.1636363983154297,-0.6181818246841431
2019,24,LKS,3.22,0.0,6,2.272727251052856,7.0,Latvia,-0.5454545497894288,0.4
2019,24,,11.08,13.0,1,8.454545021057129,8.090909004211426,Latvia,0.6909090042114258,0.6181818008422851
2019,24,LRA,4.17,0.0,8,6.0,6.222222328186035,Latvia,0.2,0.24444446563720704
2019,24,ZZS,9.97,11.0,7,5.818181991577148,7.636363506317139,Latvia,0.1636363983154297,0.5272727012634277
2024,24,AS,11.14,15.0,8,6.142857074737549,6.809523582458496,Latvia,0.22857141494750977,0.3619047164916992
2024,24,LPV,6.31,9.0,9,6.684210300445557,8.636363983154297,Latvia,0.33684206008911133,0.7272727966308594
2024,24,ZZS,12.58,16.0,7,5.772727489471436,6.958333492279053,Latvia,0.1545454978942873,0.39166669845581054
2024,24,LKS,3.67,0.0,6,2.866666555404663,8.25,Latvia,-0.4266666889190674,0.65
2024,24,Saskana,4.86,0.0,5,3.285714387893677,6.476190567016602,Latvia,-0.34285712242126454,0.2952381134033203
2024,24,V,19.16,26.0,3,5.954545497894287,3.625,Latvia,0.19090909957885743,-0.275
2024,24,AP!,5.03,0.0,3,5.181818008422852,3.0,Latvia,0.03636360168457031,-0.4
2024,24,,9.4,13.0,1,7.842105388641357,9.050000190734863,Latvia,0.5684210777282714,0.8100000381469726
2024,24,Progresivie,6.23,10.0,7,2.681818246841431,1.17391300201416,Latvia,-0.46363635063171377,-0.765217399597168
2024,24,S!,6.88,11.0,8,4.25,8.34782600402832,Latvia,-0.15,0.6695652008056641
2002,25,JL-PKS,1.2,0.69999999,1,9.8,8.6,Lithuania,0.9600000000000002,0.72
2002,25,LSDP,27.4,32.0,5,2.6,6.2,Lithuania,-0.48,0.24000000000000005
2002,25,LLS,1.3,0.69999999,1,7.8,8.75,Lithuania,0.5599999999999999,0.75
2002,25,NKS,2.0,0.69999999,2,6.6,5.25,Lithuania,0.31999999999999995,0.05
2002,25,LCS,2.9,1.4,3,5.6,4.2,Lithuania,0.11999999999999993,-0.15999999999999998
2002,25,NDP,2.1,2.0,5,3.2,6.25,Lithuania,-0.36,0.25
2002,25,LKDP,3.1,1.4,4,7.4,8.2,Lithuania,0.4800000000000001,0.6399999999999999
2002,25,TS-LK,8.6,6.4000001,2,8.0,5.6,Lithuania,0.6,0.11999999999999993
2002,25,LVP,4.1,2.8,11,2.0,8.4,Lithuania,-0.6,0.68
2002,25,LRS,2.1,2.0,8,2.2,7.0,Lithuania,-0.5599999999999999,0.4
2002,25,NS,19.6,19.9,3,3.4,6.0,Lithuania,-0.32,0.2
2002,25,LLS,17.3,23.4,3,8.2,2.0,Lithuania,0.6399999999999999,-0.6
2002,25,LLRA,1.9,1.4,8,3.4,7.25,Lithuania,-0.32,0.45
2006,25,LiCS,9.2,12.8,3,7.0,3.0,Lithuania,0.4,-0.4
2006,25,LVLS,6.6,7.0999999,11,3.29,7.6,Lithuania,-0.34199999999999997,0.5199999999999999
2006,25,LLRA,3.8,1.4,8,4.33,7.4,Lithuania,-0.13399999999999998,0.4800000000000001
2006,25,TS,14.7,17.700001,2,8.29,8.17,Lithuania,0.6579999999999998,0.634
2006,25,DP,28.4,27.700001,3,3.86,5.8,Lithuania,-0.22800000000000004,0.15999999999999998
2006,25,LSDP,13.36,14.2,5,4.0,4.83,Lithuania,-0.2,-0.03399999999999999
2006,25,NS,7.34,7.8000002,3,5.14,4.4,Lithuania,0.027999999999999935,-0.11999999999999993
2006,25,TT,11.4,7.0999999,2,4.86,8.8,Lithuania,-0.027999999999999935,0.7600000000000001
2010,25,NS,3.7,0.69999999,3,4.07692289352417,5.333333492279053,Lithuania,-0.184615421295166,0.06666669845581055
2010,25,TPP,15.1,11.3,2,5.44444465637207,4.5,Lithuania,0.08888893127441407,-0.1
2010,25,LSDP,11.8,18.4,5,4.153846263885498,4.307692527770996,Lithuania,-0.16923074722290038,-0.13846149444580078
2010,25,LLRA,4.8,2.0999999,8,4.75,8.199999809265137,Lithuania,-0.05,0.6399999618530273
2010,25,DP,9.0,7.0999999,3,4.583333492279053,5.166666507720947,Lithuania,-0.08333330154418946,0.03333330154418945
2010,25,LVLS,3.7,2.0999999,11,3.461538314819336,6.92307710647583,Lithuania,-0.3076923370361328,0.384615421295166
2010,25,FRONT,3.24,,5,1.153846263885498,5.75,Lithuania,-0.7692307472229004,0.15
2010,25,LiCS,5.3,5.6999998,3,6.230769157409668,4.083333492279053,Lithuania,0.2461538314819336,-0.18333330154418945
2010,25,LRLS,5.7,7.8000002,3,7.230769157409668,2.461538553237915,Lithuania,0.4461538314819336,-0.507692289352417
2010,25,TT,12.7,10.6,2,6.25,8.615385055541992,Lithuania,0.25,0.7230770111083984
2010,25,TS,19.6,31.200001,2,6.615384578704834,7.84615421295166,Lithuania,0.3230769157409668,0.5692308425903321
2014,25,DK,8.0,5.0,9,6.875,9.0,Lithuania,0.375,0.8
2014,25,TT,7.3,7.8000002,2,6.615384578704834,8.285714149475098,Lithuania,0.3230769157409668,0.6571428298950195
2014,25,DP,19.8,20.6,3,4.400000095367432,5.857142925262451,Lithuania,-0.11999998092651368,0.17142858505249023
2014,25,LRLS,8.6,7.0999999,3,7.333333492279053,2.428571462631226,Lithuania,0.46666669845581055,-0.5142857074737548
2014,25,LSDP,18.4,26.200001,5,3.200000047683716,4.285714149475098,Lithuania,-0.3599999904632568,-0.14285717010498047
2014,25,LLRA,5.8,5.6999998,8,5.461538314819336,8.857142448425293,Lithuania,0.09230766296386719,0.7714284896850586
2014,25,TS-LKD,15.1,23.4,2,7.642857074737549,7.285714149475098,Lithuania,0.5285714149475098,0.45714282989501953
2014,25,LVZS,3.9,0.69999999,11,3.866666555404663,6.166666507720947,Lithuania,-0.22666668891906738,0.23333330154418946
2019,25,TT,5.55,9.8000002,2,6.636363506317139,8.636363983154297,Lithuania,0.3272727012634277,0.7272727966308594
2019,25,LSDP,15.04,20.700001,5,2.363636255264282,2.727272748947144,Lithuania,-0.5272727489471436,-0.4545454502105712
2019,25,DP,4.88,2.4000001,3,4.909090995788574,6.099999904632568,Lithuania,-0.018181800842285156,0.21999998092651368
2019,25,LZP,2.03,1.2,7,4.0,3.333333253860474,Lithuania,-0.2,-0.3333333492279052
2019,25,LCP,6.32,1.2,9,5.333333492279053,8.625,Lithuania,0.06666669845581055,0.725
2019,25,LRLS,9.45,17.1,3,6.818181991577148,1.909090876579285,Lithuania,0.3636363983154297,-0.6181818246841431
2019,25,TS-LKD,22.63,37.799999,2,7.181818008422852,6.636363506317139,Lithuania,0.43636360168457033,0.3272727012634277
2019,25,LLRA,5.72,9.8000002,8,6.090909004211426,9.454545021057127,Lithuania,0.21818180084228517,0.8909090042114254
2024,25,LSDP,19.32,37.400002,5,3.70588231086731,5.176470756530762,Lithuania,-0.258823537826538,0.03529415130615234
2024,25,LVZS,7.02,5.8000002,11,6.416666507720947,8.470588684082031,Lithuania,0.28333330154418945,0.6941177368164062
2024,25,PPNA,14.97,14.4,9,7.800000190734863,8.5,Lithuania,0.5600000381469726,0.7
2024,25,TS-LKD,18.0,20.1,2,6.470588207244873,5.0,Lithuania,0.2941176414489746,0.0
2024,25,LLRA,3.88,2.2,8,7.066666603088379,9.058823585510254,Lithuania,0.4133333206176758,0.8117647171020508
2024,25,DSVL,9.22,10.1,7,4.588235378265381,5.058823585510254,Lithuania,-0.08235292434692383,0.011764717102050782
2024,25,LS,7.7,8.6000004,3,6.5625,2.70588231086731,Lithuania,0.3125,-0.458823537826538
2024,25,Laisvės,4.62,0.0,3,6.266666889190674,0.6470588445663452,Lithuania,0.25333337783813475,-0.870588231086731
2024,25,NS,2.87,0.69999999,1,8.6875,9.411765098571776,Lithuania,0.7375,0.8823530197143551
2024,25,PLT,0.77,0.69999999,3,6.071428775787354,6.0,Lithuania,0.2142857551574709,0.2
2002,26,AWSP,5.6,0.0,2,7.75,7.5,Poland,0.55,0.5
2002,26,LPR,7.9,8.3000002,10,9.25,9.75,Poland,0.85,0.95
2002,26,PO,12.7,14.1,4,6.88,4.38,Poland,0.376,-0.12400000000000003
2002,26,S,10.2,11.5,11,5.5,7.88,Poland,0.1,0.576
2002,26,UP,2.9,3.5,5,3.0,1.38,Poland,-0.4,-0.724
2002,26,SLD,38.1,43.5,5,4.13,1.88,Poland,-0.17400000000000002,-0.624
2002,26,UW,3.1,0.0,3,5.75,2.38,Poland,0.15,-0.524
2002,26,PiS,9.5,9.6000004,1,7.75,7.75,Poland,0.55,0.55
2002,26,PSL,9.0,9.1000004,11,4.38,7.63,Poland,-0.12400000000000003,0.526
2006,26,S,11.4,12.2,11,4.14,7.71,Poland,-0.17200000000000007,0.542
2006,26,PSL,7.0,5.4000001,11,5.0,5.14,Poland,0.0,0.027999999999999935
2006,26,SDPL,3.9,0.0,5,3.0,1.43,Poland,-0.4,-0.7140000000000001
2006,26,PO,24.1,28.9,4,5.29,2.71,Poland,0.05800000000000001,-0.458
2006,26,SLD,11.3,12.0,5,3.43,1.57,Poland,-0.31399999999999995,-0.6859999999999999
2006,26,PD,2.5,0.0,3,4.5,1.17,Poland,-0.1,-0.766
2006,26,LPR,8.0,7.4000001,10,9.29,10.0,Poland,0.8579999999999999,1.0
2006,26,PiS,27.0,33.700001,1,7.76,9.57,Poland,0.5519999999999999,0.914
2010,26,S,1.53,0.0,11,4.636363506317139,7.75,Poland,-0.07272729873657227,0.55
2010,26,SLD,9.9,8.0,5,2.785714387893677,2.400000095367432,Poland,-0.44285712242126457,-0.5199999809265136
2010,26,PiS,32.11,36.099998,1,8.0,8.866666793823242,Poland,0.6,0.7733333587646485
2010,26,SDPL,2.5,2.2,5,2.666666746139526,2.25,Poland,-0.4666666507720948,-0.55
2010,26,SD,0.74,,3,4.666666507720947,3.666666507720947,Poland,-0.06666669845581055,-0.26666669845581065
2010,26,PO,41.51,45.400002,4,6.0,5.0,Poland,0.2,0.0
2010,26,PSL,8.9,6.6999998,11,4.928571224212646,6.866666793823242,Poland,-0.01428575515747088,0.37333335876464846
2010,26,LPR,1.3,0.0,10,9.25,9.538461685180664,Poland,0.85,0.9076923370361328
2014,26,PiS,29.9,34.099998,1,7.941176414489746,8.470588684082031,Poland,0.5882352828979492,0.6941177368164062
2014,26,PR,0.2,0.0,2,7.647058963775635,7.6875,Poland,0.529411792755127,0.5375
2014,26,RP,10.0,8.6999998,3,2.529411792755127,1.176470637321472,Poland,-0.49411764144897463,-0.7647058725357055
2014,26,PSL,8.4,6.0999999,11,5.294117450714111,6.941176414489746,Poland,0.05882349014282227,0.38823528289794923
2014,26,KNP,1.1,0.0,2,9.529411315917969,8.823529243469238,Poland,0.9058822631835938,0.7647058486938476
2014,26,PO,39.2,45.0,4,5.705882549285889,4.588235378265381,Poland,0.14117650985717772,-0.08235292434692383
2014,26,SLD,8.2,5.9000001,5,2.764705896377563,2.764705896377563,Poland,-0.4470588207244874,-0.4470588207244874
2019,26,Wiosnia,2.62,4.1999998,5,1.894736886024475,0.8421052694320679,Poland,-0.621052622795105,-0.8315789461135864
2019,26,Konfederacia,1.16,1.1,1,9.526315689086914,9.526315689086914,Poland,0.9052631378173828,0.9052631378173828
2019,26,PiS,35.29,52.099998,1,7.550000190734863,9.142857551574709,Poland,0.5100000381469727,0.8285715103149418
2019,26,SLD,4.73,5.3000002,5,3.38095235824585,3.571428537368774,Poland,-0.32380952835083,-0.2857142925262452
2019,26,PSL,5.26,4.4000001,11,5.285714149475098,7.099999904632568,Poland,0.05714282989501953,0.4199999809265137
2019,26,PO,19.43,29.700001,4,5.38095235824585,4.666666507720947,Poland,0.07619047164916992,-0.06666669845581055
2019,26,Kukiz,2.98,1.3,9,7.111111164093018,7.611111164093018,Poland,0.4222222328186035,0.5222222328186035
2019,26,Lewica Razem,2.76,,6,1.277777791023254,1.222222208976746,Poland,-0.7444444417953492,-0.7555555582046508
2019,26,Nowo,1.71,1.8,3,5.157894611358643,2.611111164093018,Poland,0.03157892227172852,-0.4777777671813964
2024,26,Nowa Lewica,5.55,4.0999999,5,2.407407522201538,1.75,Poland,-0.5185184955596924,-0.65
2024,26,PSL,14.4,7.0,11,6.535714149475098,6.965517044067383,Poland,0.3071428298950195,0.39310340881347655
2024,26,PO,30.7,34.099998,4,4.928571224212646,3.655172348022461,Poland,-0.01428575515747088,-0.2689655303955078
2024,26,Konfederacja,7.2,3.9000001,1,9.392857551574709,8.413793563842773,Poland,0.8785715103149417,0.6827587127685547
2024,26,PiS,35.4,42.200001,1,7.642857074737549,8.448275566101074,Poland,0.5285714149475098,0.6896551132202149
2024,26,Razem,2.1,1.5,6,1.038461565971375,1.0,Poland,-0.792307686805725,-0.8
2024,26,Polska 2050,7.2,7.1999998,3,5.592592716217041,4.892857074737549,Poland,0.1185185432434082,-0.021428585052490234
2002,27,PSD,36.6,44.900002,5,3.0,6.27,Romania,-0.4,0.2539999999999999
2002,27,PNL,6.9,8.6999998,3,6.64,3.45,Romania,0.32799999999999996,-0.30999999999999994
2002,27,PUR,1.7,0.0,3,5.0,5.14,Romania,0.0,0.027999999999999935
2002,27,UDMR,6.8,7.8000002,8,5.82,3.0,Romania,0.16400000000000006,-0.4
2002,27,PRM,19.5,24.299999,1,8.55,9.73,Romania,0.7100000000000002,0.9460000000000001
2002,27,CDR 2000,5.0,0.0,4,6.29,4.43,Romania,0.258,-0.11400000000000006
2002,27,PDL,7.0,9.0,3,5.09,3.91,Romania,0.01799999999999997,-0.21799999999999997
2006,27,PNL,18.0,19.299999,3,6.7,4.1,Romania,0.34,-0.18000000000000008
2006,27,PDL,13.5,14.5,3,5.78,4.3,Romania,0.15600000000000006,-0.14000000000000004
2006,27,PRM,13.0,14.5,1,7.0,9.5,Romania,0.4,0.9
2006,27,PC,5.3,5.6999998,3,4.78,7.33,Romania,-0.04399999999999995,0.466
2006,27,PSD,31.5,34.0,5,3.0,6.5,Romania,-0.4,0.3
2006,27,UDMR,6.2,6.5999999,8,6.0,5.1,Romania,0.2,0.019999999999999928
2010,27,PNL,18.6,19.5,3,5.849999904632568,4.285714149475098,Romania,0.16999998092651367,-0.14285717010498047
2010,27,UDMR,6.2,6.5999999,8,6.0,4.900000095367432,Romania,0.2,-0.019999980926513672
2010,27,PDL,32.4,34.400002,3,6.550000190734863,5.0,Romania,0.31000003814697263,0.0
2010,27,PSD,31.77,32.900002,5,3.0,5.523809432983398,Romania,-0.4,0.10476188659667969
2010,27,PRM,3.2,0.0,1,5.631578922271729,9.449999809265137,Romania,0.12631578445434588,0.8899999618530273
2010,27,PC,1.32,1.2,3,5.157894611358643,6.523809432983398,Romania,0.03157892227172852,0.3047618865966797
2014,27,UDMR,5.1,4.4000001,8,6.117647171020508,5.6875,Romania,0.22352943420410157,0.1375
2014,27,PDL,15.3,12.6,3,6.647058963775635,5.588235378265381,Romania,0.32941179275512694,0.11764707565307617
2014,27,PP-DD,14.0,11.4,9,4.357142925262451,8.625,Romania,-0.12857141494750976,0.725
2014,27,UNPR,2.1,2.4000001,5,3.428571462631226,7.642857074737549,Romania,-0.3142857074737548,0.5285714149475098
2014,27,PC,2.8,3.2,3,5.529411792755127,7.9375,Romania,0.10588235855102539,0.5875
2014,27,PSD,32.2,36.400002,5,4.117647171020508,7.352941036224365,Romania,-0.17647056579589843,0.47058820724487305
2014,27,PNL,21.5,24.299999,3,6.647058963775635,5.352941036224365,Romania,0.32941179275512694,0.07058820724487305
2019,27,PMP,5.35,5.8000002,4,7.071428775787354,7.214285850524902,Romania,0.4142857551574709,0.4428571701049805
2019,27,PSD,45.48,49.400002,5,3.666666746139526,8.25,Romania,-0.26666665077209484,0.65
2019,27,USR,8.87,9.6000004,3,6.466666698455811,2.625,Romania,0.29333333969116226,-0.475
2019,27,ALDE,5.62,6.4000001,3,6.133333206176758,6.25,Romania,0.22666664123535157,0.25
2019,27,PNL,20.04,22.1,3,7.066666603088379,6.0,Romania,0.4133333206176758,0.2
2019,27,UDMR,6.19,6.6999998,8,5.866666793823242,6.0625,Romania,0.17333335876464845,0.2125
2024,27,PSD,21.96,27.6,5,4.181818008422852,6.636363506317139,Romania,-0.1636363983154297,0.3272727012634277
2024,27,POT,6.46,7.6999998,1,9.928571701049805,9.857142448425291,Romania,0.985714340209961,0.9714284896850582
2024,27,AUR,18.01,20.200001,1,9.136363983154297,9.409090995788574,Romania,0.8272727966308594,0.8818181991577149
2024,27,UDMR,6.33,7.0999999,8,5.590909004211426,6.0,Romania,0.11818180084228516,0.2
2024,27,USR,12.4,12.8,3,5.818181991577148,2.909090995788574,Romania,0.1636363983154297,-0.4181818008422852
2024,27,PNL,13.2,15.7,3,6.272727489471436,5.5,Romania,0.25454549789428726,0.1
2024,27,SOS RO,7.36,9.0,1,9.619047164916992,9.666666984558104,Romania,0.9238094329833985,0.9333333969116208
2002,28,PSNS,3.7,0.0,1,8.5,8.62,Slovakia,0.7,0.7239999999999999
2002,28,KSS,6.3,7.3000002,6,0.64,5.69,Slovakia,-0.8720000000000001,0.13800000000000007
2002,28,KDH,8.3,10.0,2,7.64,7.83,Slovakia,0.5279999999999999,0.5660000000000001
2002,28,Smer,13.5,16.700001,5,3.54,4.46,Slovakia,-0.292,-0.10800000000000001
2002,28,SNS,3.3,0.0,1,8.29,8.77,Slovakia,0.6579999999999998,0.7539999999999999
2002,28,SDKU,15.1,18.700001,4,7.07,3.54,Slovakia,0.41400000000000003,-0.292
2002,28,HZD,3.3,0.0,9,4.23,6.0,Slovakia,-0.15399999999999991,0.2
2002,28,ANO,8.0,10.0,3,6.71,3.54,Slovakia,0.34199999999999997,-0.292
2002,28,SMK,11.2,13.3,8,6.79,5.23,Slovakia,0.358,0.04600000000000008
2002,28,HZDS,19.5,24.5,9,4.38,7.15,Slovakia,-0.12400000000000003,0.43000000000000005
2006,28,SNS,11.7,13.3,1,8.31,8.64,Slovakia,0.6620000000000001,0.7280000000000001
2006,28,SDKU-DS,18.4,20.700001,4,7.31,4.5,Slovakia,0.4619999999999999,-0.1
2006,28,SF,3.47,0.0,3,5.46,3.18,Slovakia,0.092,-0.364
2006,28,SMK,11.7,13.3,8,6.08,5.93,Slovakia,0.21600000000000003,0.18599999999999994
2006,28,LS-HZDS,8.8,10.0,9,5.54,6.14,Slovakia,0.10800000000000001,0.22799999999999992
2006,28,KSS,3.9,0.0,6,0.54,5.69,Slovakia,-0.892,0.13800000000000007
2006,28,Smer,29.1,33.299999,5,3.08,4.43,Slovakia,-0.384,-0.11400000000000006
2006,28,KDH,8.3,9.3000002,2,7.15,8.79,Slovakia,0.43000000000000005,0.7579999999999998
2010,28,SaS,12.1,14.7,3,6.785714149475098,1.571428537368774,Slovakia,0.35714282989501955,-0.6857142925262452
2010,28,SMK,4.33,0.0,8,5.92307710647583,6.571428775787354,Slovakia,0.184615421295166,0.31428575515747087
2010,28,Most,8.1,9.3000002,2,6.07692289352417,5.230769157409668,Slovakia,0.215384578704834,0.046153831481933597
2010,28,KDH,8.5,10.0,2,6.833333492279053,8.357142448425293,Slovakia,0.36666669845581057,0.6714284896850586
2010,28,LS-HZDS,4.32,0.0,9,5.0,7.214285850524902,Slovakia,0.0,0.4428571701049805
2010,28,SNS,5.1,6.0,1,7.84615421295166,9.214285850524902,Slovakia,0.5692308425903321,0.8428571701049805
2010,28,KSS,0.83,0.0,6,0.692307710647583,6.599999904632568,Slovakia,-0.8615384578704834,0.31999998092651366
2010,28,Smer,34.8,41.299999,5,3.357142925262451,5.692307472229004,Slovakia,-0.32857141494750974,0.13846149444580078
2010,28,SDKU-DS,15.4,18.700001,4,6.642857074737549,5.142857074737549,Slovakia,0.32857141494750974,0.028571414947509765
2014,28,SDKU-DS,6.1,7.3000002,4,6.857142925262451,5.307692527770996,Slovakia,0.3714285850524902,0.06153850555419922
2014,28,SaS,5.9,7.3000002,3,7.285714149475098,2.785714387893677,Slovakia,0.45714282989501953,-0.44285712242126457
2014,28,Smer-SD,44.4,55.299999,5,3.692307710647583,6.928571224212646,Slovakia,-0.2615384578704834,0.38571424484252914
2014,28,KDH,8.8,10.7,2,6.928571224212646,8.928571701049805,Slovakia,0.38571424484252914,0.7857143402099609
2014,28,MH,6.9,8.6999998,2,6.214285850524902,5.785714149475098,Slovakia,0.24285717010498048,0.15714282989501954
2014,28,SNS,4.6,0.0,1,8.357142448425293,9.357142448425291,Slovakia,0.6714284896850586,0.8714284896850583
2014,28,OLaNO,8.6,10.7,2,6.5,8.083333015441895,Slovakia,0.3,0.616666603088379
2014,28,SMK-MKP,4.3,0.0,8,6.769230842590332,7.5,Slovakia,0.3538461685180664,0.5
2019,28,LSNS,8.04,9.3000002,1,9.3125,9.8125,Slovakia,0.8625,0.9625
2019,28,Sme Rodina,6.63,7.3000002,1,7.133333206176758,8.4375,Slovakia,0.4266666412353516,0.6875
2019,28,KDH,4.94,0.0,2,6.625,8.0625,Slovakia,0.325,0.6125
2019,28,OLaNO,11.03,12.7,2,6.571428775787354,6.785714149475098,Slovakia,0.31428575515747087,0.35714282989501955
2019,28,SaS,12.1,14.0,3,7.0,3.1875,Slovakia,0.4,-0.3625
2019,28,MH,6.5,7.3000002,2,5.199999809265137,4.8125,Slovakia,0.039999961853027344,-0.0375
2019,28,SNS,8.64,10.0,1,7.4375,8.9375,Slovakia,0.4875,0.7875
2019,28,SMK-MKP,4.05,0.0,8,5.92307710647583,7.142857074737549,Slovakia,0.184615421295166,0.4285714149475098
2019,28,Siet,5.61,6.6999998,9,5.75,4.0,Slovakia,0.15,-0.2
2019,28,Smer-SD,28.28,32.700001,5,4.25,7.875,Slovakia,-0.15,0.575
2024,28,Smer-SD,23.0,28.0,5,4.777777671813965,8.947368621826172,Slovakia,-0.04444446563720703,0.7894737243652343
2024,28,PS,18.0,21.299999,3,4.55555534362793,1.75,Slovakia,-0.08888893127441407,-0.65
2024,28,SaS,6.3,7.3000002,3,6.777777671813965,2.200000047683716,Slovakia,0.35555553436279297,-0.5599999904632569
2024,28,OLaNO,8.9,10.7,2,6.117647171020508,7.349999904632568,Slovakia,0.22352943420410157,0.4699999809265137
2024,28,Aliancia,4.39,0.0,8,7.071428775787354,7.875,Slovakia,0.4142857551574709,0.575
2024,28,KDH,6.8,8.0,2,6.94444465637207,8.100000381469727,Slovakia,0.38888893127441404,0.6200000762939453
2024,28,Republika,4.75,0.0,1,9.11111068725586,9.8421049118042,Slovakia,0.8222221374511719,0.9684209823608398
2024,28,Hlas,14.7,18.0,5,4.0,6.099999904632568,Slovakia,-0.2,0.21999998092651368
2024,28,SNS,5.6,6.6999998,1,8.5,9.550000190734863,Slovakia,0.7,0.9100000381469726
2002,29,LDS,36.3,37.799999,3,4.2,3.0,Slovenia,-0.15999999999999998,-0.4
2002,29,SMS,4.3,4.4000001,9,4.4,3.2,Slovenia,-0.11999999999999993,-0.36
2002,29,NSI,8.6,8.8999996,4,7.0,7.8,Slovenia,0.4,0.5599999999999999
2002,29,ZLSD,12.1,12.2,5,3.6,3.8,Slovenia,-0.27999999999999997,-0.24000000000000005
2002,29,DeSUS,5.2,4.4000001,9,3.4,5.8,Slovenia,-0.32,0.15999999999999998
2002,29,SNS,4.4,4.4000001,1,3.6,5.6,Slovenia,-0.27999999999999997,0.11999999999999993
2002,29,SDS,15.8,15.6,2,6.4,5.8,Slovenia,0.2800000000000001,0.15999999999999998
2002,29,SLS-SKD,9.6,10.0,4,6.8,7.2,Slovenia,0.36,0.44000000000000006
2006,29,SLS,6.8,7.8000002,4,6.4,8.0,Slovenia,0.2800000000000001,0.6
2006,29,ZLSD,10.2,11.1,5,3.6,2.8,Slovenia,-0.27999999999999997,-0.44000000000000006
2006,29,SNS,6.3,6.6999998,1,6.0,6.8,Slovenia,0.2,0.36
2006,29,NSI,9.0,10.0,4,8.4,8.8,Slovenia,0.68,0.7600000000000001
2006,29,LDS,22.8,25.6,3,3.4,2.8,Slovenia,-0.32,-0.44000000000000006
2006,29,AS,3.0,0.0,7,4.6,2.6,Slovenia,-0.08000000000000007,-0.48
2006,29,DeSUS,4.0,4.4000001,9,3.2,4.5,Slovenia,-0.36,-0.1
2006,29,SDS,29.1,32.200001,2,7.4,7.4,Slovenia,0.4800000000000001,0.4800000000000001
2010,29,SD,30.5,32.200001,5,3.666666507720947,2.5,Slovenia,-0.26666669845581065,-0.5
2010,29,SNS,5.4,5.5999999,1,8.0,8.5,Slovenia,0.6,0.7
2010,29,LDS,5.21,5.5999999,3,4.75,1.583333253860474,Slovenia,-0.05,-0.6833333492279052
2010,29,DeSUS,7.5,7.8000002,9,4.25,5.166666507720947,Slovenia,-0.15,0.03333330154418945
2010,29,SDS,29.3,31.1,2,6.916666507720947,7.75,Slovenia,0.38333330154418943,0.55
2010,29,NSI,3.4,0.0,4,7.818181991577148,9.333333015441896,Slovenia,0.5636363983154297,0.8666666030883793
2010,29,SLS-SMS,5.2,5.5999999,4,6.833333492279053,7.833333015441895,Slovenia,0.36666669845581057,0.5666666030883791
2010,29,Zares,9.4,10.0,3,3.916666507720947,1.75,Slovenia,-0.21666669845581063,-0.65
2014,29,SMC,34.5,40.0,3,5.25,4.384615421295166,Slovenia,0.05,-0.1230769157409668
2014,29,PS,3.0,0.0,5,3.384615421295166,3.461538553237915,Slovenia,-0.3230769157409668,-0.307692289352417
2014,29,NSI,5.6,5.5999999,4,7.846153736114502,8.307692527770996,Slovenia,0.5692307472229003,0.6615385055541992
2014,29,SD,6.0,6.6999998,5,3.153846263885498,3.538461446762085,Slovenia,-0.3692307472229004,-0.292307710647583
2014,29,ZaAB,4.4,4.4000001,9,4.153846263885498,3.333333253860474,Slovenia,-0.16923074722290038,-0.3333333492279052
2014,29,SDS,20.7,23.299999,2,8.692307472229004,8.384614944458008,Slovenia,0.7384614944458008,0.6769229888916015
2014,29,DeSUS,10.2,11.1,9,4.153846263885498,5.307692527770996,Slovenia,-0.16923074722290038,0.06153850555419922
2014,29,ZL,6.0,6.6999998,5,1.0,1.307692289352417,Slovenia,-0.8,-0.7384615421295166
2014,29,SLS,4.0,0.0,4,6.461538314819336,7.07692289352417,Slovenia,0.2923076629638672,0.415384578704834
2019,29,NSI,7.16,8.0,4,7.5,8.0,Slovenia,0.5,0.6
2019,29,SNS,4.17,4.5,1,8.714285850524902,8.466666221618652,Slovenia,0.7428571701049804,0.6933332443237304
2019,29,SDS,24.92,28.4,2,8.642857551574707,8.733333587646484,Slovenia,0.7285715103149414,0.7466667175292969
2019,29,Levica,9.33,10.2,5,0.7142857313156128,1.0,Slovenia,-0.8571428537368775,-0.8
2019,29,AB,5.11,5.6999998,9,4.214285850524902,3.333333253860474,Slovenia,-0.15714282989501954,-0.3333333492279052
2019,29,DeSUS,4.93,5.6999998,9,3.769230842590332,5.066666603088379,Slovenia,-0.2461538314819336,0.013333320617675781
2019,29,SD,9.93,11.4,5,2.571428537368774,2.533333301544189,Slovenia,-0.4857142925262452,-0.4933333396911622
2019,29,LMS,12.6,14.8,3,4.357142925262451,4.642857074737549,Slovenia,-0.12857141494750976,-0.07142858505249024
2019,29,SMC,9.75,11.4,3,4.785714149475098,4.066666603088379,Slovenia,-0.04285717010498047,-0.18666667938232423
2024,29,SD,6.69,8.0,5,3.071428537368774,2.599999904632568,Slovenia,-0.38571429252624523,-0.48000001907348644
2024,29,NSi,6.86,9.1000004,4,7.428571224212646,7.875,Slovenia,0.4857142448425291,0.575
2024,29,Levica,4.46,5.6999998,5,1.214285731315613,1.5625,Slovenia,-0.7571428537368774,-0.6875
2024,29,SDS,23.48,30.700001,2,8.5,8.5625,Slovenia,0.7,0.7125
2024,29,GS,34.45,46.599998,3,3.769230842590332,3.142857074737549,Slovenia,-0.2461538314819336,-0.3714285850524902
2024,29,Vesna,1.35,0.0,7,3.642857074737549,2.625,Slovenia,-0.27142858505249023,-0.475
2024,29,Resni.ca,2.86,0.0,1,8.083333015441895,8.384614944458008,Slovenia,0.616666603088379,0.6769229888916015
2024,29,SLS,3.41,0.0,4,7.92307710647583,7.5,Slovenia,0.584615421295166,0.5
2014,31,SDP,31.3,40.400002,5,3.555555582046509,2.25,Croatia,-0.28888888359069825,-0.55
2014,31,HDZ,21.9,27.200001,4,7.333333492279053,8.25,Croatia,0.46666669845581055,0.65
2014,31,HSP,3.0,0.0,2,9.25,9.375,Croatia,0.85,0.875
2014,31,IDS,1.5,2.0,8,3.333333253860474,1.875,Croatia,-0.3333333492279052,-0.625
2014,31,HDSSB,3.0,4.0,8,8.44444465637207,8.625,Croatia,0.6888889312744141,0.725
2014,31,HSS,0.6,0.69999999,11,7.111111164093018,8.75,Croatia,0.4222222328186035,0.75
2014,31,HSLS,3.0,0.0,3,5.333333492279053,3.25,Croatia,0.06666669845581055,-0.35
2014,31,HSP-AS,0.6,0.69999999,2,9.0,9.25,Croatia,0.8,0.85
2014,31,HL-SR,4.2,4.0,5,2.0,2.125,Croatia,-0.6,-0.575
2014,31,HNS,6.7,8.6000004,3,4.0,1.75,Croatia,-0.2,-0.65
2019,31,ZZ,5.92,5.4000001,9,4.789473533630371,4.956521511077881,Croatia,-0.04210529327392578,-0.008695697784423828
2019,31,HSLS,0.58,0.69999999,3,5.34782600402832,3.545454502105713,Croatia,0.06956520080566406,-0.2909090995788574
2019,31,HSS,2.98,3.4000001,11,4.666666507720947,4.666666507720947,Croatia,-0.06666669845581055,-0.06666669845581055
2019,31,HDSSB,1.19,0.69999999,8,8.409090995788574,8.545454978942871,Croatia,0.6818181991577148,0.7090909957885743
2019,31,SDSS,2.0,2.0,5,3.083333253860474,2.904761791229248,Croatia,-0.3833333492279052,-0.4190476417541504
2019,31,MB 365,3.8,1.4,5,5.636363506317139,6.043478488922119,Croatia,0.12727270126342774,0.20869569778442382
2019,31,HSU,0.6,0.69999999,9,4.400000095367432,4.941176414489746,Croatia,-0.11999998092651368,-0.011764717102050782
2019,31,Most,9.43,8.8000002,2,7.82608699798584,8.5,Croatia,0.565217399597168,0.7
2019,31,SDP,23.26,26.5,5,3.416666746139526,2.291666746139526,Croatia,-0.3166666507720948,-0.5416666507720949
2019,31,HNS,5.37,6.0999999,3,4.291666507720947,1.916666626930237,Croatia,-0.14166669845581054,-0.6166666746139526
2019,31,IDS,2.18,2.0,8,3.25,1.333333373069763,Croatia,-0.35,-0.7333333253860473
2019,31,HDZ,34.59,41.5,4,6.875,7.125,Croatia,0.375,0.425
2019,31,NS-R,1.54,0.69999999,3,4.636363506317139,2.954545497894287,Croatia,-0.07272729873657227,-0.4090909004211426
2024,31,Centar,1.2,1.4,3,4.722222328186035,3.125,Croatia,-0.055555534362792966,-0.375
2024,31,M!,9.1,6.9000001,7,2.277777671813965,1.235294103622437,Croatia,-0.544444465637207,-0.7529411792755126
2024,31,Most,8.02,7.5999999,2,7.777777671813965,8.117647171020508,Croatia,0.5555555343627929,0.6235294342041016
2024,31,SDSS,1.4,2.0999999,5,3.722222328186035,3.764705896377563,Croatia,-0.255555534362793,-0.2470588207244874
2024,31,SDP,24.2,29.0,5,3.666666746139526,3.235294103622437,Croatia,-0.26666665077209484,-0.3529411792755126
2024,31,IDS,2.25,1.4,8,4.0,3.0,Croatia,-0.2,-0.4
2024,31,HDZ,34.42,42.099998,4,6.44444465637207,6.411764621734619,Croatia,0.28888893127441406,0.28235292434692383
2024,31,DPS,9.56,9.6999998,1,8.94444465637207,9.117647171020508,Croatia,0.7888889312744141,0.8235294342041015
2014,37,PN,43.3,43.5,2,6.5,4.75,Norway,0.3,-0.05
2014,37,PL,54.8,56.5,5,5.0,2.25,Norway,0.0,-0.55
2019,37,PL,55.04,55.200001,5,6.142857074737549,2.0,Norway,0.22857141494750977,-0.6
2019,37,PN,43.68,44.799999,2,6.142857074737549,6.571428775787354,Norway,0.22857141494750977,0.31428575515747087
2024,37,PL,55.11,55.700001,5,6.333333492279053,3.333333253860474,Norway,0.26666669845581054,-0.3333333492279052
2024,37,PN,41.74,44.299999,2,6.666666507720947,6.333333492279053,Norway,0.33333330154418944,0.26666669845581054
2014,38,LSAP,20.3,21.700001,5,4.0,1.0,Switzerland,-0.2,-0.8
2014,38,DL,4.9,3.3,6,0.5,0.5,Switzerland,-0.9,-0.9
2014,38,CSV,33.7,38.299999,4,6.5,6.0,Switzerland,0.3,0.2
2014,38,DP,18.3,21.700001,3,5.0,0.5,Switzerland,0.0,-0.9
2014,38,GRENG,10.1,10.0,7,3.0,0.5,Switzerland,-0.4,-0.9
2014,38,ADR,6.6,5.0,2,8.0,8.5,Switzerland,0.6,0.7
2019,38,ADR,8.02,6.6999998,2,8.0,8.0,Switzerland,0.6,0.6
2019,38,DP,16.4,20.0,3,5.5,4.0,Switzerland,0.1,-0.2
2019,38,DL,4.72,3.3,6,1.5,2.5,Switzerland,-0.7,-0.5
2019,38,LSAP,15.72,16.700001,5,4.0,4.0,Switzerland,-0.2,-0.2
2019,38,CSV,27.08,35.0,4,6.0,6.0,Switzerland,0.2,0.2
2019,38,PPLU,6.2,3.3,9,5.0,5.0,Switzerland,0.0,0.0
2019,38,Greng,14.1,15.0,7,4.5,3.0,Switzerland,-0.1,-0.4
2014,40,DISY,34.3,35.700001,2,7.5,6.0,Malta,0.5,0.2
2014,40,EVROKO,3.9,3.5999999,2,8.666666984558105,7.25,Malta,0.7333333969116211,0.45
2014,40,AKEL,32.7,33.900002,6,2.0,3.25,Malta,-0.6,-0.35
2014,40,EDEK,8.9,8.8999996,5,4.75,4.5,Malta,-0.05,-0.1
2014,40,KOP,2.2,1.8,7,5.25,4.0,Malta,0.05,-0.2
2014,40,DIKO,15.8,16.1,2,6.0,6.25,Malta,0.2,0.25
2019,40,KOP,4.81,3.5999999,7,4.5,3.0,Malta,-0.1,-0.4
2019,40,EDEK,6.18,5.4000001,5,4.5,6.0,Malta,-0.1,0.2
2019,40,AKEL,25.67,28.6,6,3.0,2.5,Malta,-0.4,-0.5
2019,40,DIKO,14.49,16.1,2,5.5,6.0,Malta,0.1,0.2
2019,40,DISY,30.69,32.099998,2,7.5,6.5,Malta,0.5,0.3
2019,40,KINHMA,5.24,5.4000001,2,7.0,7.5,Malta,0.4,0.5
2019,40,ELAM,3.71,3.5999999,1,10.0,10.0,Malta,1.0,1.0
2019,40,SYM,6.01,5.4000001,8,4.5,3.5,Malta,-0.1,-0.3
2024,40,AKEL,22.34,26.799999,6,2.0,2.400000095367432,Malta,-0.6,-0.5199999809265136
2024,40,DISY,27.77,30.4,2,7.199999809265137,5.800000190734863,Malta,0.43999996185302737,0.16000003814697267
2024,40,KOSP,4.41,5.4000001,7,4.400000095367432,2.799999952316284,Malta,-0.11999998092651368,-0.4400000095367432
2024,40,DIPA,6.1,7.0999999,3,5.400000095367432,6.400000095367432,Malta,0.08000001907348633,0.2800000190734863
2024,40,EDEK,6.72,7.0999999,5,5.199999809265137,5.400000095367432,Malta,0.039999961853027344,0.08000001907348633
2024,40,DIKO,11.29,16.1,2,5.800000190734863,6.800000190734863,Malta,0.16000003814697267,0.3600000381469727
2024,40,ELAM,6.78,7.0999999,1,9.399999618530272,9.199999809265137,Malta,0.8799999237060543,0.8399999618530274
